{
  "type": "FeatureCollection",
  "features": [
    {
      "type": "Feature",
      "geometry": {
        "type": "Polygon",
        "coordinates": [
          [
            [
              63.86,
              -168.71
            ],
            [
              74.99,
              -162.06
            ],
            [
              69.59,
              -153.02
            ],
            [
              58.46,
              -159.67
            ],
            [
              63.86,
              -168.71
            ]
          ]
        ]
      },
      "properties": {
        "id": 1,
        "type": "BUILDING",
        "name": "Halfling Grain Co.",
        "buildingType": "SHOP",
        "material": "STONE_BRICK"
      }
    },
    {
      "type": "Feature",
      "geometry": {
        "type": "Polygon",
        "coordinates": [
          [
            [
              8.52,
              -197.38
            ],
            [
              20.32,
              -192.16
            ],
            [
              16.21,
              -182.85
            ],
            [
              4.42,
              -188.01
            ],
            [
              8.52,
              -197.38
            ]
          ]
        ]
      },
      "properties": {
        "id": 2,
        "type": "BUILDING",
        "name": "The Gamgirdle Linen-draper",
        "buildingType": "SHOP",
        "material": "STONE_BRICK"
      }
    },
    {
      "type": "Feature",
      "geometry": {
        "type": "Polygon",
        "coordinates": [
          [
            [
              183.94,
              126.19
            ],
            [
              191.69,
              132.74
            ],
            [
              185.55,
              140.01
            ],
            [
              177.81,
              133.47
            ],
            [
              183.94,
              126.19
            ]
          ]
        ]
      },
      "properties": {
        "id": 3,
        "type": "BUILDING",
        "name": "The Distinguished Fiber Shop",
        "buildingType": "SHOP",
        "material": "STONE_BRICK"
      }
    },
    {
      "type": "Feature",
      "geometry": {
        "type": "Polygon",
        "coordinates": [
          [
            [
              -137.91,
              -268.3
            ],
            [
              -131.43,
              -265.46
            ],
            [
              -125.77,
              -278.42
            ],
            [
              -132.24,
              -281.25
            ],
            [
              -137.91,
              -268.3
            ]
          ]
        ]
      },
      "properties": {
        "id": 4,
        "type": "BUILDING",
        "name": "Farm",
        "buildingType": "FARM",
        "material": "WOOD"
      }
    },
    {
      "type": "Feature",
      "geometry": {
        "type": "Polygon",
        "coordinates": [
          [
            [
              -136.04,
              -187.44
            ],
            [
              -126.06,
              -180
            ],
            [
              -132.03,
              -171.99
            ],
            [
              -142.38,
              -179.54
            ],
            [
              -143.06,
              -180.2
            ],
            [
              -136.04,
              -187.44
            ]
          ]
        ]
      },
      "properties": {
        "id": 5,
        "type": "BUILDING",
        "name": "Peraga's Spice Shop",
        "buildingType": "SHOP",
        "material": "STONE_BRICK"
      }
    },
    {
      "type": "Feature",
      "geometry": {
        "type": "Polygon",
        "coordinates": [
          [
            [
              -241.7,
              92.44
            ],
            [
              -239.81,
              88.12
            ],
            [
              -248.45,
              84.34
            ],
            [
              -247.5,
              82.18
            ],
            [
              -251.82,
              80.29
            ],
            [
              -254.66,
              86.77
            ],
            [
              -241.7,
              92.44
            ]
          ]
        ]
      },
      "properties": {
        "id": 6,
        "type": "BUILDING",
        "name": "Farm",
        "buildingType": "FARM",
        "material": "WOOD"
      }
    },
    {
      "type": "Feature",
      "geometry": {
        "type": "Polygon",
        "coordinates": [
          [
            [
              429.02,
              -204.47
            ],
            [
              421.97,
              -205
            ],
            [
              420.91,
              -190.9
            ],
            [
              427.96,
              -190.37
            ],
            [
              429.02,
              -204.47
            ]
          ]
        ]
      },
      "properties": {
        "id": 7,
        "type": "BUILDING",
        "name": "Farm",
        "buildingType": "FARM",
        "material": "WOOD"
      }
    },
    {
      "type": "Feature",
      "geometry": {
        "type": "Polygon",
        "coordinates": [
          [
            [
              167.97,
              -106.86
            ],
            [
              177.09,
              -102.42
            ],
            [
              172.53,
              -93.11
            ],
            [
              162.65,
              -97.95
            ],
            [
              167.97,
              -106.86
            ]
          ]
        ]
      },
      "properties": {
        "id": 8,
        "type": "BUILDING",
        "name": "Tinker Vegetables Co.",
        "buildingType": "SHOP",
        "material": "STONE_BRICK"
      }
    },
    {
      "type": "Feature",
      "geometry": {
        "type": "Polygon",
        "coordinates": [
          [
            [
              -88.04,
              55.5
            ],
            [
              -86.15,
              51.18
            ],
            [
              -94.79,
              47.4
            ],
            [
              -93.85,
              45.24
            ],
            [
              -98.17,
              43.35
            ],
            [
              -101,
              49.83
            ],
            [
              -88.04,
              55.5
            ]
          ]
        ]
      },
      "properties": {
        "id": 9,
        "type": "BUILDING",
        "name": "Farm",
        "buildingType": "FARM",
        "material": "WOOD"
      }
    },
    {
      "type": "Feature",
      "geometry": {
        "type": "Polygon",
        "coordinates": [
          [
            [
              280.17,
              -599.87
            ],
            [
              275.74,
              -605.38
            ],
            [
              264.71,
              -596.52
            ],
            [
              269.14,
              -591.01
            ],
            [
              280.17,
              -599.87
            ]
          ]
        ]
      },
      "properties": {
        "id": 10,
        "type": "BUILDING",
        "name": "Farm",
        "buildingType": "FARM",
        "material": "WOOD"
      }
    },
    {
      "type": "Feature",
      "geometry": {
        "type": "Polygon",
        "coordinates": [
          [
            [
              67.77,
              -146.95
            ],
            [
              78.9,
              -140.3
            ],
            [
              73.28,
              -130.83
            ],
            [
              62.12,
              -137.49
            ],
            [
              67.77,
              -146.95
            ]
          ]
        ]
      },
      "properties": {
        "id": 11,
        "type": "BUILDING",
        "name": "Prestigious Pepper",
        "buildingType": "SHOP",
        "material": "STONE_BRICK"
      }
    },
    {
      "type": "Feature",
      "geometry": {
        "type": "Polygon",
        "coordinates": [
          [
            [
              -36.21,
              -207.72
            ],
            [
              -27.41,
              -201.9
            ],
            [
              -33.4,
              -193.74
            ],
            [
              -41.79,
              -199.28
            ],
            [
              -36.21,
              -207.72
            ]
          ]
        ]
      },
      "properties": {
        "id": 12,
        "type": "BUILDING",
        "name": "Paladin Grain Co.",
        "buildingType": "SHOP",
        "material": "STONE_BRICK"
      }
    },
    {
      "type": "Feature",
      "geometry": {
        "type": "Polygon",
        "coordinates": [
          [
            [
              -809.84,
              -475.69
            ],
            [
              -804.58,
              -480.42
            ],
            [
              -814.04,
              -490.94
            ],
            [
              -819.3,
              -486.21
            ],
            [
              -809.84,
              -475.69
            ]
          ]
        ]
      },
      "properties": {
        "id": 13,
        "type": "BUILDING",
        "name": "Farm",
        "buildingType": "FARM",
        "material": "WOOD"
      }
    },
    {
      "type": "Feature",
      "geometry": {
        "type": "Polygon",
        "coordinates": [
          [
            [
              -27.57,
              -112.2
            ],
            [
              -19.09,
              -105.99
            ],
            [
              -26.54,
              -95.81
            ],
            [
              -33.47,
              -104.15
            ],
            [
              -27.57,
              -112.2
            ]
          ]
        ]
      },
      "properties": {
        "id": 14,
        "type": "BUILDING",
        "name": "The Enchanting Bookbinder",
        "buildingType": "ARTISAN",
        "material": "STONE_BRICK"
      }
    },
    {
      "type": "Feature",
      "geometry": {
        "type": "Polygon",
        "coordinates": [
          [
            [
              381.36,
              -859.34
            ],
            [
              378.35,
              -862.97
            ],
            [
              371.09,
              -856.94
            ],
            [
              369.59,
              -858.76
            ],
            [
              365.96,
              -855.75
            ],
            [
              370.48,
              -850.31
            ],
            [
              381.36,
              -859.34
            ]
          ]
        ]
      },
      "properties": {
        "id": 15,
        "type": "BUILDING",
        "name": "The Twinkling Hauling Co.",
        "buildingType": "INDUSTRIAL",
        "material": "WOOD"
      }
    },
    {
      "type": "Feature",
      "geometry": {
        "type": "Polygon",
        "coordinates": [
          [
            [
              -62.81,
              -112.78
            ],
            [
              -55.81,
              -102.32
            ],
            [
              -64.83,
              -96.28
            ],
            [
              -71.85,
              -106.69
            ],
            [
              -62.81,
              -112.78
            ]
          ]
        ]
      },
      "properties": {
        "id": 16,
        "type": "BUILDING",
        "name": "The Educated School",
        "buildingType": "EDUCATIONAL",
        "material": "STONE_BRICK"
      }
    },
    {
      "type": "Feature",
      "geometry": {
        "type": "Polygon",
        "coordinates": [
          [
            [
              113.04,
              46.79
            ],
            [
              121.97,
              56.54
            ],
            [
              113.85,
              63.98
            ],
            [
              104.93,
              54.21
            ],
            [
              113.04,
              46.79
            ]
          ]
        ]
      },
      "properties": {
        "id": 17,
        "type": "BUILDING",
        "name": "The Handsome Wool",
        "buildingType": "SHOP",
        "material": "STONE_BRICK"
      }
    },
    {
      "type": "Feature",
      "geometry": {
        "type": "Polygon",
        "coordinates": [
          [
            [
              120.5,
              -169.04
            ],
            [
              128.45,
              -161.99
            ],
            [
              121.23,
              -154
            ],
            [
              112,
              -159.44
            ],
            [
              120.5,
              -169.04
            ]
          ]
        ]
      },
      "properties": {
        "id": 18,
        "type": "BUILDING",
        "name": "The Treesk Residence",
        "buildingType": "RESIDENCE",
        "material": "STONE_BRICK"
      }
    },
    {
      "type": "Feature",
      "geometry": {
        "type": "Polygon",
        "coordinates": [
          [
            [
              48.6,
              -128.28
            ],
            [
              57.32,
              -121.76
            ],
            [
              50.49,
              -112.62
            ],
            [
              41.77,
              -119.15
            ],
            [
              48.6,
              -128.28
            ]
          ]
        ]
      },
      "properties": {
        "id": 19,
        "type": "BUILDING",
        "name": "The Wrinkled Lantern Stone Shop",
        "buildingType": "SHOP",
        "material": "STONE_BRICK"
      }
    },
    {
      "type": "Feature",
      "geometry": {
        "type": "Polygon",
        "coordinates": [
          [
            [
              -112.01,
              -169.87
            ],
            [
              -103.03,
              -159.85
            ],
            [
              -110.85,
              -152.83
            ],
            [
              -119.84,
              -162.85
            ],
            [
              -112.01,
              -169.87
            ]
          ]
        ]
      },
      "properties": {
        "id": 20,
        "type": "BUILDING",
        "name": "The Heasivalsa Residence",
        "buildingType": "RESIDENCE",
        "material": "STONE_BRICK"
      }
    },
    {
      "type": "Feature",
      "geometry": {
        "type": "Polygon",
        "coordinates": [
          [
            [
              5.69,
              -31.2
            ],
            [
              14.59,
              -24.68
            ],
            [
              7.22,
              -14.63
            ],
            [
              -1.62,
              -21.21
            ],
            [
              5.69,
              -31.2
            ]
          ]
        ]
      },
      "properties": {
        "id": 21,
        "type": "BUILDING",
        "name": "The Slateforge Residence",
        "buildingType": "RESIDENCE",
        "material": "STONE_BRICK"
      }
    },
    {
      "type": "Feature",
      "geometry": {
        "type": "Polygon",
        "coordinates": [
          [
            [
              -89.31,
              -170.29
            ],
            [
              -80.45,
              -160.41
            ],
            [
              -88.57,
              -152.93
            ],
            [
              -97.53,
              -162.92
            ],
            [
              -89.31,
              -170.29
            ]
          ]
        ]
      },
      "properties": {
        "id": 22,
        "type": "BUILDING",
        "name": "The Broken Tinker",
        "buildingType": "TAVERN",
        "material": "STONE_BRICK"
      }
    },
    {
      "type": "Feature",
      "geometry": {
        "type": "Polygon",
        "coordinates": [
          [
            [
              -29.59,
              16.56
            ],
            [
              -21.16,
              22.83
            ],
            [
              -29.16,
              33.58
            ],
            [
              -37.59,
              27.3
            ],
            [
              -29.59,
              16.56
            ]
          ]
        ]
      },
      "properties": {
        "id": 23,
        "type": "BUILDING",
        "name": "The Bull and Hedgehog",
        "buildingType": "TAVERN",
        "material": "STONE_BRICK"
      }
    },
    {
      "type": "Feature",
      "geometry": {
        "type": "Polygon",
        "coordinates": [
          [
            [
              41.65,
              -96
            ],
            [
              51.62,
              -88.55
            ],
            [
              45.2,
              -79.88
            ],
            [
              35.19,
              -87.36
            ],
            [
              41.65,
              -96
            ]
          ]
        ]
      },
      "properties": {
        "id": 24,
        "type": "BUILDING",
        "name": "Roperhouse's Greengrocery",
        "buildingType": "SHOP",
        "material": "STONE_BRICK"
      }
    },
    {
      "type": "Feature",
      "geometry": {
        "type": "Polygon",
        "coordinates": [
          [
            [
              12.63,
              -63.94
            ],
            [
              24.01,
              -55.61
            ],
            [
              16.68,
              -48.2
            ],
            [
              6.55,
              -55.62
            ],
            [
              12.63,
              -63.94
            ]
          ]
        ]
      },
      "properties": {
        "id": 25,
        "type": "BUILDING",
        "name": "Celebrated Yarn",
        "buildingType": "SHOP",
        "material": "STONE_BRICK"
      }
    },
    {
      "type": "Feature",
      "geometry": {
        "type": "Polygon",
        "coordinates": [
          [
            [
              -49.21,
              -122.45
            ],
            [
              -42.88,
              -112.93
            ],
            [
              -51.08,
              -105.92
            ],
            [
              -58.14,
              -116.47
            ],
            [
              -49.21,
              -122.45
            ]
          ]
        ]
      },
      "properties": {
        "id": 26,
        "type": "BUILDING",
        "name": "The Twogin Residence",
        "buildingType": "RESIDENCE",
        "material": "STONE_BRICK"
      }
    },
    {
      "type": "Feature",
      "geometry": {
        "type": "Polygon",
        "coordinates": [
          [
            [
              147.62,
              -184.91
            ],
            [
              158.44,
              -175.32
            ],
            [
              151.43,
              -167.41
            ],
            [
              142.17,
              -175.62
            ],
            [
              147.62,
              -184.91
            ]
          ]
        ]
      },
      "properties": {
        "id": 27,
        "type": "BUILDING",
        "name": "The Dwinannia Leather Shop",
        "buildingType": "SHOP",
        "material": "STONE_BRICK"
      }
    },
    {
      "type": "Feature",
      "geometry": {
        "type": "Polygon",
        "coordinates": [
          [
            [
              55.27,
              -154.26
            ],
            [
              66.41,
              -147.6
            ],
            [
              60.83,
              -138.26
            ],
            [
              49.69,
              -144.91
            ],
            [
              55.27,
              -154.26
            ]
          ]
        ]
      },
      "properties": {
        "id": 28,
        "type": "BUILDING",
        "name": "The Baikaen Residence",
        "buildingType": "RESIDENCE",
        "material": "STONE_BRICK"
      }
    },
    {
      "type": "Feature",
      "geometry": {
        "type": "Polygon",
        "coordinates": [
          [
            [
              202.02,
              -93.57
            ],
            [
              213.51,
              -91.4
            ],
            [
              211.38,
              -81.07
            ],
            [
              200.1,
              -83.4
            ],
            [
              202.02,
              -93.57
            ]
          ]
        ]
      },
      "properties": {
        "id": 29,
        "type": "BUILDING",
        "name": "The Brocksmoke Residence",
        "buildingType": "RESIDENCE",
        "material": "STONE_BRICK"
      }
    },
    {
      "type": "Feature",
      "geometry": {
        "type": "Polygon",
        "coordinates": [
          [
            [
              -38.67,
              28.62
            ],
            [
              -29.8,
              35.22
            ],
            [
              -38.92,
              45.34
            ],
            [
              -47.12,
              37.96
            ],
            [
              -38.67,
              28.62
            ]
          ]
        ]
      },
      "properties": {
        "id": 30,
        "type": "BUILDING",
        "name": "Lightseeker's Plasterer",
        "buildingType": "ARTISAN",
        "material": "STONE_BRICK"
      }
    },
    {
      "type": "Feature",
      "geometry": {
        "type": "Polygon",
        "coordinates": [
          [
            [
              24.02,
              -158.26
            ],
            [
              33.48,
              -152.61
            ],
            [
              28.01,
              -143.47
            ],
            [
              18.56,
              -149.11
            ],
            [
              24.02,
              -158.26
            ]
          ]
        ]
      },
      "properties": {
        "id": 31,
        "type": "BUILDING",
        "name": "The Heasizea Residence",
        "buildingType": "RESIDENCE",
        "material": "STONE_BRICK"
      }
    },
    {
      "type": "Feature",
      "geometry": {
        "type": "Polygon",
        "coordinates": [
          [
            [
              117.91,
              -116.8
            ],
            [
              129.06,
              -110.15
            ],
            [
              123.5,
              -100.84
            ],
            [
              112.35,
              -107.49
            ],
            [
              117.91,
              -116.8
            ]
          ]
        ]
      },
      "properties": {
        "id": 32,
        "type": "BUILDING",
        "name": "The Alnavor Residence",
        "buildingType": "RESIDENCE",
        "material": "STONE_BRICK"
      }
    },
    {
      "type": "Feature",
      "geometry": {
        "type": "Polygon",
        "coordinates": [
          [
            [
              -32.63,
              -18.42
            ],
            [
              -24.23,
              -12.16
            ],
            [
              -29.98,
              -4.44
            ],
            [
              -38.39,
              -10.69
            ],
            [
              -32.63,
              -18.42
            ]
          ]
        ]
      },
      "properties": {
        "id": 33,
        "type": "BUILDING",
        "name": "Birch Flax",
        "buildingType": "SHOP",
        "material": "STONE_BRICK"
      }
    },
    {
      "type": "Feature",
      "geometry": {
        "type": "Polygon",
        "coordinates": [
          [
            [
              73.23,
              -127.41
            ],
            [
              82.47,
              -121.93
            ],
            [
              76.02,
              -111.12
            ],
            [
              66.82,
              -116.61
            ],
            [
              73.23,
              -127.41
            ]
          ]
        ]
      },
      "properties": {
        "id": 34,
        "type": "BUILDING",
        "name": "The Phororoth Residence",
        "buildingType": "RESIDENCE",
        "material": "STONE_BRICK"
      }
    },
    {
      "type": "Feature",
      "geometry": {
        "type": "Polygon",
        "coordinates": [
          [
            [
              -54.52,
              -52.62
            ],
            [
              -44.53,
              -47.59
            ],
            [
              -48.77,
              -39.19
            ],
            [
              -58.75,
              -44.21
            ],
            [
              -54.52,
              -52.62
            ]
          ]
        ]
      },
      "properties": {
        "id": 35,
        "type": "BUILDING",
        "name": "The Kydra Barber",
        "buildingType": "ARTISAN",
        "material": "STONE_BRICK"
      }
    },
    {
      "type": "Feature",
      "geometry": {
        "type": "Polygon",
        "coordinates": [
          [
            [
              -58.47,
              -70.02
            ],
            [
              -50.2,
              -63.95
            ],
            [
              -55.57,
              -56.61
            ],
            [
              -62.5,
              -64.52
            ],
            [
              -58.47,
              -70.02
            ]
          ]
        ]
      },
      "properties": {
        "id": 36,
        "type": "BUILDING",
        "name": "The Teasenghymn Residence",
        "buildingType": "RESIDENCE",
        "material": "STONE_BRICK"
      }
    },
    {
      "type": "Feature",
      "geometry": {
        "type": "Polygon",
        "coordinates": [
          [
            [
              843.7,
              -39.75
            ],
            [
              841.8,
              -46.56
            ],
            [
              828.18,
              -42.76
            ],
            [
              830.08,
              -35.95
            ],
            [
              843.7,
              -39.75
            ]
          ]
        ]
      },
      "properties": {
        "id": 37,
        "type": "BUILDING",
        "name": "Gray Lodge",
        "buildingType": "INDUSTRIAL",
        "material": "WOOD"
      }
    },
    {
      "type": "Feature",
      "geometry": {
        "type": "Polygon",
        "coordinates": [
          [
            [
              128.96,
              -178.76
            ],
            [
              137.09,
              -171.55
            ],
            [
              129.46,
              -163.11
            ],
            [
              121.41,
              -170.24
            ],
            [
              128.96,
              -178.76
            ]
          ]
        ]
      },
      "properties": {
        "id": 38,
        "type": "BUILDING",
        "name": "The Maerntlithar Residence",
        "buildingType": "RESIDENCE",
        "material": "STONE_BRICK"
      }
    },
    {
      "type": "Feature",
      "geometry": {
        "type": "Polygon",
        "coordinates": [
          [
            [
              -91.85,
              -147.6
            ],
            [
              -83.87,
              -138.94
            ],
            [
              -91.64,
              -131.78
            ],
            [
              -99.67,
              -140.39
            ],
            [
              -91.85,
              -147.6
            ]
          ]
        ]
      },
      "properties": {
        "id": 39,
        "type": "BUILDING",
        "name": "The Goodworthy Residence",
        "buildingType": "RESIDENCE",
        "material": "STONE_BRICK"
      }
    },
    {
      "type": "Feature",
      "geometry": {
        "type": "Polygon",
        "coordinates": [
          [
            [
              -519.22,
              -345.77
            ],
            [
              -513.22,
              -349.52
            ],
            [
              -520.73,
              -361.51
            ],
            [
              -526.72,
              -357.76
            ],
            [
              -519.22,
              -345.77
            ]
          ]
        ]
      },
      "properties": {
        "id": 40,
        "type": "BUILDING",
        "name": "The Penitent Lust Hunters lodge",
        "buildingType": "INDUSTRIAL",
        "material": "WOOD"
      }
    },
    {
      "type": "Feature",
      "geometry": {
        "type": "Polygon",
        "coordinates": [
          [
            [
              78.64,
              41.04
            ],
            [
              87.18,
              47.61
            ],
            [
              81.49,
              55.02
            ],
            [
              72.95,
              48.45
            ],
            [
              78.64,
              41.04
            ]
          ]
        ]
      },
      "properties": {
        "id": 41,
        "type": "BUILDING",
        "name": "The Mathhedge Residence",
        "buildingType": "RESIDENCE",
        "material": "STONE_BRICK"
      }
    },
    {
      "type": "Feature",
      "geometry": {
        "type": "Polygon",
        "coordinates": [
          [
            [
              90.89,
              105.13
            ],
            [
              99.4,
              111.68
            ],
            [
              92.41,
              120.77
            ],
            [
              83.89,
              114.23
            ],
            [
              90.89,
              105.13
            ]
          ]
        ]
      },
      "properties": {
        "id": 42,
        "type": "BUILDING",
        "name": "The Twistligt Residence",
        "buildingType": "RESIDENCE",
        "material": "STONE_BRICK"
      }
    },
    {
      "type": "Feature",
      "geometry": {
        "type": "Polygon",
        "coordinates": [
          [
            [
              -8.01,
              -96.76
            ],
            [
              0.51,
              -91.86
            ],
            [
              -5.76,
              -80.97
            ],
            [
              -14.44,
              -86.26
            ],
            [
              -8.01,
              -96.76
            ]
          ]
        ]
      },
      "properties": {
        "id": 43,
        "type": "BUILDING",
        "name": "The Stylish Grain Shop",
        "buildingType": "SHOP",
        "material": "STONE_BRICK"
      }
    },
    {
      "type": "Feature",
      "geometry": {
        "type": "Polygon",
        "coordinates": [
          [
            [
              59.18,
              26.08
            ],
            [
              67.72,
              32.65
            ],
            [
              62.19,
              39.84
            ],
            [
              53.65,
              33.28
            ],
            [
              59.18,
              26.08
            ]
          ]
        ]
      },
      "properties": {
        "id": 44,
        "type": "BUILDING",
        "name": "The Celebrated Greengrocery",
        "buildingType": "SHOP",
        "material": "STONE_BRICK"
      }
    },
    {
      "type": "Feature",
      "geometry": {
        "type": "Polygon",
        "coordinates": [
          [
            [
              -122.43,
              -86.83
            ],
            [
              -112.45,
              -81.8
            ],
            [
              -116.55,
              -73.67
            ],
            [
              -126.52,
              -78.7
            ],
            [
              -122.43,
              -86.83
            ]
          ]
        ]
      },
      "properties": {
        "id": 45,
        "type": "BUILDING",
        "name": "Arabivalsa's Blacksmith",
        "buildingType": "ARTISAN",
        "material": "STONE_BRICK"
      }
    },
    {
      "type": "Feature",
      "geometry": {
        "type": "Polygon",
        "coordinates": [
          [
            [
              115.04,
              24.3
            ],
            [
              124.15,
              34.24
            ],
            [
              116.52,
              41.24
            ],
            [
              107.41,
              31.29
            ],
            [
              115.04,
              24.3
            ]
          ]
        ]
      },
      "properties": {
        "id": 46,
        "type": "BUILDING",
        "name": "The Brocksmoke Residence",
        "buildingType": "RESIDENCE",
        "material": "STONE_BRICK"
      }
    },
    {
      "type": "Feature",
      "geometry": {
        "type": "Polygon",
        "coordinates": [
          [
            [
              105.53,
              -124.28
            ],
            [
              116.66,
              -117.63
            ],
            [
              111.06,
              -108.26
            ],
            [
              99.9,
              -114.93
            ],
            [
              105.53,
              -124.28
            ]
          ]
        ]
      },
      "properties": {
        "id": 47,
        "type": "BUILDING",
        "name": "The Oldmathom Residence",
        "buildingType": "RESIDENCE",
        "material": "STONE_BRICK"
      }
    },
    {
      "type": "Feature",
      "geometry": {
        "type": "Polygon",
        "coordinates": [
          [
            [
              -56.25,
              -133.05
            ],
            [
              -50.04,
              -123.7
            ],
            [
              -58.76,
              -117.86
            ],
            [
              -65.01,
              -127.19
            ],
            [
              -56.25,
              -133.05
            ]
          ]
        ]
      },
      "properties": {
        "id": 48,
        "type": "BUILDING",
        "name": "The Strong Merchant Ironmonger",
        "buildingType": "SHOP",
        "material": "STONE_BRICK"
      }
    },
    {
      "type": "Feature",
      "geometry": {
        "type": "Polygon",
        "coordinates": [
          [
            [
              -120.03,
              -64.3
            ],
            [
              -110.4,
              -59.46
            ],
            [
              -114.3,
              -51.72
            ],
            [
              -123.92,
              -56.57
            ],
            [
              -120.03,
              -64.3
            ]
          ]
        ]
      },
      "properties": {
        "id": 49,
        "type": "BUILDING",
        "name": "The Mathhedge Residence",
        "buildingType": "RESIDENCE",
        "material": "STONE_BRICK"
      }
    },
    {
      "type": "Feature",
      "geometry": {
        "type": "Polygon",
        "coordinates": [
          [
            [
              42.87,
              -161.74
            ],
            [
              54.01,
              -155.08
            ],
            [
              48.4,
              -145.68
            ],
            [
              37.25,
              -152.34
            ],
            [
              42.87,
              -161.74
            ]
          ]
        ]
      },
      "properties": {
        "id": 50,
        "type": "BUILDING",
        "name": "Dungeon Baths",
        "buildingType": "ARTISAN",
        "material": "STONE_BRICK"
      }
    },
    {
      "type": "Feature",
      "geometry": {
        "type": "Polygon",
        "coordinates": [
          [
            [
              146.1,
              54.41
            ],
            [
              156.19,
              62.03
            ],
            [
              149.52,
              70.71
            ],
            [
              139.5,
              63.01
            ],
            [
              146.1,
              54.41
            ]
          ]
        ]
      },
      "properties": {
        "id": 51,
        "type": "BUILDING",
        "name": "The Bannitlithar Residence",
        "buildingType": "RESIDENCE",
        "material": "STONE_BRICK"
      }
    },
    {
      "type": "Feature",
      "geometry": {
        "type": "Polygon",
        "coordinates": [
          [
            [
              102.66,
              35.89
            ],
            [
              111.81,
              45.88
            ],
            [
              103.92,
              53.11
            ],
            [
              95.22,
              43.59
            ],
            [
              102.66,
              35.89
            ]
          ]
        ]
      },
      "properties": {
        "id": 52,
        "type": "BUILDING",
        "name": "The Briskfoot Residence",
        "buildingType": "RESIDENCE",
        "material": "STONE_BRICK"
      }
    },
    {
      "type": "Feature",
      "geometry": {
        "type": "Polygon",
        "coordinates": [
          [
            [
              -75.8,
              -42.95
            ],
            [
              -66.17,
              -38.1
            ],
            [
              -70.44,
              -29.63
            ],
            [
              -80.06,
              -34.48
            ],
            [
              -75.8,
              -42.95
            ]
          ]
        ]
      },
      "properties": {
        "id": 53,
        "type": "BUILDING",
        "name": "The Mountainhelm Residence",
        "buildingType": "RESIDENCE",
        "material": "STONE_BRICK"
      }
    },
    {
      "type": "Feature",
      "geometry": {
        "type": "Polygon",
        "coordinates": [
          [
            [
              98.1,
              56
            ],
            [
              106.64,
              62.57
            ],
            [
              101.4,
              69.39
            ],
            [
              92.86,
              62.82
            ],
            [
              98.1,
              56
            ]
          ]
        ]
      },
      "properties": {
        "id": 54,
        "type": "BUILDING",
        "name": "Residence",
        "buildingType": "RESIDENCE",
        "material": "STONE_BRICK"
      }
    },
    {
      "type": "Feature",
      "geometry": {
        "type": "Polygon",
        "coordinates": [
          [
            [
              -145.44,
              -220.9
            ],
            [
              -136.17,
              -211.84
            ],
            [
              -143.65,
              -204.12
            ],
            [
              -152.96,
              -213.14
            ],
            [
              -145.44,
              -220.9
            ]
          ]
        ]
      },
      "properties": {
        "id": 55,
        "type": "BUILDING",
        "name": "The Heasighymn Residence",
        "buildingType": "RESIDENCE",
        "material": "STONE_BRICK"
      }
    },
    {
      "type": "Feature",
      "geometry": {
        "type": "Polygon",
        "coordinates": [
          [
            [
              30.08,
              3.99
            ],
            [
              38.56,
              10.11
            ],
            [
              32.75,
              18.17
            ],
            [
              24.27,
              12.05
            ],
            [
              30.08,
              3.99
            ]
          ]
        ]
      },
      "properties": {
        "id": 56,
        "type": "BUILDING",
        "name": "Residence",
        "buildingType": "RESIDENCE",
        "material": "STONE_BRICK"
      }
    },
    {
      "type": "Feature",
      "geometry": {
        "type": "Polygon",
        "coordinates": [
          [
            [
              143.73,
              116.73
            ],
            [
              150.79,
              122.69
            ],
            [
              145,
              129.54
            ],
            [
              137.95,
              123.58
            ],
            [
              143.73,
              116.73
            ]
          ]
        ]
      },
      "properties": {
        "id": 57,
        "type": "BUILDING",
        "name": "The Fappleboot Residence",
        "buildingType": "RESIDENCE",
        "material": "STONE_BRICK"
      }
    },
    {
      "type": "Feature",
      "geometry": {
        "type": "Polygon",
        "coordinates": [
          [
            [
              130.32,
              -77.43
            ],
            [
              139.49,
              -71.95
            ],
            [
              132.62,
              -60.45
            ],
            [
              123.45,
              -65.92
            ],
            [
              130.32,
              -77.43
            ]
          ]
        ]
      },
      "properties": {
        "id": 58,
        "type": "BUILDING",
        "name": "The Cadradur Residence",
        "buildingType": "RESIDENCE",
        "material": "STONE_BRICK"
      }
    },
    {
      "type": "Feature",
      "geometry": {
        "type": "Polygon",
        "coordinates": [
          [
            [
              -53.91,
              -155.59
            ],
            [
              -47.76,
              -146.41
            ],
            [
              -58.72,
              -139.08
            ],
            [
              -66.24,
              -147.34
            ],
            [
              -53.91,
              -155.59
            ]
          ]
        ]
      },
      "properties": {
        "id": 59,
        "type": "BUILDING",
        "name": "Residence",
        "buildingType": "RESIDENCE",
        "material": "STONE_BRICK"
      }
    },
    {
      "type": "Feature",
      "geometry": {
        "type": "Polygon",
        "coordinates": [
          [
            [
              -142.18,
              -96.92
            ],
            [
              -136.1,
              -87.85
            ],
            [
              -147.43,
              -82
            ],
            [
              -153.52,
              -91.11
            ],
            [
              -142.18,
              -96.92
            ]
          ]
        ]
      },
      "properties": {
        "id": 60,
        "type": "BUILDING",
        "name": "Residence",
        "buildingType": "RESIDENCE",
        "material": "STONE_BRICK"
      }
    },
    {
      "type": "Feature",
      "geometry": {
        "type": "Polygon",
        "coordinates": [
          [
            [
              160.53,
              130.15
            ],
            [
              167.59,
              136.12
            ],
            [
              161.43,
              143.42
            ],
            [
              154.36,
              137.45
            ],
            [
              160.53,
              130.15
            ]
          ]
        ]
      },
      "properties": {
        "id": 61,
        "type": "BUILDING",
        "name": "The Alealylth Residence",
        "buildingType": "RESIDENCE",
        "material": "STONE_BRICK"
      }
    },
    {
      "type": "Feature",
      "geometry": {
        "type": "Polygon",
        "coordinates": [
          [
            [
              148.35,
              96.15
            ],
            [
              156.11,
              102.7
            ],
            [
              150.5,
              109.33
            ],
            [
              142.75,
              102.79
            ],
            [
              148.35,
              96.15
            ]
          ]
        ]
      },
      "properties": {
        "id": 62,
        "type": "BUILDING",
        "name": "The Peridoissa Residence",
        "buildingType": "RESIDENCE",
        "material": "STONE_BRICK"
      }
    },
    {
      "type": "Feature",
      "geometry": {
        "type": "Polygon",
        "coordinates": [
          [
            [
              151.19,
              -43.36
            ],
            [
              157.61,
              -34.89
            ],
            [
              148.31,
              -27.87
            ],
            [
              141.2,
              -35.79
            ],
            [
              151.19,
              -43.36
            ]
          ]
        ]
      },
      "properties": {
        "id": 63,
        "type": "BUILDING",
        "name": "The Kennyrae Residence",
        "buildingType": "RESIDENCE",
        "material": "STONE_BRICK"
      }
    },
    {
      "type": "Feature",
      "geometry": {
        "type": "Polygon",
        "coordinates": [
          [
            [
              -21.27,
              -33.72
            ],
            [
              -12.88,
              -27.47
            ],
            [
              -18.8,
              -19.52
            ],
            [
              -27.19,
              -25.76
            ],
            [
              -21.27,
              -33.72
            ]
          ]
        ]
      },
      "properties": {
        "id": 64,
        "type": "BUILDING",
        "name": "The Agatenail Residence",
        "buildingType": "RESIDENCE",
        "material": "STONE_BRICK"
      }
    },
    {
      "type": "Feature",
      "geometry": {
        "type": "Polygon",
        "coordinates": [
          [
            [
              105.9,
              -199.34
            ],
            [
              115.21,
              -191.09
            ],
            [
              108.1,
              -182.93
            ],
            [
              98.72,
              -191.24
            ],
            [
              105.9,
              -199.34
            ]
          ]
        ]
      },
      "properties": {
        "id": 65,
        "type": "BUILDING",
        "name": "The Brocksmoke Residence",
        "buildingType": "RESIDENCE",
        "material": "STONE_BRICK"
      }
    },
    {
      "type": "Feature",
      "geometry": {
        "type": "Polygon",
        "coordinates": [
          [
            [
              21.69,
              -191.56
            ],
            [
              33.6,
              -186.29
            ],
            [
              28.05,
              -176.99
            ],
            [
              17.33,
              -181.68
            ],
            [
              21.69,
              -191.56
            ]
          ]
        ]
      },
      "properties": {
        "id": 66,
        "type": "BUILDING",
        "name": "Residence",
        "buildingType": "RESIDENCE",
        "material": "STONE_BRICK"
      }
    },
    {
      "type": "Feature",
      "geometry": {
        "type": "Polygon",
        "coordinates": [
          [
            [
              -130.95,
              -69.91
            ],
            [
              -121.32,
              -65.06
            ],
            [
              -125.26,
              -57.25
            ],
            [
              -134.89,
              -62.09
            ],
            [
              -130.95,
              -69.91
            ]
          ]
        ]
      },
      "properties": {
        "id": 67,
        "type": "BUILDING",
        "name": "The Melithmitore Residence",
        "buildingType": "RESIDENCE",
        "material": "STONE_BRICK"
      }
    },
    {
      "type": "Feature",
      "geometry": {
        "type": "Polygon",
        "coordinates": [
          [
            [
              131.36,
              -215.23
            ],
            [
              140.69,
              -209.86
            ],
            [
              134.93,
              -199.85
            ],
            [
              125.72,
              -205.15
            ],
            [
              131.36,
              -215.23
            ]
          ]
        ]
      },
      "properties": {
        "id": 68,
        "type": "BUILDING",
        "name": "Residence",
        "buildingType": "RESIDENCE",
        "material": "STONE_BRICK"
      }
    },
    {
      "type": "Feature",
      "geometry": {
        "type": "Polygon",
        "coordinates": [
          [
            [
              58.26,
              -65.9
            ],
            [
              66.57,
              -59.62
            ],
            [
              58.25,
              -48.61
            ],
            [
              50.86,
              -56
            ],
            [
              58.26,
              -65.9
            ]
          ]
        ]
      },
      "properties": {
        "id": 69,
        "type": "BUILDING",
        "name": "The Arabiundlin Residence",
        "buildingType": "RESIDENCE",
        "material": "STONE_BRICK"
      }
    },
    {
      "type": "Feature",
      "geometry": {
        "type": "Polygon",
        "coordinates": [
          [
            [
              -125.16,
              -201.24
            ],
            [
              -113.85,
              -192.64
            ],
            [
              -120.32,
              -184.13
            ],
            [
              -131.63,
              -192.57
            ],
            [
              -125.16,
              -201.24
            ]
          ]
        ]
      },
      "properties": {
        "id": 70,
        "type": "BUILDING",
        "name": "Residence",
        "buildingType": "RESIDENCE",
        "material": "STONE_BRICK"
      }
    },
    {
      "type": "Feature",
      "geometry": {
        "type": "Polygon",
        "coordinates": [
          [
            [
              -88.47,
              -69.72
            ],
            [
              -78.49,
              -64.7
            ],
            [
              -82.71,
              -56.32
            ],
            [
              -92.69,
              -61.35
            ],
            [
              -88.47,
              -69.72
            ]
          ]
        ]
      },
      "properties": {
        "id": 71,
        "type": "BUILDING",
        "name": "The Bellowpocket Residence",
        "buildingType": "RESIDENCE",
        "material": "STONE_BRICK"
      }
    },
    {
      "type": "Feature",
      "geometry": {
        "type": "Polygon",
        "coordinates": [
          [
            [
              2.48,
              -145.22
            ],
            [
              9.45,
              -138.2
            ],
            [
              4.07,
              -129.4
            ],
            [
              -4.65,
              -137.95
            ],
            [
              2.48,
              -145.22
            ]
          ]
        ]
      },
      "properties": {
        "id": 72,
        "type": "BUILDING",
        "name": "The Marmorazys Residence",
        "buildingType": "RESIDENCE",
        "material": "STONE_BRICK"
      }
    },
    {
      "type": "Feature",
      "geometry": {
        "type": "Polygon",
        "coordinates": [
          [
            [
              40.66,
              -45.13
            ],
            [
              47.75,
              -38.04
            ],
            [
              40.09,
              -30.48
            ],
            [
              31.96,
              -36.44
            ],
            [
              40.66,
              -45.13
            ]
          ]
        ]
      },
      "properties": {
        "id": 73,
        "type": "BUILDING",
        "name": "The Lavahome Residence",
        "buildingType": "RESIDENCE",
        "material": "STONE_BRICK"
      }
    },
    {
      "type": "Feature",
      "geometry": {
        "type": "Polygon",
        "coordinates": [
          [
            [
              175.05,
              118.69
            ],
            [
              182.8,
              125.23
            ],
            [
              177.05,
              132.03
            ],
            [
              169.3,
              125.49
            ],
            [
              175.05,
              118.69
            ]
          ]
        ]
      },
      "properties": {
        "id": 74,
        "type": "BUILDING",
        "name": "The Grubbbrook Residence",
        "buildingType": "RESIDENCE",
        "material": "STONE_BRICK"
      }
    },
    {
      "type": "Feature",
      "geometry": {
        "type": "Polygon",
        "coordinates": [
          [
            [
              84.34,
              -85.19
            ],
            [
              96.67,
              -75.98
            ],
            [
              90.08,
              -67.18
            ],
            [
              79.59,
              -75.02
            ],
            [
              84.34,
              -85.19
            ]
          ]
        ]
      },
      "properties": {
        "id": 75,
        "type": "BUILDING",
        "name": "The Sulchruila Residence",
        "buildingType": "RESIDENCE",
        "material": "STONE_BRICK"
      }
    },
    {
      "type": "Feature",
      "geometry": {
        "type": "Polygon",
        "coordinates": [
          [
            [
              60.32,
              -102.49
            ],
            [
              69.73,
              -98.21
            ],
            [
              64.4,
              -86.49
            ],
            [
              56.03,
              -92.74
            ],
            [
              60.32,
              -102.49
            ]
          ]
        ]
      },
      "properties": {
        "id": 76,
        "type": "BUILDING",
        "name": "Residence",
        "buildingType": "RESIDENCE",
        "material": "STONE_BRICK"
      }
    },
    {
      "type": "Feature",
      "geometry": {
        "type": "Polygon",
        "coordinates": [
          [
            [
              68.91,
              33.56
            ],
            [
              77.45,
              40.13
            ],
            [
              71.75,
              47.55
            ],
            [
              63.21,
              40.99
            ],
            [
              68.91,
              33.56
            ]
          ]
        ]
      },
      "properties": {
        "id": 77,
        "type": "BUILDING",
        "name": "The Kennyrae Residence",
        "buildingType": "RESIDENCE",
        "material": "STONE_BRICK"
      }
    },
    {
      "type": "Feature",
      "geometry": {
        "type": "Polygon",
        "coordinates": [
          [
            [
              62.94,
              -5.46
            ],
            [
              70.71,
              3.2
            ],
            [
              62.73,
              10.37
            ],
            [
              56.52,
              3.3
            ],
            [
              62.94,
              -5.46
            ]
          ]
        ]
      },
      "properties": {
        "id": 78,
        "type": "BUILDING",
        "name": "The Kajabor Residence",
        "buildingType": "RESIDENCE",
        "material": "STONE_BRICK"
      }
    },
    {
      "type": "Feature",
      "geometry": {
        "type": "Polygon",
        "coordinates": [
          [
            [
              -16.2,
              -179.25
            ],
            [
              -9.48,
              -170.62
            ],
            [
              -21.23,
              -163.53
            ],
            [
              -26.84,
              -172.83
            ],
            [
              -16.2,
              -179.25
            ]
          ]
        ]
      },
      "properties": {
        "id": 79,
        "type": "BUILDING",
        "name": "The Marmorazys Residence",
        "buildingType": "RESIDENCE",
        "material": "STONE_BRICK"
      }
    },
    {
      "type": "Feature",
      "geometry": {
        "type": "Polygon",
        "coordinates": [
          [
            [
              146.19,
              -206.7
            ],
            [
              155.35,
              -201.43
            ],
            [
              148.63,
              -189.98
            ],
            [
              139.62,
              -195.27
            ],
            [
              146.19,
              -206.7
            ]
          ]
        ]
      },
      "properties": {
        "id": 80,
        "type": "BUILDING",
        "name": "The Hedrapake-Staygus Residence",
        "buildingType": "RESIDENCE",
        "material": "STONE_BRICK"
      }
    },
    {
      "type": "Feature",
      "geometry": {
        "type": "Polygon",
        "coordinates": [
          [
            [
              52.99,
              -87.55
            ],
            [
              61.29,
              -81.35
            ],
            [
              54.05,
              -71.66
            ],
            [
              45.77,
              -77.78
            ],
            [
              52.99,
              -87.55
            ]
          ]
        ]
      },
      "properties": {
        "id": 81,
        "type": "BUILDING",
        "name": "Residence",
        "buildingType": "RESIDENCE",
        "material": "STONE_BRICK"
      }
    },
    {
      "type": "Feature",
      "geometry": {
        "type": "Polygon",
        "coordinates": [
          [
            [
              160,
              -230.12
            ],
            [
              169.21,
              -224.61
            ],
            [
              163.3,
              -214.72
            ],
            [
              154.08,
              -220.23
            ],
            [
              160,
              -230.12
            ]
          ]
        ]
      },
      "properties": {
        "id": 82,
        "type": "BUILDING",
        "name": "Residence",
        "buildingType": "RESIDENCE",
        "material": "STONE_BRICK"
      }
    },
    {
      "type": "Feature",
      "geometry": {
        "type": "Polygon",
        "coordinates": [
          [
            [
              92.51,
              25.9
            ],
            [
              101.67,
              34.76
            ],
            [
              94.17,
              42.51
            ],
            [
              85.01,
              33.63
            ],
            [
              92.51,
              25.9
            ]
          ]
        ]
      },
      "properties": {
        "id": 83,
        "type": "BUILDING",
        "name": "The Peraga Residence",
        "buildingType": "RESIDENCE",
        "material": "STONE_BRICK"
      }
    },
    {
      "type": "Feature",
      "geometry": {
        "type": "Polygon",
        "coordinates": [
          [
            [
              139.68,
              -34.94
            ],
            [
              147,
              -26.79
            ],
            [
              137.11,
              -17.9
            ],
            [
              129.79,
              -26.05
            ],
            [
              139.68,
              -34.94
            ]
          ]
        ]
      },
      "properties": {
        "id": 84,
        "type": "BUILDING",
        "name": "The Mountainhelm Residence",
        "buildingType": "RESIDENCE",
        "material": "STONE_BRICK"
      }
    },
    {
      "type": "Feature",
      "geometry": {
        "type": "Polygon",
        "coordinates": [
          [
            [
              181.84,
              -154.58
            ],
            [
              191.22,
              -146.28
            ],
            [
              184.07,
              -138.21
            ],
            [
              174.69,
              -146.51
            ],
            [
              181.84,
              -154.58
            ]
          ]
        ]
      },
      "properties": {
        "id": 85,
        "type": "BUILDING",
        "name": "The Mountainhelm Residence",
        "buildingType": "RESIDENCE",
        "material": "STONE_BRICK"
      }
    },
    {
      "type": "Feature",
      "geometry": {
        "type": "Polygon",
        "coordinates": [
          [
            [
              97.87,
              -75.08
            ],
            [
              109.3,
              -66.53
            ],
            [
              102.68,
              -57.69
            ],
            [
              91.25,
              -66.23
            ],
            [
              97.87,
              -75.08
            ]
          ]
        ]
      },
      "properties": {
        "id": 86,
        "type": "BUILDING",
        "name": "The Brimakax Residence",
        "buildingType": "RESIDENCE",
        "material": "STONE_BRICK"
      }
    },
    {
      "type": "Feature",
      "geometry": {
        "type": "Polygon",
        "coordinates": [
          [
            [
              151.41,
              -116.42
            ],
            [
              161.81,
              -110.21
            ],
            [
              156.29,
              -100.97
            ],
            [
              145.89,
              -107.18
            ],
            [
              151.41,
              -116.42
            ]
          ]
        ]
      },
      "properties": {
        "id": 87,
        "type": "BUILDING",
        "name": "The Arabiannia Residence",
        "buildingType": "RESIDENCE",
        "material": "STONE_BRICK"
      }
    },
    {
      "type": "Feature",
      "geometry": {
        "type": "Polygon",
        "coordinates": [
          [
            [
              -31.22,
              -149.62
            ],
            [
              -25.6,
              -141.22
            ],
            [
              -36.74,
              -133.75
            ],
            [
              -42.37,
              -142.16
            ],
            [
              -31.22,
              -149.62
            ]
          ]
        ]
      },
      "properties": {
        "id": 88,
        "type": "BUILDING",
        "name": "Residence",
        "buildingType": "RESIDENCE",
        "material": "STONE_BRICK"
      }
    },
    {
      "type": "Feature",
      "geometry": {
        "type": "Polygon",
        "coordinates": [
          [
            [
              -10.12,
              -162.99
            ],
            [
              -16.32,
              -147.59
            ],
            [
              -21.48,
              -156.14
            ],
            [
              -10.12,
              -162.99
            ]
          ]
        ]
      },
      "properties": {
        "id": 89,
        "type": "BUILDING",
        "name": "The Heasivalsa Residence",
        "buildingType": "RESIDENCE",
        "material": "STONE_BRICK"
      }
    },
    {
      "type": "Feature",
      "geometry": {
        "type": "Polygon",
        "coordinates": [
          [
            [
              176.82,
              144.25
            ],
            [
              185.9,
              151.92
            ],
            [
              175.13,
              154.99
            ],
            [
              170.82,
              151.35
            ],
            [
              176.82,
              144.25
            ]
          ]
        ]
      },
      "properties": {
        "id": 90,
        "type": "BUILDING",
        "name": "The Brocksmoke Residence",
        "buildingType": "RESIDENCE",
        "material": "STONE_BRICK"
      }
    },
    {
      "type": "Feature",
      "geometry": {
        "type": "Polygon",
        "coordinates": [
          [
            [
              -99.22,
              -181.34
            ],
            [
              -90.31,
              -171.41
            ],
            [
              -98.27,
              -164.27
            ],
            [
              -107.18,
              -174.21
            ],
            [
              -99.22,
              -181.34
            ]
          ]
        ]
      },
      "properties": {
        "id": 91,
        "type": "BUILDING",
        "name": "Residence",
        "buildingType": "RESIDENCE",
        "material": "STONE_BRICK"
      }
    },
    {
      "type": "Feature",
      "geometry": {
        "type": "Polygon",
        "coordinates": [
          [
            [
              -1.21,
              -204.42
            ],
            [
              7.18,
              -198.08
            ],
            [
              2.99,
              -188.5
            ],
            [
              -7.34,
              -196.09
            ],
            [
              -1.21,
              -204.42
            ]
          ]
        ]
      },
      "properties": {
        "id": 92,
        "type": "BUILDING",
        "name": "The Mathhedge Residence",
        "buildingType": "RESIDENCE",
        "material": "STONE_BRICK"
      }
    },
    {
      "type": "Feature",
      "geometry": {
        "type": "Polygon",
        "coordinates": [
          [
            [
              -41.97,
              -111.73
            ],
            [
              -34.68,
              -102.96
            ],
            [
              -42.27,
              -96.47
            ],
            [
              -49.69,
              -105.13
            ],
            [
              -41.97,
              -111.73
            ]
          ]
        ]
      },
      "properties": {
        "id": 93,
        "type": "BUILDING",
        "name": "The Amberchant Residence",
        "buildingType": "RESIDENCE",
        "material": "STONE_BRICK"
      }
    },
    {
      "type": "Feature",
      "geometry": {
        "type": "Polygon",
        "coordinates": [
          [
            [
              -126.72,
              -106.85
            ],
            [
              -120.98,
              -98.27
            ],
            [
              -131.23,
              -91.4
            ],
            [
              -136.98,
              -99.98
            ],
            [
              -126.72,
              -106.85
            ]
          ]
        ]
      },
      "properties": {
        "id": 94,
        "type": "BUILDING",
        "name": "Residence",
        "buildingType": "RESIDENCE",
        "material": "STONE_BRICK"
      }
    },
    {
      "type": "Feature",
      "geometry": {
        "type": "Polygon",
        "coordinates": [
          [
            [
              98.14,
              -168.91
            ],
            [
              105.65,
              -162.25
            ],
            [
              99.41,
              -151.67
            ],
            [
              90.64,
              -156.84
            ],
            [
              96.97,
              -167.57
            ],
            [
              98.14,
              -168.91
            ]
          ]
        ]
      },
      "properties": {
        "id": 95,
        "type": "BUILDING",
        "name": "The Amberchant Residence",
        "buildingType": "RESIDENCE",
        "material": "STONE_BRICK"
      }
    },
    {
      "type": "Feature",
      "geometry": {
        "type": "Polygon",
        "coordinates": [
          [
            [
              192.84,
              133.7
            ],
            [
              200.32,
              140.02
            ],
            [
              194.28,
              147.17
            ],
            [
              186.8,
              140.85
            ],
            [
              192.84,
              133.7
            ]
          ]
        ]
      },
      "properties": {
        "id": 96,
        "type": "BUILDING",
        "name": "The Aleananea Residence",
        "buildingType": "RESIDENCE",
        "material": "STONE_BRICK"
      }
    },
    {
      "type": "Feature",
      "geometry": {
        "type": "Polygon",
        "coordinates": [
          [
            [
              220.53,
              -90.44
            ],
            [
              231.36,
              -89.51
            ],
            [
              230.44,
              -79.3
            ],
            [
              218.45,
              -80.38
            ],
            [
              220.53,
              -90.44
            ]
          ]
        ]
      },
      "properties": {
        "id": 97,
        "type": "BUILDING",
        "name": "The Craghands Residence",
        "buildingType": "RESIDENCE",
        "material": "STONE_BRICK"
      }
    },
    {
      "type": "Feature",
      "geometry": {
        "type": "Polygon",
        "coordinates": [
          [
            [
              -103.22,
              -122.58
            ],
            [
              -97.34,
              -113.79
            ],
            [
              -107.84,
              -106.76
            ],
            [
              -113.73,
              -115.55
            ],
            [
              -103.22,
              -122.58
            ]
          ]
        ]
      },
      "properties": {
        "id": 98,
        "type": "BUILDING",
        "name": "Residence",
        "buildingType": "RESIDENCE",
        "material": "STONE_BRICK"
      }
    },
    {
      "type": "Feature",
      "geometry": {
        "type": "Polygon",
        "coordinates": [
          [
            [
              -9.66,
              -59.57
            ],
            [
              0.81,
              -51.9
            ],
            [
              -5.69,
              -43.03
            ],
            [
              -16.16,
              -50.7
            ],
            [
              -9.66,
              -59.57
            ]
          ]
        ]
      },
      "properties": {
        "id": 99,
        "type": "BUILDING",
        "name": "Residence",
        "buildingType": "RESIDENCE",
        "material": "STONE_BRICK"
      }
    },
    {
      "type": "Feature",
      "geometry": {
        "type": "Polygon",
        "coordinates": [
          [
            [
              81.84,
              -29.82
            ],
            [
              90.02,
              -23.83
            ],
            [
              81.5,
              -12.19
            ],
            [
              74.51,
              -19.82
            ],
            [
              81.84,
              -29.82
            ]
          ]
        ]
      },
      "properties": {
        "id": 100,
        "type": "BUILDING",
        "name": "The Dugburrow Residence",
        "buildingType": "RESIDENCE",
        "material": "STONE_BRICK"
      }
    },
    {
      "type": "Feature",
      "geometry": {
        "type": "Polygon",
        "coordinates": [
          [
            [
              137.96,
              -90.22
            ],
            [
              146.88,
              -84.9
            ],
            [
              140.01,
              -73.39
            ],
            [
              131.09,
              -78.71
            ],
            [
              137.96,
              -90.22
            ]
          ]
        ]
      },
      "properties": {
        "id": 101,
        "type": "BUILDING",
        "name": "The Baequitlithar Residence",
        "buildingType": "RESIDENCE",
        "material": "STONE_BRICK"
      }
    },
    {
      "type": "Feature",
      "geometry": {
        "type": "Polygon",
        "coordinates": [
          [
            [
              -83.14,
              -137.57
            ],
            [
              -74.76,
              -128.47
            ],
            [
              -83.25,
              -122.79
            ],
            [
              -90.61,
              -130.69
            ],
            [
              -83.14,
              -137.57
            ]
          ]
        ]
      },
      "properties": {
        "id": 102,
        "type": "BUILDING",
        "name": "The Mountainhelm Residence",
        "buildingType": "RESIDENCE",
        "material": "STONE_BRICK"
      }
    },
    {
      "type": "Feature",
      "geometry": {
        "type": "Polygon",
        "coordinates": [
          [
            [
              -92.24,
              -129.93
            ],
            [
              -85.18,
              -122.37
            ],
            [
              -96.3,
              -114.93
            ],
            [
              -101.97,
              -123.42
            ],
            [
              -92.24,
              -129.93
            ]
          ]
        ]
      },
      "properties": {
        "id": 103,
        "type": "BUILDING",
        "name": "The Merkalo Residence",
        "buildingType": "RESIDENCE",
        "material": "STONE_BRICK"
      }
    },
    {
      "type": "Feature",
      "geometry": {
        "type": "Polygon",
        "coordinates": [
          [
            [
              258.37,
              -69.14
            ],
            [
              269.72,
              -67.17
            ],
            [
              267.83,
              -56.32
            ],
            [
              256.48,
              -58.31
            ],
            [
              258.37,
              -69.14
            ]
          ]
        ]
      },
      "properties": {
        "id": 104,
        "type": "BUILDING",
        "name": "Residence",
        "buildingType": "RESIDENCE",
        "material": "STONE_BRICK"
      }
    },
    {
      "type": "Feature",
      "geometry": {
        "type": "Polygon",
        "coordinates": [
          [
            [
              -86.99,
              -48.01
            ],
            [
              -77.37,
              -43.16
            ],
            [
              -81.4,
              -35.15
            ],
            [
              -91.03,
              -40
            ],
            [
              -86.99,
              -48.01
            ]
          ]
        ]
      },
      "properties": {
        "id": 105,
        "type": "BUILDING",
        "name": "Residence",
        "buildingType": "RESIDENCE",
        "material": "STONE_BRICK"
      }
    },
    {
      "type": "Feature",
      "geometry": {
        "type": "Polygon",
        "coordinates": [
          [
            [
              -213.34,
              -91.26
            ],
            [
              -203.24,
              -88.72
            ],
            [
              -205.45,
              -79.84
            ],
            [
              -215.55,
              -82.35
            ],
            [
              -213.34,
              -91.26
            ]
          ]
        ]
      },
      "properties": {
        "id": 106,
        "type": "BUILDING",
        "name": "The Bannitlithar Residence",
        "buildingType": "RESIDENCE",
        "material": "STONE_BRICK"
      }
    },
    {
      "type": "Feature",
      "geometry": {
        "type": "Polygon",
        "coordinates": [
          [
            [
              95.56,
              5.37
            ],
            [
              103.77,
              13.29
            ],
            [
              96.73,
              20.57
            ],
            [
              88.02,
              12.14
            ],
            [
              95.56,
              5.37
            ]
          ]
        ]
      },
      "properties": {
        "id": 107,
        "type": "BUILDING",
        "name": "Residence",
        "buildingType": "RESIDENCE",
        "material": "STONE_BRICK"
      }
    },
    {
      "type": "Feature",
      "geometry": {
        "type": "Polygon",
        "coordinates": [
          [
            [
              -97.95,
              -53.55
            ],
            [
              -88.33,
              -48.7
            ],
            [
              -92.37,
              -40.68
            ],
            [
              -101.99,
              -45.52
            ],
            [
              -97.95,
              -53.55
            ]
          ]
        ]
      },
      "properties": {
        "id": 108,
        "type": "BUILDING",
        "name": "Residence",
        "buildingType": "RESIDENCE",
        "material": "STONE_BRICK"
      }
    },
    {
      "type": "Feature",
      "geometry": {
        "type": "Polygon",
        "coordinates": [
          [
            [
              197.71,
              -76.88
            ],
            [
              209.74,
              -74.4
            ],
            [
              207.68,
              -64.45
            ],
            [
              195.56,
              -67.12
            ],
            [
              197.71,
              -76.88
            ]
          ]
        ]
      },
      "properties": {
        "id": 109,
        "type": "BUILDING",
        "name": "The Hersh Residence",
        "buildingType": "RESIDENCE",
        "material": "STONE_BRICK"
      }
    },
    {
      "type": "Feature",
      "geometry": {
        "type": "Polygon",
        "coordinates": [
          [
            [
              57.7,
              48.83
            ],
            [
              66.19,
              55.36
            ],
            [
              60.85,
              62.3
            ],
            [
              52.37,
              55.78
            ],
            [
              57.7,
              48.83
            ]
          ]
        ]
      },
      "properties": {
        "id": 110,
        "type": "BUILDING",
        "name": "Residence",
        "buildingType": "RESIDENCE",
        "material": "STONE_BRICK"
      }
    },
    {
      "type": "Feature",
      "geometry": {
        "type": "Polygon",
        "coordinates": [
          [
            [
              -2.08,
              -19.44
            ],
            [
              5.73,
              -13.62
            ],
            [
              -0.11,
              -5.66
            ],
            [
              -7.98,
              -11.52
            ],
            [
              -2.08,
              -19.44
            ]
          ]
        ]
      },
      "properties": {
        "id": 111,
        "type": "BUILDING",
        "name": "Residence",
        "buildingType": "RESIDENCE",
        "material": "STONE_BRICK"
      }
    },
    {
      "type": "Feature",
      "geometry": {
        "type": "Polygon",
        "coordinates": [
          [
            [
              95.9,
              -208.29
            ],
            [
              104.82,
              -200.39
            ],
            [
              97.59,
              -192.23
            ],
            [
              88.67,
              -200.14
            ],
            [
              95.9,
              -208.29
            ]
          ]
        ]
      },
      "properties": {
        "id": 112,
        "type": "BUILDING",
        "name": "Residence",
        "buildingType": "RESIDENCE",
        "material": "STONE_BRICK"
      }
    },
    {
      "type": "Feature",
      "geometry": {
        "type": "Polygon",
        "coordinates": [
          [
            [
              -23.33,
              -10.87
            ],
            [
              -14.92,
              -4.61
            ],
            [
              -20.38,
              2.72
            ],
            [
              -28.78,
              -3.54
            ],
            [
              -23.33,
              -10.87
            ]
          ]
        ]
      },
      "properties": {
        "id": 113,
        "type": "BUILDING",
        "name": "The Steelbond Residence",
        "buildingType": "RESIDENCE",
        "material": "STONE_BRICK"
      }
    },
    {
      "type": "Feature",
      "geometry": {
        "type": "Polygon",
        "coordinates": [
          [
            [
              -28.12,
              -172.05
            ],
            [
              -22.47,
              -162.68
            ],
            [
              -33.47,
              -156.04
            ],
            [
              -39.57,
              -165.14
            ],
            [
              -28.12,
              -172.05
            ]
          ]
        ]
      },
      "properties": {
        "id": 114,
        "type": "BUILDING",
        "name": "The Pyradrax Residence",
        "buildingType": "RESIDENCE",
        "material": "STONE_BRICK"
      }
    },
    {
      "type": "Feature",
      "geometry": {
        "type": "Polygon",
        "coordinates": [
          [
            [
              66.62,
              -77.43
            ],
            [
              75.18,
              -71.03
            ],
            [
              67.47,
              -60.82
            ],
            [
              58.99,
              -67.22
            ],
            [
              66.62,
              -77.43
            ]
          ]
        ]
      },
      "properties": {
        "id": 115,
        "type": "BUILDING",
        "name": "The Smokehole Residence",
        "buildingType": "RESIDENCE",
        "material": "STONE_BRICK"
      }
    },
    {
      "type": "Feature",
      "geometry": {
        "type": "Polygon",
        "coordinates": [
          [
            [
              124.98,
              -203.84
            ],
            [
              133.74,
              -198.81
            ],
            [
              127.7,
              -188.31
            ],
            [
              120.07,
              -195.07
            ],
            [
              124.98,
              -203.84
            ]
          ]
        ]
      },
      "properties": {
        "id": 116,
        "type": "BUILDING",
        "name": "The Gysserae Residence",
        "buildingType": "RESIDENCE",
        "material": "STONE_BRICK"
      }
    },
    {
      "type": "Feature",
      "geometry": {
        "type": "Polygon",
        "coordinates": [
          [
            [
              56.85,
              -138.23
            ],
            [
              65.05,
              -132.1
            ],
            [
              58.22,
              -122.96
            ],
            [
              50.02,
              -129.09
            ],
            [
              56.85,
              -138.23
            ]
          ]
        ]
      },
      "properties": {
        "id": 117,
        "type": "BUILDING",
        "name": "The Smiting Acolyte",
        "buildingType": "INN",
        "material": "STONE_BRICK"
      }
    },
    {
      "type": "Feature",
      "geometry": {
        "type": "Polygon",
        "coordinates": [
          [
            [
              76.56,
              -70.03
            ],
            [
              87.29,
              -62.01
            ],
            [
              80.76,
              -53.29
            ],
            [
              69.99,
              -61.34
            ],
            [
              76.56,
              -70.03
            ]
          ]
        ]
      },
      "properties": {
        "id": 118,
        "type": "BUILDING",
        "name": "Residence",
        "buildingType": "RESIDENCE",
        "material": "STONE_BRICK"
      }
    },
    {
      "type": "Feature",
      "geometry": {
        "type": "Polygon",
        "coordinates": [
          [
            [
              67.35,
              56.31
            ],
            [
              75.84,
              62.83
            ],
            [
              70.53,
              69.74
            ],
            [
              62.04,
              63.21
            ],
            [
              67.35,
              56.31
            ]
          ]
        ]
      },
      "properties": {
        "id": 119,
        "type": "BUILDING",
        "name": "The Heasivalsa Residence",
        "buildingType": "RESIDENCE",
        "material": "STONE_BRICK"
      }
    },
    {
      "type": "Feature",
      "geometry": {
        "type": "Polygon",
        "coordinates": [
          [
            [
              153.21,
              -81.46
            ],
            [
              162.32,
              -76.98
            ],
            [
              155.04,
              -64.8
            ],
            [
              146.36,
              -69.99
            ],
            [
              153.21,
              -81.46
            ]
          ]
        ]
      },
      "properties": {
        "id": 120,
        "type": "BUILDING",
        "name": "The Maernaear Residence",
        "buildingType": "RESIDENCE",
        "material": "STONE_BRICK"
      }
    },
    {
      "type": "Feature",
      "geometry": {
        "type": "Polygon",
        "coordinates": [
          [
            [
              80.17,
              -139.11
            ],
            [
              89.47,
              -133.55
            ],
            [
              83.28,
              -123.19
            ],
            [
              73.99,
              -128.7
            ],
            [
              80.17,
              -139.11
            ]
          ]
        ]
      },
      "properties": {
        "id": 121,
        "type": "BUILDING",
        "name": "The Truefern Residence",
        "buildingType": "RESIDENCE",
        "material": "STONE_BRICK"
      }
    },
    {
      "type": "Feature",
      "geometry": {
        "type": "Polygon",
        "coordinates": [
          [
            [
              -22.66,
              -89.79
            ],
            [
              -12.43,
              -82.3
            ],
            [
              -18.47,
              -74.05
            ],
            [
              -28.7,
              -81.54
            ],
            [
              -22.66,
              -89.79
            ]
          ]
        ]
      },
      "properties": {
        "id": 122,
        "type": "BUILDING",
        "name": "The Phororoth Residence",
        "buildingType": "RESIDENCE",
        "material": "STONE_BRICK"
      }
    },
    {
      "type": "Feature",
      "geometry": {
        "type": "Polygon",
        "coordinates": [
          [
            [
              82.92,
              -8.12
            ],
            [
              90.8,
              0.48
            ],
            [
              83.27,
              7.25
            ],
            [
              75.54,
              -1.36
            ],
            [
              82.92,
              -8.12
            ]
          ]
        ]
      },
      "properties": {
        "id": 123,
        "type": "BUILDING",
        "name": "Residence",
        "buildingType": "RESIDENCE",
        "material": "STONE_BRICK"
      }
    },
    {
      "type": "Feature",
      "geometry": {
        "type": "Polygon",
        "coordinates": [
          [
            [
              40.61,
              -117.89
            ],
            [
              49.79,
              -111.02
            ],
            [
              43.3,
              -102.33
            ],
            [
              34.11,
              -109.2
            ],
            [
              40.61,
              -117.89
            ]
          ]
        ]
      },
      "properties": {
        "id": 124,
        "type": "BUILDING",
        "name": "The Agatenail Residence",
        "buildingType": "RESIDENCE",
        "material": "STONE_BRICK"
      }
    },
    {
      "type": "Feature",
      "geometry": {
        "type": "Polygon",
        "coordinates": [
          [
            [
              -69.49,
              -148.37
            ],
            [
              -60.33,
              -138.33
            ],
            [
              -69.1,
              -132.46
            ],
            [
              -77.24,
              -141.3
            ],
            [
              -69.49,
              -148.37
            ]
          ]
        ]
      },
      "properties": {
        "id": 125,
        "type": "BUILDING",
        "name": "The Magmabound Residence",
        "buildingType": "RESIDENCE",
        "material": "STONE_BRICK"
      }
    },
    {
      "type": "Feature",
      "geometry": {
        "type": "Polygon",
        "coordinates": [
          [
            [
              96.84,
              78.01
            ],
            [
              105.32,
              84.54
            ],
            [
              99.55,
              92.05
            ],
            [
              91.06,
              85.53
            ],
            [
              96.84,
              78.01
            ]
          ]
        ]
      },
      "properties": {
        "id": 126,
        "type": "BUILDING",
        "name": "The Oldmathom Residence",
        "buildingType": "RESIDENCE",
        "material": "STONE_BRICK"
      }
    },
    {
      "type": "Feature",
      "geometry": {
        "type": "Polygon",
        "coordinates": [
          [
            [
              119.52,
              96.65
            ],
            [
              126,
              102.13
            ],
            [
              120.4,
              108.76
            ],
            [
              114.22,
              103.54
            ],
            [
              119.52,
              96.65
            ]
          ]
        ]
      },
      "properties": {
        "id": 127,
        "type": "BUILDING",
        "name": "The Maerntlithar Residence",
        "buildingType": "RESIDENCE",
        "material": "STONE_BRICK"
      }
    },
    {
      "type": "Feature",
      "geometry": {
        "type": "Polygon",
        "coordinates": [
          [
            [
              0.16,
              5.73
            ],
            [
              7.98,
              11.37
            ],
            [
              2.25,
              19.31
            ],
            [
              -5.69,
              13.58
            ],
            [
              0.16,
              5.73
            ]
          ]
        ]
      },
      "properties": {
        "id": 128,
        "type": "BUILDING",
        "name": "The Maerntlithar Residence",
        "buildingType": "RESIDENCE",
        "material": "STONE_BRICK"
      }
    },
    {
      "type": "Feature",
      "geometry": {
        "type": "Polygon",
        "coordinates": [
          [
            [
              20.38,
              -3
            ],
            [
              28.86,
              3.12
            ],
            [
              23.08,
              11.13
            ],
            [
              14.6,
              5.02
            ],
            [
              20.38,
              -3
            ]
          ]
        ]
      },
      "properties": {
        "id": 129,
        "type": "BUILDING",
        "name": "The Maerntlithar Residence",
        "buildingType": "RESIDENCE",
        "material": "STONE_BRICK"
      }
    },
    {
      "type": "Feature",
      "geometry": {
        "type": "Polygon",
        "coordinates": [
          [
            [
              26.95,
              -56.16
            ],
            [
              34.51,
              -48.68
            ],
            [
              26.62,
              -40.8
            ],
            [
              17.99,
              -47.11
            ],
            [
              26.95,
              -56.16
            ]
          ]
        ]
      },
      "properties": {
        "id": 130,
        "type": "BUILDING",
        "name": "The Brocksmoke Residence",
        "buildingType": "RESIDENCE",
        "material": "STONE_BRICK"
      }
    },
    {
      "type": "Feature",
      "geometry": {
        "type": "Polygon",
        "coordinates": [
          [
            [
              122.88,
              58.01
            ],
            [
              133.44,
              66.12
            ],
            [
              127,
              74.39
            ],
            [
              115.11,
              65.12
            ],
            [
              122.88,
              58.01
            ]
          ]
        ]
      },
      "properties": {
        "id": 131,
        "type": "BUILDING",
        "name": "The Eytherthym Residence",
        "buildingType": "RESIDENCE",
        "material": "STONE_BRICK"
      }
    },
    {
      "type": "Feature",
      "geometry": {
        "type": "Polygon",
        "coordinates": [
          [
            [
              -101.65,
              -159.07
            ],
            [
              -92.71,
              -149.11
            ],
            [
              -100.82,
              -141.64
            ],
            [
              -109.85,
              -151.72
            ],
            [
              -101.65,
              -159.07
            ]
          ]
        ]
      },
      "properties": {
        "id": 132,
        "type": "BUILDING",
        "name": "The Brocksmoke Residence",
        "buildingType": "RESIDENCE",
        "material": "STONE_BRICK"
      }
    },
    {
      "type": "Feature",
      "geometry": {
        "type": "Polygon",
        "coordinates": [
          [
            [
              -44.02,
              -141.92
            ],
            [
              -37.99,
              -132.92
            ],
            [
              -49.16,
              -125.45
            ],
            [
              -55.15,
              -134.47
            ],
            [
              -44.02,
              -141.92
            ]
          ]
        ]
      },
      "properties": {
        "id": 133,
        "type": "BUILDING",
        "name": "The Oldmathom Residence",
        "buildingType": "RESIDENCE",
        "material": "STONE_BRICK"
      }
    },
    {
      "type": "Feature",
      "geometry": {
        "type": "Polygon",
        "coordinates": [
          [
            [
              -11.22,
              -81.41
            ],
            [
              -0.5,
              -73.56
            ],
            [
              -6.84,
              -64.91
            ],
            [
              -17.56,
              -72.76
            ],
            [
              -11.22,
              -81.41
            ]
          ]
        ]
      },
      "properties": {
        "id": 134,
        "type": "BUILDING",
        "name": "The Juaxmanar Residence",
        "buildingType": "RESIDENCE",
        "material": "STONE_BRICK"
      }
    },
    {
      "type": "Feature",
      "geometry": {
        "type": "Polygon",
        "coordinates": [
          [
            [
              18.4,
              -147.46
            ],
            [
              27.24,
              -142.18
            ],
            [
              21.78,
              -133.03
            ],
            [
              12.94,
              -138.31
            ],
            [
              18.4,
              -147.46
            ]
          ]
        ]
      },
      "properties": {
        "id": 135,
        "type": "BUILDING",
        "name": "Residence",
        "buildingType": "RESIDENCE",
        "material": "STONE_BRICK"
      }
    },
    {
      "type": "Feature",
      "geometry": {
        "type": "Polygon",
        "coordinates": [
          [
            [
              111.39,
              -158.06
            ],
            [
              120.38,
              -152.76
            ],
            [
              114.07,
              -142.05
            ],
            [
              105.08,
              -147.36
            ],
            [
              111.39,
              -158.06
            ]
          ]
        ]
      },
      "properties": {
        "id": 136,
        "type": "BUILDING",
        "name": "The Mathhedge Residence",
        "buildingType": "RESIDENCE",
        "material": "STONE_BRICK"
      }
    },
    {
      "type": "Feature",
      "geometry": {
        "type": "Polygon",
        "coordinates": [
          [
            [
              89.88,
              -155.55
            ],
            [
              99.06,
              -150.13
            ],
            [
              92.54,
              -139.07
            ],
            [
              83.38,
              -144.54
            ],
            [
              89.88,
              -155.55
            ]
          ]
        ]
      },
      "properties": {
        "id": 137,
        "type": "BUILDING",
        "name": "The Kajabor Residence",
        "buildingType": "RESIDENCE",
        "material": "STONE_BRICK"
      }
    },
    {
      "type": "Feature",
      "geometry": {
        "type": "Polygon",
        "coordinates": [
          [
            [
              -79.31,
              -159.15
            ],
            [
              -70.5,
              -149.48
            ],
            [
              -78.04,
              -142.6
            ],
            [
              -86.87,
              -152.18
            ],
            [
              -79.31,
              -159.15
            ]
          ]
        ]
      },
      "properties": {
        "id": 138,
        "type": "BUILDING",
        "name": "The Tyrsithek Residence",
        "buildingType": "RESIDENCE",
        "material": "STONE_BRICK"
      }
    },
    {
      "type": "Feature",
      "geometry": {
        "type": "Polygon",
        "coordinates": [
          [
            [
              30.8,
              -168.57
            ],
            [
              41.42,
              -162.23
            ],
            [
              35.97,
              -153.11
            ],
            [
              25.35,
              -159.45
            ],
            [
              30.8,
              -168.57
            ]
          ]
        ]
      },
      "properties": {
        "id": 139,
        "type": "BUILDING",
        "name": "Residence",
        "buildingType": "RESIDENCE",
        "material": "STONE_BRICK"
      }
    },
    {
      "type": "Feature",
      "geometry": {
        "type": "Polygon",
        "coordinates": [
          [
            [
              -224.86,
              -93.74
            ],
            [
              -214.89,
              -91.22
            ],
            [
              -217.01,
              -82.71
            ],
            [
              -227.02,
              -85.2
            ],
            [
              -224.86,
              -93.74
            ]
          ]
        ]
      },
      "properties": {
        "id": 140,
        "type": "BUILDING",
        "name": "Residence",
        "buildingType": "RESIDENCE",
        "material": "STONE_BRICK"
      }
    },
    {
      "type": "Feature",
      "geometry": {
        "type": "Polygon",
        "coordinates": [
          [
            [
              36.3,
              -65.61
            ],
            [
              44.77,
              -59.27
            ],
            [
              35.4,
              -49.9
            ],
            [
              28,
              -57.23
            ],
            [
              36.3,
              -65.61
            ]
          ]
        ]
      },
      "properties": {
        "id": 141,
        "type": "BUILDING",
        "name": "The Slateforge Residence",
        "buildingType": "RESIDENCE",
        "material": "STONE_BRICK"
      }
    },
    {
      "type": "Feature",
      "geometry": {
        "type": "Polygon",
        "coordinates": [
          [
            [
              159.83,
              -151.01
            ],
            [
              169.55,
              -142.39
            ],
            [
              162.65,
              -134.59
            ],
            [
              152.92,
              -143.21
            ],
            [
              159.83,
              -151.01
            ]
          ]
        ]
      },
      "properties": {
        "id": 142,
        "type": "BUILDING",
        "name": "The Mathhedge Residence",
        "buildingType": "RESIDENCE",
        "material": "STONE_BRICK"
      }
    },
    {
      "type": "Feature",
      "geometry": {
        "type": "Polygon",
        "coordinates": [
          [
            [
              87.22,
              70.51
            ],
            [
              95.7,
              77.03
            ],
            [
              89.87,
              84.61
            ],
            [
              81.39,
              78.09
            ],
            [
              87.22,
              70.51
            ]
          ]
        ]
      },
      "properties": {
        "id": 143,
        "type": "BUILDING",
        "name": "Residence",
        "buildingType": "RESIDENCE",
        "material": "STONE_BRICK"
      }
    },
    {
      "type": "Feature",
      "geometry": {
        "type": "Polygon",
        "coordinates": [
          [
            [
              168.76,
              75.2
            ],
            [
              178.41,
              85.46
            ],
            [
              170.91,
              92.43
            ],
            [
              161.36,
              82.15
            ],
            [
              168.76,
              75.2
            ]
          ]
        ]
      },
      "properties": {
        "id": 144,
        "type": "BUILDING",
        "name": "The Starkmantle Residence",
        "buildingType": "RESIDENCE",
        "material": "STONE_BRICK"
      }
    },
    {
      "type": "Feature",
      "geometry": {
        "type": "Polygon",
        "coordinates": [
          [
            [
              -135.1,
              -210.79
            ],
            [
              -126.31,
              -202.2
            ],
            [
              -132.53,
              -193.87
            ],
            [
              -142.31,
              -203.35
            ],
            [
              -135.1,
              -210.79
            ]
          ]
        ]
      },
      "properties": {
        "id": 145,
        "type": "BUILDING",
        "name": "The Lightpatch Residence",
        "buildingType": "RESIDENCE",
        "material": "STONE_BRICK"
      }
    },
    {
      "type": "Feature",
      "geometry": {
        "type": "Polygon",
        "coordinates": [
          [
            [
              -21.13,
              -197.92
            ],
            [
              -11.82,
              -191.09
            ],
            [
              -17.82,
              -182.73
            ],
            [
              -27.29,
              -189.53
            ],
            [
              -21.13,
              -197.92
            ]
          ]
        ]
      },
      "properties": {
        "id": 146,
        "type": "BUILDING",
        "name": "The Aleananea Residence",
        "buildingType": "RESIDENCE",
        "material": "STONE_BRICK"
      }
    },
    {
      "type": "Feature",
      "geometry": {
        "type": "Polygon",
        "coordinates": [
          [
            [
              157.25,
              103.66
            ],
            [
              165,
              110.21
            ],
            [
              159.2,
              117.08
            ],
            [
              151.45,
              110.54
            ],
            [
              157.25,
              103.66
            ]
          ]
        ]
      },
      "properties": {
        "id": 147,
        "type": "BUILDING",
        "name": "Residence",
        "buildingType": "RESIDENCE",
        "material": "STONE_BRICK"
      }
    },
    {
      "type": "Feature",
      "geometry": {
        "type": "Polygon",
        "coordinates": [
          [
            [
              59.22,
              -29.81
            ],
            [
              68.36,
              -23.11
            ],
            [
              61.93,
              -14.34
            ],
            [
              52.79,
              -21.03
            ],
            [
              59.22,
              -29.81
            ]
          ]
        ]
      },
      "properties": {
        "id": 148,
        "type": "BUILDING",
        "name": "The Treesk Residence",
        "buildingType": "RESIDENCE",
        "material": "STONE_BRICK"
      }
    },
    {
      "type": "Feature",
      "geometry": {
        "type": "Polygon",
        "coordinates": [
          [
            [
              96.91,
              -39.13
            ],
            [
              105.95,
              -32.38
            ],
            [
              116.08,
              -45.93
            ],
            [
              120.6,
              -42.55
            ],
            [
              125.67,
              -49.33
            ],
            [
              121.15,
              -52.71
            ],
            [
              121.71,
              -55.81
            ],
            [
              121.14,
              -59.76
            ],
            [
              118.88,
              -61.45
            ],
            [
              114.93,
              -60.88
            ],
            [
              112.11,
              -59.46
            ],
            [
              107.6,
              -62.84
            ],
            [
              102.53,
              -56.07
            ],
            [
              107.05,
              -52.69
            ],
            [
              96.91,
              -39.13
            ]
          ]
        ]
      },
      "properties": {
        "id": 149,
        "type": "BUILDING",
        "name": "Sanctum of Oton",
        "buildingType": "RELIGIOUS",
        "material": "STONE_BRICK"
      }
    },
    {
      "type": "Feature",
      "geometry": {
        "type": "Polygon",
        "coordinates": [
          [
            [
              39.78,
              10.98
            ],
            [
              48.26,
              17.1
            ],
            [
              42.77,
              24.72
            ],
            [
              34.29,
              18.6
            ],
            [
              39.78,
              10.98
            ]
          ]
        ]
      },
      "properties": {
        "id": 150,
        "type": "BUILDING",
        "name": "The Bannivirrea Residence",
        "buildingType": "RESIDENCE",
        "material": "STONE_BRICK"
      }
    },
    {
      "type": "Feature",
      "geometry": {
        "type": "Polygon",
        "coordinates": [
          [
            [
              138.69,
              -227.53
            ],
            [
              147.95,
              -221.98
            ],
            [
              141.57,
              -211.32
            ],
            [
              132.21,
              -216.7
            ],
            [
              138.69,
              -227.53
            ]
          ]
        ]
      },
      "properties": {
        "id": 151,
        "type": "BUILDING",
        "name": "Residence",
        "buildingType": "RESIDENCE",
        "material": "STONE_BRICK"
      }
    },
    {
      "type": "Feature",
      "geometry": {
        "type": "Polygon",
        "coordinates": [
          [
            [
              -52.1,
              -78.72
            ],
            [
              -45.01,
              -70.62
            ],
            [
              -49.11,
              -65.02
            ],
            [
              -57.58,
              -71.22
            ],
            [
              -52.1,
              -78.72
            ]
          ]
        ]
      },
      "properties": {
        "id": 152,
        "type": "BUILDING",
        "name": "The Mountainhelm Residence",
        "buildingType": "RESIDENCE",
        "material": "STONE_BRICK"
      }
    },
    {
      "type": "Feature",
      "geometry": {
        "type": "Polygon",
        "coordinates": [
          [
            [
              107.83,
              63.48
            ],
            [
              116.37,
              70.05
            ],
            [
              110.97,
              77.08
            ],
            [
              102.43,
              70.52
            ],
            [
              107.83,
              63.48
            ]
          ]
        ]
      },
      "properties": {
        "id": 153,
        "type": "BUILDING",
        "name": "Residence",
        "buildingType": "RESIDENCE",
        "material": "STONE_BRICK"
      }
    },
    {
      "type": "Feature",
      "geometry": {
        "type": "Polygon",
        "coordinates": [
          [
            [
              -6.63,
              -154.41
            ],
            [
              1.43,
              -146.29
            ],
            [
              -5.91,
              -138.8
            ],
            [
              -14.08,
              -146.81
            ],
            [
              -6.63,
              -154.41
            ]
          ]
        ]
      },
      "properties": {
        "id": 154,
        "type": "BUILDING",
        "name": "Residence",
        "buildingType": "RESIDENCE",
        "material": "STONE_BRICK"
      }
    },
    {
      "type": "Feature",
      "geometry": {
        "type": "Polygon",
        "coordinates": [
          [
            [
              130.54,
              81.12
            ],
            [
              138.31,
              87.67
            ],
            [
              132.18,
              94.92
            ],
            [
              124.75,
              88.65
            ],
            [
              130.54,
              81.12
            ]
          ]
        ]
      },
      "properties": {
        "id": 155,
        "type": "BUILDING",
        "name": "Residence",
        "buildingType": "RESIDENCE",
        "material": "STONE_BRICK"
      }
    },
    {
      "type": "Feature",
      "geometry": {
        "type": "Polygon",
        "coordinates": [
          [
            [
              82.27,
              16.66
            ],
            [
              91.1,
              25.2
            ],
            [
              83.93,
              32.59
            ],
            [
              74.61,
              23.54
            ],
            [
              82.27,
              16.66
            ]
          ]
        ]
      },
      "properties": {
        "id": 156,
        "type": "BUILDING",
        "name": "Residence",
        "buildingType": "RESIDENCE",
        "material": "STONE_BRICK"
      }
    },
    {
      "type": "Feature",
      "geometry": {
        "type": "Polygon",
        "coordinates": [
          [
            [
              104.85,
              14.33
            ],
            [
              113.99,
              23.16
            ],
            [
              114.02,
              23.2
            ],
            [
              105.97,
              30.57
            ],
            [
              97.27,
              22.16
            ],
            [
              104.85,
              14.33
            ]
          ]
        ]
      },
      "properties": {
        "id": 157,
        "type": "BUILDING",
        "name": "Residence",
        "buildingType": "RESIDENCE",
        "material": "STONE_BRICK"
      }
    },
    {
      "type": "Feature",
      "geometry": {
        "type": "Polygon",
        "coordinates": [
          [
            [
              135.62,
              109.7
            ],
            [
              142.68,
              115.66
            ],
            [
              136.8,
              122.62
            ],
            [
              129.75,
              116.65
            ],
            [
              135.62,
              109.7
            ]
          ]
        ]
      },
      "properties": {
        "id": 158,
        "type": "BUILDING",
        "name": "The Heaprogers Residence",
        "buildingType": "RESIDENCE",
        "material": "STONE_BRICK"
      }
    },
    {
      "type": "Feature",
      "geometry": {
        "type": "Polygon",
        "coordinates": [
          [
            [
              -201.83,
              -88.19
            ],
            [
              -191.69,
              -85.63
            ],
            [
              -193.87,
              -76.97
            ],
            [
              -203.99,
              -79.48
            ],
            [
              -201.83,
              -88.19
            ]
          ]
        ]
      },
      "properties": {
        "id": 159,
        "type": "BUILDING",
        "name": "The Briskfeast Residence",
        "buildingType": "RESIDENCE",
        "material": "STONE_BRICK"
      }
    },
    {
      "type": "Feature",
      "geometry": {
        "type": "Polygon",
        "coordinates": [
          [
            [
              -114.97,
              -114.71
            ],
            [
              -108.94,
              -105.7
            ],
            [
              -119.44,
              -98.67
            ],
            [
              -125.48,
              -107.68
            ],
            [
              -114.97,
              -114.71
            ]
          ]
        ]
      },
      "properties": {
        "id": 160,
        "type": "BUILDING",
        "name": "The Braceweed Residence",
        "buildingType": "RESIDENCE",
        "material": "STONE_BRICK"
      }
    },
    {
      "type": "Feature",
      "geometry": {
        "type": "Polygon",
        "coordinates": [
          [
            [
              -20.06,
              -122.46
            ],
            [
              -11.32,
              -116.06
            ],
            [
              -17.95,
              -107.01
            ],
            [
              -26.68,
              -113.41
            ],
            [
              -20.06,
              -122.46
            ]
          ]
        ]
      },
      "properties": {
        "id": 161,
        "type": "BUILDING",
        "name": "The Brocksmoke Residence",
        "buildingType": "RESIDENCE",
        "material": "STONE_BRICK"
      }
    },
    {
      "type": "Feature",
      "geometry": {
        "type": "Polygon",
        "coordinates": [
          [
            [
              15.83,
              -113.23
            ],
            [
              25.49,
              -107.32
            ],
            [
              19.23,
              -98.95
            ],
            [
              10.39,
              -104.33
            ],
            [
              15.83,
              -113.23
            ]
          ]
        ]
      },
      "properties": {
        "id": 162,
        "type": "BUILDING",
        "name": "The Amberchant Residence",
        "buildingType": "RESIDENCE",
        "material": "STONE_BRICK"
      }
    },
    {
      "type": "Feature",
      "geometry": {
        "type": "Polygon",
        "coordinates": [
          [
            [
              -21.86,
              -67.41
            ],
            [
              -11.39,
              -59.74
            ],
            [
              -17.37,
              -51.59
            ],
            [
              -27.84,
              -59.25
            ],
            [
              -21.86,
              -67.41
            ]
          ]
        ]
      },
      "properties": {
        "id": 163,
        "type": "BUILDING",
        "name": "The Aleanettln Residence",
        "buildingType": "RESIDENCE",
        "material": "STONE_BRICK"
      }
    },
    {
      "type": "Feature",
      "geometry": {
        "type": "Polygon",
        "coordinates": [
          [
            [
              -7.26,
              14.55
            ],
            [
              1.65,
              20.97
            ],
            [
              -6.44,
              31.84
            ],
            [
              -15.25,
              25.28
            ],
            [
              -7.26,
              14.55
            ]
          ]
        ]
      },
      "properties": {
        "id": 164,
        "type": "BUILDING",
        "name": "The Lavahome Residence",
        "buildingType": "RESIDENCE",
        "material": "STONE_BRICK"
      }
    },
    {
      "type": "Feature",
      "geometry": {
        "type": "Polygon",
        "coordinates": [
          [
            [
              99.39,
              94.07
            ],
            [
              107.4,
              100.23
            ],
            [
              99.81,
              110.1
            ],
            [
              91.8,
              103.94
            ],
            [
              99.39,
              94.07
            ]
          ]
        ]
      },
      "properties": {
        "id": 165,
        "type": "BUILDING",
        "name": "Residence",
        "buildingType": "RESIDENCE",
        "material": "STONE_BRICK"
      }
    },
    {
      "type": "Feature",
      "geometry": {
        "type": "Polygon",
        "coordinates": [
          [
            [
              -74.03,
              75.81
            ],
            [
              -87.47,
              93.68
            ],
            [
              -81.51,
              98.16
            ],
            [
              -72.55,
              86.24
            ],
            [
              -66.59,
              90.72
            ],
            [
              -75.55,
              102.64
            ],
            [
              -69.59,
              107.12
            ],
            [
              -56.16,
              89.24
            ],
            [
              -74.03,
              75.81
            ]
          ]
        ]
      },
      "properties": {
        "id": 166,
        "type": "BUILDING",
        "name": "Community Hall",
        "buildingType": "FACTION",
        "material": "STONE_BRICK"
      }
    },
    {
      "type": "Feature",
      "geometry": {
        "type": "LineString",
        "coordinates": [
          [
            -304.51,
            296.55
          ],
          [
            -318.29,
            249.24
          ]
        ]
      },
      "properties": {
        "id": 1,
        "type": "EDGE",
        "edgeType": "WATERFRONT"
      }
    },
    {
      "type": "Feature",
      "geometry": {
        "type": "LineString",
        "coordinates": [
          [
            -318.29,
            249.24
          ],
          [
            -330.75,
            201.55
          ]
        ]
      },
      "properties": {
        "id": 2,
        "type": "EDGE",
        "edgeType": "WATERFRONT"
      }
    },
    {
      "type": "Feature",
      "geometry": {
        "type": "LineString",
        "coordinates": [
          [
            -330.75,
            201.55
          ],
          [
            -341.9,
            153.4
          ]
        ]
      },
      "properties": {
        "id": 3,
        "type": "EDGE",
        "edgeType": "WATERFRONT"
      }
    },
    {
      "type": "Feature",
      "geometry": {
        "type": "LineString",
        "coordinates": [
          [
            -341.9,
            153.4
          ],
          [
            -352.04,
            104.66
          ]
        ]
      },
      "properties": {
        "id": 4,
        "type": "EDGE",
        "edgeType": "WATERFRONT"
      }
    },
    {
      "type": "Feature",
      "geometry": {
        "type": "LineString",
        "coordinates": [
          [
            -352.04,
            104.66
          ],
          [
            -361.87,
            55.35
          ]
        ]
      },
      "properties": {
        "id": 5,
        "type": "EDGE",
        "edgeType": "WATERFRONT"
      }
    },
    {
      "type": "Feature",
      "geometry": {
        "type": "LineString",
        "coordinates": [
          [
            -361.87,
            55.35
          ],
          [
            -372.35,
            5.63
          ]
        ]
      },
      "properties": {
        "id": 6,
        "type": "EDGE",
        "edgeType": "WATERFRONT"
      }
    },
    {
      "type": "Feature",
      "geometry": {
        "type": "LineString",
        "coordinates": [
          [
            -372.35,
            5.63
          ],
          [
            -384.55,
            -44.19
          ]
        ]
      },
      "properties": {
        "id": 7,
        "type": "EDGE",
        "edgeType": "WATERFRONT"
      }
    },
    {
      "type": "Feature",
      "geometry": {
        "type": "LineString",
        "coordinates": [
          [
            -384.55,
            -44.19
          ],
          [
            -399.33,
            -93.61
          ]
        ]
      },
      "properties": {
        "id": 8,
        "type": "EDGE",
        "edgeType": "WATERFRONT"
      }
    },
    {
      "type": "Feature",
      "geometry": {
        "type": "LineString",
        "coordinates": [
          [
            -399.33,
            -93.61
          ],
          [
            -417.18,
            -142.1
          ]
        ]
      },
      "properties": {
        "id": 9,
        "type": "EDGE",
        "edgeType": "WATERFRONT"
      }
    },
    {
      "type": "Feature",
      "geometry": {
        "type": "LineString",
        "coordinates": [
          [
            -417.18,
            -142.1
          ],
          [
            -438.11,
            -189.21
          ]
        ]
      },
      "properties": {
        "id": 10,
        "type": "EDGE",
        "edgeType": "WATERFRONT"
      }
    },
    {
      "type": "Feature",
      "geometry": {
        "type": "LineString",
        "coordinates": [
          [
            -438.11,
            -189.21
          ],
          [
            -461.69,
            -234.69
          ]
        ]
      },
      "properties": {
        "id": 11,
        "type": "EDGE",
        "edgeType": "WATERFRONT"
      }
    },
    {
      "type": "Feature",
      "geometry": {
        "type": "LineString",
        "coordinates": [
          [
            -461.69,
            -234.69
          ],
          [
            -487.18,
            -278.61
          ]
        ]
      },
      "properties": {
        "id": 12,
        "type": "EDGE",
        "edgeType": "WATERFRONT"
      }
    },
    {
      "type": "Feature",
      "geometry": {
        "type": "LineString",
        "coordinates": [
          [
            -487.18,
            -278.61
          ],
          [
            -513.72,
            -321.28
          ]
        ]
      },
      "properties": {
        "id": 13,
        "type": "EDGE",
        "edgeType": "WATERFRONT"
      }
    },
    {
      "type": "Feature",
      "geometry": {
        "type": "LineString",
        "coordinates": [
          [
            -513.72,
            -321.28
          ],
          [
            -540.4,
            -363.25
          ]
        ]
      },
      "properties": {
        "id": 14,
        "type": "EDGE",
        "edgeType": "WATERFRONT"
      }
    },
    {
      "type": "Feature",
      "geometry": {
        "type": "LineString",
        "coordinates": [
          [
            -540.4,
            -363.25
          ],
          [
            -566.41,
            -405.12
          ]
        ]
      },
      "properties": {
        "id": 15,
        "type": "EDGE",
        "edgeType": "WATERFRONT"
      }
    },
    {
      "type": "Feature",
      "geometry": {
        "type": "LineString",
        "coordinates": [
          [
            -566.41,
            -405.12
          ],
          [
            -591.1,
            -447.41
          ]
        ]
      },
      "properties": {
        "id": 16,
        "type": "EDGE",
        "edgeType": "WATERFRONT"
      }
    },
    {
      "type": "Feature",
      "geometry": {
        "type": "LineString",
        "coordinates": [
          [
            -591.1,
            -447.41
          ],
          [
            -613.98,
            -490.49
          ]
        ]
      },
      "properties": {
        "id": 17,
        "type": "EDGE",
        "edgeType": "WATERFRONT"
      }
    },
    {
      "type": "Feature",
      "geometry": {
        "type": "LineString",
        "coordinates": [
          [
            -613.98,
            -490.49
          ],
          [
            -634.73,
            -534.51
          ]
        ]
      },
      "properties": {
        "id": 18,
        "type": "EDGE",
        "edgeType": "WATERFRONT"
      }
    },
    {
      "type": "Feature",
      "geometry": {
        "type": "LineString",
        "coordinates": [
          [
            -634.73,
            -534.51
          ],
          [
            -653.14,
            -579.52
          ]
        ]
      },
      "properties": {
        "id": 19,
        "type": "EDGE",
        "edgeType": "WATERFRONT"
      }
    },
    {
      "type": "Feature",
      "geometry": {
        "type": "LineString",
        "coordinates": [
          [
            -653.14,
            -579.52
          ],
          [
            -669.13,
            -625.45
          ]
        ]
      },
      "properties": {
        "id": 20,
        "type": "EDGE",
        "edgeType": "WATERFRONT"
      }
    },
    {
      "type": "Feature",
      "geometry": {
        "type": "LineString",
        "coordinates": [
          [
            -669.13,
            -625.45
          ],
          [
            -682.64,
            -672.2
          ]
        ]
      },
      "properties": {
        "id": 21,
        "type": "EDGE",
        "edgeType": "WATERFRONT"
      }
    },
    {
      "type": "Feature",
      "geometry": {
        "type": "LineString",
        "coordinates": [
          [
            -682.64,
            -672.2
          ],
          [
            -693.71,
            -719.66
          ]
        ]
      },
      "properties": {
        "id": 22,
        "type": "EDGE",
        "edgeType": "WATERFRONT"
      }
    },
    {
      "type": "Feature",
      "geometry": {
        "type": "LineString",
        "coordinates": [
          [
            -693.71,
            -719.66
          ],
          [
            -702.41,
            -767.7
          ]
        ]
      },
      "properties": {
        "id": 23,
        "type": "EDGE",
        "edgeType": "WATERFRONT"
      }
    },
    {
      "type": "Feature",
      "geometry": {
        "type": "LineString",
        "coordinates": [
          [
            -702.41,
            -767.7
          ],
          [
            -708.92,
            -816.26
          ]
        ]
      },
      "properties": {
        "id": 24,
        "type": "EDGE",
        "edgeType": "WATERFRONT"
      }
    },
    {
      "type": "Feature",
      "geometry": {
        "type": "LineString",
        "coordinates": [
          [
            -708.92,
            -816.26
          ],
          [
            -713.53,
            -865.31
          ]
        ]
      },
      "properties": {
        "id": 25,
        "type": "EDGE",
        "edgeType": "WATERFRONT"
      }
    },
    {
      "type": "Feature",
      "geometry": {
        "type": "LineString",
        "coordinates": [
          [
            -713.53,
            -865.31
          ],
          [
            -716.73,
            -914.83
          ]
        ]
      },
      "properties": {
        "id": 26,
        "type": "EDGE",
        "edgeType": "WATERFRONT"
      }
    },
    {
      "type": "Feature",
      "geometry": {
        "type": "LineString",
        "coordinates": [
          [
            -716.73,
            -914.83
          ],
          [
            -719.23,
            -964.81
          ]
        ]
      },
      "properties": {
        "id": 27,
        "type": "EDGE",
        "edgeType": "WATERFRONT"
      }
    },
    {
      "type": "Feature",
      "geometry": {
        "type": "LineString",
        "coordinates": [
          [
            -719.23,
            -964.81
          ],
          [
            -721.05,
            -1000
          ]
        ]
      },
      "properties": {
        "id": 28,
        "type": "EDGE",
        "edgeType": "WATERFRONT"
      }
    },
    {
      "type": "Feature",
      "geometry": {
        "type": "LineString",
        "coordinates": [
          [
            -721.05,
            -1000
          ],
          [
            -772.29,
            -1000
          ]
        ]
      },
      "properties": {
        "id": 29,
        "type": "EDGE",
        "edgeType": "BORDER"
      }
    },
    {
      "type": "Feature",
      "geometry": {
        "type": "LineString",
        "coordinates": [
          [
            -772.29,
            -1000
          ],
          [
            -770.33,
            -962.16
          ]
        ]
      },
      "properties": {
        "id": 30,
        "type": "EDGE",
        "edgeType": "WATERFRONT"
      }
    },
    {
      "type": "Feature",
      "geometry": {
        "type": "LineString",
        "coordinates": [
          [
            -770.33,
            -962.16
          ],
          [
            -767.84,
            -912.27
          ]
        ]
      },
      "properties": {
        "id": 31,
        "type": "EDGE",
        "edgeType": "WATERFRONT"
      }
    },
    {
      "type": "Feature",
      "geometry": {
        "type": "LineString",
        "coordinates": [
          [
            -767.84,
            -912.27
          ],
          [
            -764.59,
            -862
          ]
        ]
      },
      "properties": {
        "id": 32,
        "type": "EDGE",
        "edgeType": "WATERFRONT"
      }
    },
    {
      "type": "Feature",
      "geometry": {
        "type": "LineString",
        "coordinates": [
          [
            -764.59,
            -862
          ],
          [
            -759.86,
            -811.48
          ]
        ]
      },
      "properties": {
        "id": 33,
        "type": "EDGE",
        "edgeType": "WATERFRONT"
      }
    },
    {
      "type": "Feature",
      "geometry": {
        "type": "LineString",
        "coordinates": [
          [
            -759.86,
            -811.48
          ],
          [
            -753.13,
            -760.93
          ]
        ]
      },
      "properties": {
        "id": 34,
        "type": "EDGE",
        "edgeType": "WATERFRONT"
      }
    },
    {
      "type": "Feature",
      "geometry": {
        "type": "LineString",
        "coordinates": [
          [
            -753.13,
            -760.93
          ],
          [
            -744.06,
            -710.56
          ]
        ]
      },
      "properties": {
        "id": 35,
        "type": "EDGE",
        "edgeType": "WATERFRONT"
      }
    },
    {
      "type": "Feature",
      "geometry": {
        "type": "LineString",
        "coordinates": [
          [
            -744.06,
            -710.56
          ],
          [
            -732.48,
            -660.61
          ]
        ]
      },
      "properties": {
        "id": 36,
        "type": "EDGE",
        "edgeType": "WATERFRONT"
      }
    },
    {
      "type": "Feature",
      "geometry": {
        "type": "LineString",
        "coordinates": [
          [
            -732.48,
            -660.61
          ],
          [
            -718.29,
            -611.28
          ]
        ]
      },
      "properties": {
        "id": 37,
        "type": "EDGE",
        "edgeType": "WATERFRONT"
      }
    },
    {
      "type": "Feature",
      "geometry": {
        "type": "LineString",
        "coordinates": [
          [
            -718.29,
            -611.28
          ],
          [
            -701.48,
            -562.74
          ]
        ]
      },
      "properties": {
        "id": 38,
        "type": "EDGE",
        "edgeType": "WATERFRONT"
      }
    },
    {
      "type": "Feature",
      "geometry": {
        "type": "LineString",
        "coordinates": [
          [
            -701.48,
            -562.74
          ],
          [
            -682.1,
            -515.17
          ]
        ]
      },
      "properties": {
        "id": 39,
        "type": "EDGE",
        "edgeType": "WATERFRONT"
      }
    },
    {
      "type": "Feature",
      "geometry": {
        "type": "LineString",
        "coordinates": [
          [
            -682.1,
            -515.17
          ],
          [
            -660.28,
            -468.71
          ]
        ]
      },
      "properties": {
        "id": 40,
        "type": "EDGE",
        "edgeType": "WATERFRONT"
      }
    },
    {
      "type": "Feature",
      "geometry": {
        "type": "LineString",
        "coordinates": [
          [
            -660.28,
            -468.71
          ],
          [
            -636.3,
            -423.44
          ]
        ]
      },
      "properties": {
        "id": 41,
        "type": "EDGE",
        "edgeType": "WATERFRONT"
      }
    },
    {
      "type": "Feature",
      "geometry": {
        "type": "LineString",
        "coordinates": [
          [
            -636.3,
            -423.44
          ],
          [
            -610.62,
            -379.34
          ]
        ]
      },
      "properties": {
        "id": 42,
        "type": "EDGE",
        "edgeType": "WATERFRONT"
      }
    },
    {
      "type": "Feature",
      "geometry": {
        "type": "LineString",
        "coordinates": [
          [
            -610.62,
            -379.34
          ],
          [
            -583.87,
            -336.26
          ]
        ]
      },
      "properties": {
        "id": 43,
        "type": "EDGE",
        "edgeType": "WATERFRONT"
      }
    },
    {
      "type": "Feature",
      "geometry": {
        "type": "LineString",
        "coordinates": [
          [
            -583.87,
            -336.26
          ],
          [
            -556.9,
            -293.83
          ]
        ]
      },
      "properties": {
        "id": 44,
        "type": "EDGE",
        "edgeType": "WATERFRONT"
      }
    },
    {
      "type": "Feature",
      "geometry": {
        "type": "LineString",
        "coordinates": [
          [
            -556.9,
            -293.83
          ],
          [
            -530.64,
            -251.59
          ]
        ]
      },
      "properties": {
        "id": 45,
        "type": "EDGE",
        "edgeType": "WATERFRONT"
      }
    },
    {
      "type": "Feature",
      "geometry": {
        "type": "LineString",
        "coordinates": [
          [
            -530.64,
            -251.59
          ],
          [
            -505.94,
            -209.01
          ]
        ]
      },
      "properties": {
        "id": 46,
        "type": "EDGE",
        "edgeType": "WATERFRONT"
      }
    },
    {
      "type": "Feature",
      "geometry": {
        "type": "LineString",
        "coordinates": [
          [
            -505.94,
            -209.01
          ],
          [
            -483.55,
            -165.69
          ]
        ]
      },
      "properties": {
        "id": 47,
        "type": "EDGE",
        "edgeType": "WATERFRONT"
      }
    },
    {
      "type": "Feature",
      "geometry": {
        "type": "LineString",
        "coordinates": [
          [
            -483.55,
            -165.69
          ],
          [
            -463.96,
            -121.37
          ]
        ]
      },
      "properties": {
        "id": 48,
        "type": "EDGE",
        "edgeType": "WATERFRONT"
      }
    },
    {
      "type": "Feature",
      "geometry": {
        "type": "LineString",
        "coordinates": [
          [
            -463.96,
            -121.37
          ],
          [
            -447.36,
            -75.98
          ]
        ]
      },
      "properties": {
        "id": 49,
        "type": "EDGE",
        "edgeType": "WATERFRONT"
      }
    },
    {
      "type": "Feature",
      "geometry": {
        "type": "LineString",
        "coordinates": [
          [
            -447.36,
            -75.98
          ],
          [
            -433.59,
            -29.57
          ]
        ]
      },
      "properties": {
        "id": 50,
        "type": "EDGE",
        "edgeType": "WATERFRONT"
      }
    },
    {
      "type": "Feature",
      "geometry": {
        "type": "LineString",
        "coordinates": [
          [
            -433.59,
            -29.57
          ],
          [
            -422.06,
            17.76
          ]
        ]
      },
      "properties": {
        "id": 51,
        "type": "EDGE",
        "edgeType": "WATERFRONT"
      }
    },
    {
      "type": "Feature",
      "geometry": {
        "type": "LineString",
        "coordinates": [
          [
            -422.06,
            17.76
          ],
          [
            -411.94,
            65.89
          ]
        ]
      },
      "properties": {
        "id": 52,
        "type": "EDGE",
        "edgeType": "WATERFRONT"
      }
    },
    {
      "type": "Feature",
      "geometry": {
        "type": "LineString",
        "coordinates": [
          [
            -411.94,
            65.89
          ],
          [
            -402.23,
            114.66
          ]
        ]
      },
      "properties": {
        "id": 53,
        "type": "EDGE",
        "edgeType": "WATERFRONT"
      }
    },
    {
      "type": "Feature",
      "geometry": {
        "type": "LineString",
        "coordinates": [
          [
            -402.23,
            114.66
          ],
          [
            -392,
            163.82
          ]
        ]
      },
      "properties": {
        "id": 54,
        "type": "EDGE",
        "edgeType": "WATERFRONT"
      }
    },
    {
      "type": "Feature",
      "geometry": {
        "type": "LineString",
        "coordinates": [
          [
            -392,
            163.82
          ],
          [
            -388.4,
            179.37
          ]
        ]
      },
      "properties": {
        "id": 55,
        "type": "EDGE",
        "edgeType": "WATERFRONT"
      }
    },
    {
      "type": "Feature",
      "geometry": {
        "type": "LineString",
        "coordinates": [
          [
            -388.4,
            179.37
          ],
          [
            -407.43,
            215.02
          ]
        ]
      },
      "properties": {
        "id": 56,
        "type": "EDGE",
        "edgeType": "WATERFRONT"
      }
    },
    {
      "type": "Feature",
      "geometry": {
        "type": "LineString",
        "coordinates": [
          [
            -407.43,
            215.02
          ],
          [
            -430.18,
            260.26
          ]
        ]
      },
      "properties": {
        "id": 57,
        "type": "EDGE",
        "edgeType": "WATERFRONT"
      }
    },
    {
      "type": "Feature",
      "geometry": {
        "type": "LineString",
        "coordinates": [
          [
            -430.18,
            260.26
          ],
          [
            -451.32,
            306.65
          ]
        ]
      },
      "properties": {
        "id": 58,
        "type": "EDGE",
        "edgeType": "WATERFRONT"
      }
    },
    {
      "type": "Feature",
      "geometry": {
        "type": "LineString",
        "coordinates": [
          [
            -451.32,
            306.65
          ],
          [
            -466.07,
            343.55
          ]
        ]
      },
      "properties": {
        "id": 59,
        "type": "EDGE",
        "edgeType": "WATERFRONT"
      }
    },
    {
      "type": "Feature",
      "geometry": {
        "type": "LineString",
        "coordinates": [
          [
            -466.07,
            343.55
          ],
          [
            -497.11,
            352.56
          ]
        ]
      },
      "properties": {
        "id": 60,
        "type": "EDGE",
        "edgeType": "WATERFRONT"
      }
    },
    {
      "type": "Feature",
      "geometry": {
        "type": "LineString",
        "coordinates": [
          [
            -497.11,
            352.56
          ],
          [
            -545.12,
            366.51
          ]
        ]
      },
      "properties": {
        "id": 61,
        "type": "EDGE",
        "edgeType": "WATERFRONT"
      }
    },
    {
      "type": "Feature",
      "geometry": {
        "type": "LineString",
        "coordinates": [
          [
            -545.12,
            366.51
          ],
          [
            -593.14,
            380.45
          ]
        ]
      },
      "properties": {
        "id": 62,
        "type": "EDGE",
        "edgeType": "WATERFRONT"
      }
    },
    {
      "type": "Feature",
      "geometry": {
        "type": "LineString",
        "coordinates": [
          [
            -593.14,
            380.45
          ],
          [
            -641.16,
            394.38
          ]
        ]
      },
      "properties": {
        "id": 63,
        "type": "EDGE",
        "edgeType": "WATERFRONT"
      }
    },
    {
      "type": "Feature",
      "geometry": {
        "type": "LineString",
        "coordinates": [
          [
            -641.16,
            394.38
          ],
          [
            -689.19,
            408.29
          ]
        ]
      },
      "properties": {
        "id": 64,
        "type": "EDGE",
        "edgeType": "WATERFRONT"
      }
    },
    {
      "type": "Feature",
      "geometry": {
        "type": "LineString",
        "coordinates": [
          [
            -689.19,
            408.29
          ],
          [
            -737.2,
            422.25
          ]
        ]
      },
      "properties": {
        "id": 65,
        "type": "EDGE",
        "edgeType": "WATERFRONT"
      }
    },
    {
      "type": "Feature",
      "geometry": {
        "type": "LineString",
        "coordinates": [
          [
            -737.2,
            422.25
          ],
          [
            -785.22,
            436.19
          ]
        ]
      },
      "properties": {
        "id": 66,
        "type": "EDGE",
        "edgeType": "WATERFRONT"
      }
    },
    {
      "type": "Feature",
      "geometry": {
        "type": "LineString",
        "coordinates": [
          [
            -785.22,
            436.19
          ],
          [
            -833.21,
            450.2
          ]
        ]
      },
      "properties": {
        "id": 67,
        "type": "EDGE",
        "edgeType": "WATERFRONT"
      }
    },
    {
      "type": "Feature",
      "geometry": {
        "type": "LineString",
        "coordinates": [
          [
            -833.21,
            450.2
          ],
          [
            -881.2,
            464.24
          ]
        ]
      },
      "properties": {
        "id": 68,
        "type": "EDGE",
        "edgeType": "WATERFRONT"
      }
    },
    {
      "type": "Feature",
      "geometry": {
        "type": "LineString",
        "coordinates": [
          [
            -881.2,
            464.24
          ],
          [
            -929.18,
            478.3
          ]
        ]
      },
      "properties": {
        "id": 69,
        "type": "EDGE",
        "edgeType": "WATERFRONT"
      }
    },
    {
      "type": "Feature",
      "geometry": {
        "type": "LineString",
        "coordinates": [
          [
            -929.18,
            478.3
          ],
          [
            -977.15,
            492.43
          ]
        ]
      },
      "properties": {
        "id": 70,
        "type": "EDGE",
        "edgeType": "WATERFRONT"
      }
    },
    {
      "type": "Feature",
      "geometry": {
        "type": "LineString",
        "coordinates": [
          [
            -977.15,
            492.43
          ],
          [
            -1000,
            499.17
          ]
        ]
      },
      "properties": {
        "id": 71,
        "type": "EDGE",
        "edgeType": "WATERFRONT"
      }
    },
    {
      "type": "Feature",
      "geometry": {
        "type": "LineString",
        "coordinates": [
          [
            -1000,
            499.17
          ],
          [
            -1000,
            1000
          ]
        ]
      },
      "properties": {
        "id": 72,
        "type": "EDGE",
        "edgeType": "BORDER"
      }
    },
    {
      "type": "Feature",
      "geometry": {
        "type": "LineString",
        "coordinates": [
          [
            -1000,
            1000
          ],
          [
            1000,
            1000
          ]
        ]
      },
      "properties": {
        "id": 73,
        "type": "EDGE",
        "edgeType": "BORDER"
      }
    },
    {
      "type": "Feature",
      "geometry": {
        "type": "LineString",
        "coordinates": [
          [
            1000,
            1000
          ],
          [
            1000,
            -74.52
          ]
        ]
      },
      "properties": {
        "id": 74,
        "type": "EDGE",
        "edgeType": "BORDER"
      }
    },
    {
      "type": "Feature",
      "geometry": {
        "type": "LineString",
        "coordinates": [
          [
            1000,
            -74.52
          ],
          [
            993.4,
            -72.69
          ]
        ]
      },
      "properties": {
        "id": 75,
        "type": "EDGE",
        "edgeType": "WATERFRONT"
      }
    },
    {
      "type": "Feature",
      "geometry": {
        "type": "LineString",
        "coordinates": [
          [
            993.4,
            -72.69
          ],
          [
            945.23,
            -59.29
          ]
        ]
      },
      "properties": {
        "id": 76,
        "type": "EDGE",
        "edgeType": "WATERFRONT"
      }
    },
    {
      "type": "Feature",
      "geometry": {
        "type": "LineString",
        "coordinates": [
          [
            945.23,
            -59.29
          ],
          [
            897.05,
            -45.93
          ]
        ]
      },
      "properties": {
        "id": 77,
        "type": "EDGE",
        "edgeType": "WATERFRONT"
      }
    },
    {
      "type": "Feature",
      "geometry": {
        "type": "LineString",
        "coordinates": [
          [
            897.05,
            -45.93
          ],
          [
            848.88,
            -32.53
          ]
        ]
      },
      "properties": {
        "id": 78,
        "type": "EDGE",
        "edgeType": "WATERFRONT"
      }
    },
    {
      "type": "Feature",
      "geometry": {
        "type": "LineString",
        "coordinates": [
          [
            848.88,
            -32.53
          ],
          [
            800.72,
            -19.07
          ]
        ]
      },
      "properties": {
        "id": 79,
        "type": "EDGE",
        "edgeType": "WATERFRONT"
      }
    },
    {
      "type": "Feature",
      "geometry": {
        "type": "LineString",
        "coordinates": [
          [
            800.72,
            -19.07
          ],
          [
            752.57,
            -5.6
          ]
        ]
      },
      "properties": {
        "id": 80,
        "type": "EDGE",
        "edgeType": "WATERFRONT"
      }
    },
    {
      "type": "Feature",
      "geometry": {
        "type": "LineString",
        "coordinates": [
          [
            752.57,
            -5.6
          ],
          [
            704.42,
            7.86
          ]
        ]
      },
      "properties": {
        "id": 81,
        "type": "EDGE",
        "edgeType": "WATERFRONT"
      }
    },
    {
      "type": "Feature",
      "geometry": {
        "type": "LineString",
        "coordinates": [
          [
            704.42,
            7.86
          ],
          [
            656.28,
            21.37
          ]
        ]
      },
      "properties": {
        "id": 82,
        "type": "EDGE",
        "edgeType": "WATERFRONT"
      }
    },
    {
      "type": "Feature",
      "geometry": {
        "type": "LineString",
        "coordinates": [
          [
            656.28,
            21.37
          ],
          [
            608.13,
            34.87
          ]
        ]
      },
      "properties": {
        "id": 83,
        "type": "EDGE",
        "edgeType": "WATERFRONT"
      }
    },
    {
      "type": "Feature",
      "geometry": {
        "type": "LineString",
        "coordinates": [
          [
            608.13,
            34.87
          ],
          [
            560,
            48.41
          ]
        ]
      },
      "properties": {
        "id": 84,
        "type": "EDGE",
        "edgeType": "WATERFRONT"
      }
    },
    {
      "type": "Feature",
      "geometry": {
        "type": "LineString",
        "coordinates": [
          [
            560,
            48.41
          ],
          [
            511.89,
            62.01
          ]
        ]
      },
      "properties": {
        "id": 85,
        "type": "EDGE",
        "edgeType": "WATERFRONT"
      }
    },
    {
      "type": "Feature",
      "geometry": {
        "type": "LineString",
        "coordinates": [
          [
            511.89,
            62.01
          ],
          [
            463.77,
            75.59
          ]
        ]
      },
      "properties": {
        "id": 86,
        "type": "EDGE",
        "edgeType": "WATERFRONT"
      }
    },
    {
      "type": "Feature",
      "geometry": {
        "type": "LineString",
        "coordinates": [
          [
            463.77,
            75.59
          ],
          [
            415.67,
            89.25
          ]
        ]
      },
      "properties": {
        "id": 87,
        "type": "EDGE",
        "edgeType": "WATERFRONT"
      }
    },
    {
      "type": "Feature",
      "geometry": {
        "type": "LineString",
        "coordinates": [
          [
            415.67,
            89.25
          ],
          [
            367.59,
            102.96
          ]
        ]
      },
      "properties": {
        "id": 88,
        "type": "EDGE",
        "edgeType": "WATERFRONT"
      }
    },
    {
      "type": "Feature",
      "geometry": {
        "type": "LineString",
        "coordinates": [
          [
            367.59,
            102.96
          ],
          [
            319.5,
            116.66
          ]
        ]
      },
      "properties": {
        "id": 89,
        "type": "EDGE",
        "edgeType": "WATERFRONT"
      }
    },
    {
      "type": "Feature",
      "geometry": {
        "type": "LineString",
        "coordinates": [
          [
            319.5,
            116.66
          ],
          [
            271.43,
            130.42
          ]
        ]
      },
      "properties": {
        "id": 90,
        "type": "EDGE",
        "edgeType": "WATERFRONT"
      }
    },
    {
      "type": "Feature",
      "geometry": {
        "type": "LineString",
        "coordinates": [
          [
            127.2,
            171.61
          ],
          [
            79.13,
            185.37
          ]
        ]
      },
      "properties": {
        "id": 91,
        "type": "EDGE",
        "edgeType": "WATERFRONT"
      }
    },
    {
      "type": "Feature",
      "geometry": {
        "type": "LineString",
        "coordinates": [
          [
            55.09,
            192.26
          ],
          [
            31.06,
            199.15
          ]
        ]
      },
      "properties": {
        "id": 92,
        "type": "EDGE",
        "edgeType": "WATERFRONT"
      }
    },
    {
      "type": "Feature",
      "geometry": {
        "type": "LineString",
        "coordinates": [
          [
            31.06,
            199.15
          ],
          [
            -16.99,
            212.97
          ]
        ]
      },
      "properties": {
        "id": 93,
        "type": "EDGE",
        "edgeType": "WATERFRONT"
      }
    },
    {
      "type": "Feature",
      "geometry": {
        "type": "LineString",
        "coordinates": [
          [
            -16.99,
            212.97
          ],
          [
            -65.03,
            226.84
          ]
        ]
      },
      "properties": {
        "id": 94,
        "type": "EDGE",
        "edgeType": "WATERFRONT"
      }
    },
    {
      "type": "Feature",
      "geometry": {
        "type": "LineString",
        "coordinates": [
          [
            -65.03,
            226.84
          ],
          [
            -113.06,
            240.74
          ]
        ]
      },
      "properties": {
        "id": 95,
        "type": "EDGE",
        "edgeType": "WATERFRONT"
      }
    },
    {
      "type": "Feature",
      "geometry": {
        "type": "LineString",
        "coordinates": [
          [
            -113.06,
            240.74
          ],
          [
            -161.07,
            254.7
          ]
        ]
      },
      "properties": {
        "id": 96,
        "type": "EDGE",
        "edgeType": "WATERFRONT"
      }
    },
    {
      "type": "Feature",
      "geometry": {
        "type": "LineString",
        "coordinates": [
          [
            -161.07,
            254.7
          ],
          [
            -209.07,
            268.68
          ]
        ]
      },
      "properties": {
        "id": 97,
        "type": "EDGE",
        "edgeType": "WATERFRONT"
      }
    },
    {
      "type": "Feature",
      "geometry": {
        "type": "LineString",
        "coordinates": [
          [
            -209.07,
            268.68
          ],
          [
            -257.07,
            282.7
          ]
        ]
      },
      "properties": {
        "id": 98,
        "type": "EDGE",
        "edgeType": "WATERFRONT"
      }
    },
    {
      "type": "Feature",
      "geometry": {
        "type": "LineString",
        "coordinates": [
          [
            -257.07,
            282.7
          ],
          [
            -304.51,
            296.55
          ]
        ]
      },
      "properties": {
        "id": 99,
        "type": "EDGE",
        "edgeType": "WATERFRONT"
      }
    },
    {
      "type": "Feature",
      "geometry": {
        "type": "LineString",
        "coordinates": [
          [
            -403.63,
            325.4
          ],
          [
            -384.46,
            283.23
          ]
        ]
      },
      "properties": {
        "id": 100,
        "type": "EDGE",
        "edgeType": "WATERFRONT"
      }
    },
    {
      "type": "Feature",
      "geometry": {
        "type": "LineString",
        "coordinates": [
          [
            -384.46,
            283.23
          ],
          [
            -369.88,
            254.21
          ]
        ]
      },
      "properties": {
        "id": 101,
        "type": "EDGE",
        "edgeType": "WATERFRONT"
      }
    },
    {
      "type": "Feature",
      "geometry": {
        "type": "LineString",
        "coordinates": [
          [
            -369.88,
            254.21
          ],
          [
            -367.8,
            262.16
          ]
        ]
      },
      "properties": {
        "id": 102,
        "type": "EDGE",
        "edgeType": "WATERFRONT"
      }
    },
    {
      "type": "Feature",
      "geometry": {
        "type": "LineString",
        "coordinates": [
          [
            -367.8,
            262.16
          ],
          [
            -353.63,
            310.86
          ]
        ]
      },
      "properties": {
        "id": 103,
        "type": "EDGE",
        "edgeType": "WATERFRONT"
      }
    },
    {
      "type": "Feature",
      "geometry": {
        "type": "LineString",
        "coordinates": [
          [
            -353.63,
            310.86
          ],
          [
            -401.08,
            324.66
          ]
        ]
      },
      "properties": {
        "id": 104,
        "type": "EDGE",
        "edgeType": "WATERFRONT"
      }
    },
    {
      "type": "Feature",
      "geometry": {
        "type": "LineString",
        "coordinates": [
          [
            -401.08,
            324.66
          ],
          [
            -403.63,
            325.4
          ]
        ]
      },
      "properties": {
        "id": 105,
        "type": "EDGE",
        "edgeType": "WATERFRONT"
      }
    },
    {
      "type": "Feature",
      "geometry": {
        "type": "LineString",
        "coordinates": [
          [
            1000,
            -74.52
          ],
          [
            1000,
            -1000
          ]
        ]
      },
      "properties": {
        "id": 106,
        "type": "EDGE",
        "edgeType": "BORDER"
      }
    },
    {
      "type": "Feature",
      "geometry": {
        "type": "LineString",
        "coordinates": [
          [
            -772.29,
            -1000
          ],
          [
            -1000,
            -1000
          ]
        ]
      },
      "properties": {
        "id": 107,
        "type": "EDGE",
        "edgeType": "BORDER"
      }
    },
    {
      "type": "Feature",
      "geometry": {
        "type": "LineString",
        "coordinates": [
          [
            0,
            0
          ],
          [
            40.56,
            29.24
          ]
        ]
      },
      "properties": {
        "id": 108,
        "type": "EDGE",
        "edgeType": "MAIN_ROAD"
      }
    },
    {
      "type": "Feature",
      "geometry": {
        "type": "LineString",
        "coordinates": [
          [
            0,
            0
          ],
          [
            -40.11,
            -29.86
          ]
        ]
      },
      "properties": {
        "id": 109,
        "type": "EDGE",
        "edgeType": "MAIN_ROAD"
      }
    },
    {
      "type": "Feature",
      "geometry": {
        "type": "LineString",
        "coordinates": [
          [
            40.56,
            29.24
          ],
          [
            119.84,
            90.18
          ]
        ]
      },
      "properties": {
        "id": 110,
        "type": "EDGE",
        "edgeType": "MAIN_ROAD"
      }
    },
    {
      "type": "Feature",
      "geometry": {
        "type": "LineString",
        "coordinates": [
          [
            -40.11,
            -29.86
          ],
          [
            -129.42,
            -74.84
          ]
        ]
      },
      "properties": {
        "id": 111,
        "type": "EDGE",
        "edgeType": "MAIN_ROAD"
      }
    },
    {
      "type": "Feature",
      "geometry": {
        "type": "LineString",
        "coordinates": [
          [
            119.84,
            90.18
          ],
          [
            193.75,
            152.6
          ]
        ]
      },
      "properties": {
        "id": 112,
        "type": "EDGE",
        "edgeType": "MAIN_ROAD"
      }
    },
    {
      "type": "Feature",
      "geometry": {
        "type": "LineString",
        "coordinates": [
          [
            -318,
            -139.38
          ],
          [
            -400.29,
            -196.2
          ]
        ]
      },
      "properties": {
        "id": 113,
        "type": "EDGE",
        "edgeType": "MAIN_ROAD"
      }
    },
    {
      "type": "Feature",
      "geometry": {
        "type": "LineString",
        "coordinates": [
          [
            -400.29,
            -196.2
          ],
          [
            -461.69,
            -234.69
          ]
        ]
      },
      "properties": {
        "id": 114,
        "type": "EDGE",
        "edgeType": "MAIN_ROAD"
      }
    },
    {
      "type": "Feature",
      "geometry": {
        "type": "LineString",
        "coordinates": [
          [
            -461.69,
            -234.69
          ],
          [
            -505.94,
            -209.01
          ]
        ]
      },
      "properties": {
        "id": 115,
        "type": "EDGE",
        "edgeType": "MAIN_ROAD"
      }
    },
    {
      "type": "Feature",
      "geometry": {
        "type": "LineString",
        "coordinates": [
          [
            -580.27,
            -142.11
          ],
          [
            -661.39,
            -83.63
          ]
        ]
      },
      "properties": {
        "id": 116,
        "type": "EDGE",
        "edgeType": "MAIN_ROAD"
      }
    },
    {
      "type": "Feature",
      "geometry": {
        "type": "LineString",
        "coordinates": [
          [
            -661.39,
            -83.63
          ],
          [
            -732.64,
            -13.47
          ]
        ]
      },
      "properties": {
        "id": 117,
        "type": "EDGE",
        "edgeType": "MAIN_ROAD"
      }
    },
    {
      "type": "Feature",
      "geometry": {
        "type": "LineString",
        "coordinates": [
          [
            -732.64,
            -13.47
          ],
          [
            -807.96,
            52.31
          ]
        ]
      },
      "properties": {
        "id": 118,
        "type": "EDGE",
        "edgeType": "MAIN_ROAD"
      }
    },
    {
      "type": "Feature",
      "geometry": {
        "type": "LineString",
        "coordinates": [
          [
            -1000,
            169.94
          ],
          [
            -1000,
            499.17
          ]
        ]
      },
      "properties": {
        "id": 119,
        "type": "EDGE",
        "edgeType": "BORDER"
      }
    },
    {
      "type": "Feature",
      "geometry": {
        "type": "LineString",
        "coordinates": [
          [
            -974.83,
            161.85
          ],
          [
            -1000,
            169.94
          ]
        ]
      },
      "properties": {
        "id": 120,
        "type": "EDGE",
        "edgeType": "MAIN_ROAD"
      }
    },
    {
      "type": "Feature",
      "geometry": {
        "type": "LineString",
        "coordinates": [
          [
            -8.89,
            12.33
          ],
          [
            -9.07,
            12.19
          ]
        ]
      },
      "properties": {
        "id": 121,
        "type": "EDGE",
        "edgeType": "INVISIBLE"
      }
    },
    {
      "type": "Feature",
      "geometry": {
        "type": "LineString",
        "coordinates": [
          [
            0,
            0
          ],
          [
            -9.07,
            12.19
          ]
        ]
      },
      "properties": {
        "id": 122,
        "type": "EDGE",
        "edgeType": "ROAD"
      }
    },
    {
      "type": "Feature",
      "geometry": {
        "type": "LineString",
        "coordinates": [
          [
            0,
            0
          ],
          [
            8.98,
            -12.26
          ]
        ]
      },
      "properties": {
        "id": 123,
        "type": "EDGE",
        "edgeType": "ROAD"
      }
    },
    {
      "type": "Feature",
      "geometry": {
        "type": "LineString",
        "coordinates": [
          [
            40.56,
            29.24
          ],
          [
            31.96,
            41.16
          ]
        ]
      },
      "properties": {
        "id": 124,
        "type": "EDGE",
        "edgeType": "INVISIBLE"
      }
    },
    {
      "type": "Feature",
      "geometry": {
        "type": "LineString",
        "coordinates": [
          [
            31.96,
            41.16
          ],
          [
            31.68,
            41.56
          ]
        ]
      },
      "properties": {
        "id": 125,
        "type": "EDGE",
        "edgeType": "INVISIBLE"
      }
    },
    {
      "type": "Feature",
      "geometry": {
        "type": "LineString",
        "coordinates": [
          [
            49.45,
            16.91
          ],
          [
            49.16,
            17.31
          ]
        ]
      },
      "properties": {
        "id": 126,
        "type": "EDGE",
        "edgeType": "INVISIBLE"
      }
    },
    {
      "type": "Feature",
      "geometry": {
        "type": "LineString",
        "coordinates": [
          [
            49.16,
            17.31
          ],
          [
            40.56,
            29.24
          ]
        ]
      },
      "properties": {
        "id": 127,
        "type": "EDGE",
        "edgeType": "INVISIBLE"
      }
    },
    {
      "type": "Feature",
      "geometry": {
        "type": "LineString",
        "coordinates": [
          [
            110.88,
            101.84
          ],
          [
            119.84,
            90.18
          ]
        ]
      },
      "properties": {
        "id": 128,
        "type": "EDGE",
        "edgeType": "ROAD"
      }
    },
    {
      "type": "Feature",
      "geometry": {
        "type": "LineString",
        "coordinates": [
          [
            128.8,
            78.53
          ],
          [
            119.84,
            90.18
          ]
        ]
      },
      "properties": {
        "id": 129,
        "type": "EDGE",
        "edgeType": "ROAD"
      }
    },
    {
      "type": "Feature",
      "geometry": {
        "type": "LineString",
        "coordinates": [
          [
            -40.11,
            -29.86
          ],
          [
            -31.2,
            -41.83
          ]
        ]
      },
      "properties": {
        "id": 130,
        "type": "EDGE",
        "edgeType": "INVISIBLE"
      }
    },
    {
      "type": "Feature",
      "geometry": {
        "type": "LineString",
        "coordinates": [
          [
            -31.2,
            -41.83
          ],
          [
            -31.03,
            -42.05
          ]
        ]
      },
      "properties": {
        "id": 131,
        "type": "EDGE",
        "edgeType": "INVISIBLE"
      }
    },
    {
      "type": "Feature",
      "geometry": {
        "type": "LineString",
        "coordinates": [
          [
            -49.18,
            -17.67
          ],
          [
            -49.02,
            -17.89
          ]
        ]
      },
      "properties": {
        "id": 132,
        "type": "EDGE",
        "edgeType": "INVISIBLE"
      }
    },
    {
      "type": "Feature",
      "geometry": {
        "type": "LineString",
        "coordinates": [
          [
            -49.02,
            -17.89
          ],
          [
            -40.11,
            -29.86
          ]
        ]
      },
      "properties": {
        "id": 133,
        "type": "EDGE",
        "edgeType": "INVISIBLE"
      }
    },
    {
      "type": "Feature",
      "geometry": {
        "type": "LineString",
        "coordinates": [
          [
            -122.81,
            -87.97
          ],
          [
            -129.42,
            -74.84
          ]
        ]
      },
      "properties": {
        "id": 134,
        "type": "EDGE",
        "edgeType": "INVISIBLE"
      }
    },
    {
      "type": "Feature",
      "geometry": {
        "type": "LineString",
        "coordinates": [
          [
            -49.02,
            -17.89
          ],
          [
            -136.03,
            -61.72
          ]
        ]
      },
      "properties": {
        "id": 135,
        "type": "EDGE",
        "edgeType": "INVISIBLE"
      }
    },
    {
      "type": "Feature",
      "geometry": {
        "type": "LineString",
        "coordinates": [
          [
            -136.03,
            -61.72
          ],
          [
            -129.42,
            -74.84
          ]
        ]
      },
      "properties": {
        "id": 136,
        "type": "EDGE",
        "edgeType": "INVISIBLE"
      }
    },
    {
      "type": "Feature",
      "geometry": {
        "type": "LineString",
        "coordinates": [
          [
            8.98,
            -12.26
          ],
          [
            20.9,
            -3.67
          ]
        ]
      },
      "properties": {
        "id": 137,
        "type": "EDGE",
        "edgeType": "INVISIBLE"
      }
    },
    {
      "type": "Feature",
      "geometry": {
        "type": "LineString",
        "coordinates": [
          [
            20.9,
            -3.67
          ],
          [
            49.45,
            16.91
          ]
        ]
      },
      "properties": {
        "id": 138,
        "type": "EDGE",
        "edgeType": "INVISIBLE"
      }
    },
    {
      "type": "Feature",
      "geometry": {
        "type": "LineString",
        "coordinates": [
          [
            -31.03,
            -42.05
          ],
          [
            -2.81,
            -21.04
          ]
        ]
      },
      "properties": {
        "id": 139,
        "type": "EDGE",
        "edgeType": "INVISIBLE"
      }
    },
    {
      "type": "Feature",
      "geometry": {
        "type": "LineString",
        "coordinates": [
          [
            -2.81,
            -21.04
          ],
          [
            8.98,
            -12.26
          ]
        ]
      },
      "properties": {
        "id": 140,
        "type": "EDGE",
        "edgeType": "INVISIBLE"
      }
    },
    {
      "type": "Feature",
      "geometry": {
        "type": "LineString",
        "coordinates": [
          [
            8.98,
            -12.26
          ],
          [
            26.71,
            -36.46
          ]
        ]
      },
      "properties": {
        "id": 141,
        "type": "EDGE",
        "edgeType": "ROAD"
      }
    },
    {
      "type": "Feature",
      "geometry": {
        "type": "LineString",
        "coordinates": [
          [
            38.57,
            -27.78
          ],
          [
            26.71,
            -36.46
          ]
        ]
      },
      "properties": {
        "id": 142,
        "type": "EDGE",
        "edgeType": "ROAD"
      }
    },
    {
      "type": "Feature",
      "geometry": {
        "type": "LineString",
        "coordinates": [
          [
            14.85,
            -45.15
          ],
          [
            26.71,
            -36.46
          ]
        ]
      },
      "properties": {
        "id": 143,
        "type": "EDGE",
        "edgeType": "ROAD"
      }
    },
    {
      "type": "Feature",
      "geometry": {
        "type": "LineString",
        "coordinates": [
          [
            -9.07,
            12.19
          ],
          [
            -20.86,
            3.41
          ]
        ]
      },
      "properties": {
        "id": 144,
        "type": "EDGE",
        "edgeType": "INVISIBLE"
      }
    },
    {
      "type": "Feature",
      "geometry": {
        "type": "LineString",
        "coordinates": [
          [
            -20.86,
            3.41
          ],
          [
            -49.18,
            -17.67
          ]
        ]
      },
      "properties": {
        "id": 145,
        "type": "EDGE",
        "edgeType": "INVISIBLE"
      }
    },
    {
      "type": "Feature",
      "geometry": {
        "type": "LineString",
        "coordinates": [
          [
            31.68,
            41.56
          ],
          [
            2.85,
            20.79
          ]
        ]
      },
      "properties": {
        "id": 146,
        "type": "EDGE",
        "edgeType": "INVISIBLE"
      }
    },
    {
      "type": "Feature",
      "geometry": {
        "type": "LineString",
        "coordinates": [
          [
            2.85,
            20.79
          ],
          [
            -8.89,
            12.33
          ]
        ]
      },
      "properties": {
        "id": 147,
        "type": "EDGE",
        "edgeType": "INVISIBLE"
      }
    },
    {
      "type": "Feature",
      "geometry": {
        "type": "LineString",
        "coordinates": [
          [
            -20.86,
            3.41
          ],
          [
            -38.78,
            27.48
          ]
        ]
      },
      "properties": {
        "id": 148,
        "type": "EDGE",
        "edgeType": "INVISIBLE"
      }
    },
    {
      "type": "Feature",
      "geometry": {
        "type": "LineString",
        "coordinates": [
          [
            -9.07,
            12.19
          ],
          [
            -26.99,
            36.25
          ]
        ]
      },
      "properties": {
        "id": 149,
        "type": "EDGE",
        "edgeType": "ROAD"
      }
    },
    {
      "type": "Feature",
      "geometry": {
        "type": "LineString",
        "coordinates": [
          [
            2.85,
            20.79
          ],
          [
            -15.2,
            45.03
          ]
        ]
      },
      "properties": {
        "id": 150,
        "type": "EDGE",
        "edgeType": "INVISIBLE"
      }
    },
    {
      "type": "Feature",
      "geometry": {
        "type": "LineString",
        "coordinates": [
          [
            -38.78,
            27.48
          ],
          [
            -26.99,
            36.25
          ]
        ]
      },
      "properties": {
        "id": 151,
        "type": "EDGE",
        "edgeType": "INVISIBLE"
      }
    },
    {
      "type": "Feature",
      "geometry": {
        "type": "LineString",
        "coordinates": [
          [
            -15.2,
            45.03
          ],
          [
            -26.99,
            36.25
          ]
        ]
      },
      "properties": {
        "id": 152,
        "type": "EDGE",
        "edgeType": "INVISIBLE"
      }
    },
    {
      "type": "Feature",
      "geometry": {
        "type": "LineString",
        "coordinates": [
          [
            26.71,
            -36.46
          ],
          [
            47.92,
            -57.67
          ]
        ]
      },
      "properties": {
        "id": 153,
        "type": "EDGE",
        "edgeType": "ROAD"
      }
    },
    {
      "type": "Feature",
      "geometry": {
        "type": "LineString",
        "coordinates": [
          [
            47.92,
            -57.67
          ],
          [
            65.89,
            -81.7
          ]
        ]
      },
      "properties": {
        "id": 154,
        "type": "EDGE",
        "edgeType": "ROAD"
      }
    },
    {
      "type": "Feature",
      "geometry": {
        "type": "LineString",
        "coordinates": [
          [
            77.66,
            -72.9
          ],
          [
            65.89,
            -81.7
          ]
        ]
      },
      "properties": {
        "id": 155,
        "type": "EDGE",
        "edgeType": "ROAD"
      }
    },
    {
      "type": "Feature",
      "geometry": {
        "type": "LineString",
        "coordinates": [
          [
            54.12,
            -90.5
          ],
          [
            65.89,
            -81.7
          ]
        ]
      },
      "properties": {
        "id": 156,
        "type": "EDGE",
        "edgeType": "ROAD"
      }
    },
    {
      "type": "Feature",
      "geometry": {
        "type": "LineString",
        "coordinates": [
          [
            -38.78,
            27.48
          ],
          [
            -57.99,
            48.71
          ]
        ]
      },
      "properties": {
        "id": 157,
        "type": "EDGE",
        "edgeType": "INVISIBLE"
      }
    },
    {
      "type": "Feature",
      "geometry": {
        "type": "LineString",
        "coordinates": [
          [
            -26.99,
            36.25
          ],
          [
            -47.07,
            58.55
          ]
        ]
      },
      "properties": {
        "id": 158,
        "type": "EDGE",
        "edgeType": "ROAD"
      }
    },
    {
      "type": "Feature",
      "geometry": {
        "type": "LineString",
        "coordinates": [
          [
            -15.2,
            45.03
          ],
          [
            -36.15,
            68.38
          ]
        ]
      },
      "properties": {
        "id": 159,
        "type": "EDGE",
        "edgeType": "INVISIBLE"
      }
    },
    {
      "type": "Feature",
      "geometry": {
        "type": "LineString",
        "coordinates": [
          [
            -57.99,
            48.71
          ],
          [
            -76.84,
            73.69
          ]
        ]
      },
      "properties": {
        "id": 160,
        "type": "EDGE",
        "edgeType": "INVISIBLE"
      }
    },
    {
      "type": "Feature",
      "geometry": {
        "type": "LineString",
        "coordinates": [
          [
            -47.07,
            58.55
          ],
          [
            -65.09,
            82.52
          ]
        ]
      },
      "properties": {
        "id": 161,
        "type": "EDGE",
        "edgeType": "ROAD"
      }
    },
    {
      "type": "Feature",
      "geometry": {
        "type": "LineString",
        "coordinates": [
          [
            -36.15,
            68.38
          ],
          [
            -53.35,
            91.36
          ]
        ]
      },
      "properties": {
        "id": 162,
        "type": "EDGE",
        "edgeType": "INVISIBLE"
      }
    },
    {
      "type": "Feature",
      "geometry": {
        "type": "LineString",
        "coordinates": [
          [
            -76.84,
            73.69
          ],
          [
            -74.03,
            75.81
          ]
        ]
      },
      "properties": {
        "id": 163,
        "type": "EDGE",
        "edgeType": "INVISIBLE"
      }
    },
    {
      "type": "Feature",
      "geometry": {
        "type": "LineString",
        "coordinates": [
          [
            -74.03,
            75.81
          ],
          [
            -65.09,
            82.52
          ]
        ]
      },
      "properties": {
        "id": 164,
        "type": "EDGE",
        "edgeType": "INVISIBLE"
      }
    },
    {
      "type": "Feature",
      "geometry": {
        "type": "LineString",
        "coordinates": [
          [
            -53.35,
            91.36
          ],
          [
            -56.16,
            89.24
          ]
        ]
      },
      "properties": {
        "id": 165,
        "type": "EDGE",
        "edgeType": "INVISIBLE"
      }
    },
    {
      "type": "Feature",
      "geometry": {
        "type": "LineString",
        "coordinates": [
          [
            -56.16,
            89.24
          ],
          [
            -65.09,
            82.52
          ]
        ]
      },
      "properties": {
        "id": 166,
        "type": "EDGE",
        "edgeType": "INVISIBLE"
      }
    },
    {
      "type": "Feature",
      "geometry": {
        "type": "LineString",
        "coordinates": [
          [
            -74.03,
            75.81
          ],
          [
            -87.47,
            93.68
          ]
        ]
      },
      "properties": {
        "id": 167,
        "type": "EDGE",
        "edgeType": "INVISIBLE"
      }
    },
    {
      "type": "Feature",
      "geometry": {
        "type": "LineString",
        "coordinates": [
          [
            -87.47,
            93.68
          ],
          [
            -69.59,
            107.12
          ]
        ]
      },
      "properties": {
        "id": 168,
        "type": "EDGE",
        "edgeType": "INVISIBLE"
      }
    },
    {
      "type": "Feature",
      "geometry": {
        "type": "LineString",
        "coordinates": [
          [
            -69.59,
            107.12
          ],
          [
            -56.16,
            89.24
          ]
        ]
      },
      "properties": {
        "id": 169,
        "type": "EDGE",
        "edgeType": "INVISIBLE"
      }
    },
    {
      "type": "Feature",
      "geometry": {
        "type": "LineString",
        "coordinates": [
          [
            14.85,
            -45.15
          ],
          [
            25.3,
            -55.71
          ]
        ]
      },
      "properties": {
        "id": 170,
        "type": "EDGE",
        "edgeType": "INVISIBLE"
      }
    },
    {
      "type": "Feature",
      "geometry": {
        "type": "LineString",
        "coordinates": [
          [
            25.3,
            -55.71
          ],
          [
            37.53,
            -68.07
          ]
        ]
      },
      "properties": {
        "id": 171,
        "type": "EDGE",
        "edgeType": "INVISIBLE"
      }
    },
    {
      "type": "Feature",
      "geometry": {
        "type": "LineString",
        "coordinates": [
          [
            -2.81,
            -21.04
          ],
          [
            6.17,
            -33.29
          ]
        ]
      },
      "properties": {
        "id": 172,
        "type": "EDGE",
        "edgeType": "INVISIBLE"
      }
    },
    {
      "type": "Feature",
      "geometry": {
        "type": "LineString",
        "coordinates": [
          [
            6.17,
            -33.29
          ],
          [
            14.85,
            -45.15
          ]
        ]
      },
      "properties": {
        "id": 173,
        "type": "EDGE",
        "edgeType": "INVISIBLE"
      }
    },
    {
      "type": "Feature",
      "geometry": {
        "type": "LineString",
        "coordinates": [
          [
            25.3,
            -55.71
          ],
          [
            -0.66,
            -74.73
          ]
        ]
      },
      "properties": {
        "id": 174,
        "type": "EDGE",
        "edgeType": "INVISIBLE"
      }
    },
    {
      "type": "Feature",
      "geometry": {
        "type": "LineString",
        "coordinates": [
          [
            14.85,
            -45.15
          ],
          [
            -9.35,
            -62.87
          ]
        ]
      },
      "properties": {
        "id": 175,
        "type": "EDGE",
        "edgeType": "ROAD"
      }
    },
    {
      "type": "Feature",
      "geometry": {
        "type": "LineString",
        "coordinates": [
          [
            6.17,
            -33.29
          ],
          [
            -18.03,
            -51.02
          ]
        ]
      },
      "properties": {
        "id": 176,
        "type": "EDGE",
        "edgeType": "INVISIBLE"
      }
    },
    {
      "type": "Feature",
      "geometry": {
        "type": "LineString",
        "coordinates": [
          [
            -9.35,
            -62.87
          ],
          [
            -33.55,
            -80.6
          ]
        ]
      },
      "properties": {
        "id": 177,
        "type": "EDGE",
        "edgeType": "ROAD"
      }
    },
    {
      "type": "Feature",
      "geometry": {
        "type": "LineString",
        "coordinates": [
          [
            -24.87,
            -92.46
          ],
          [
            -33.55,
            -80.6
          ]
        ]
      },
      "properties": {
        "id": 178,
        "type": "EDGE",
        "edgeType": "ROAD"
      }
    },
    {
      "type": "Feature",
      "geometry": {
        "type": "LineString",
        "coordinates": [
          [
            -42.24,
            -68.75
          ],
          [
            -33.55,
            -80.6
          ]
        ]
      },
      "properties": {
        "id": 179,
        "type": "EDGE",
        "edgeType": "ROAD"
      }
    },
    {
      "type": "Feature",
      "geometry": {
        "type": "LineString",
        "coordinates": [
          [
            65.89,
            -81.7
          ],
          [
            78.31,
            -109.01
          ]
        ]
      },
      "properties": {
        "id": 180,
        "type": "EDGE",
        "edgeType": "ROAD"
      }
    },
    {
      "type": "Feature",
      "geometry": {
        "type": "LineString",
        "coordinates": [
          [
            78.31,
            -109.01
          ],
          [
            93.69,
            -134.76
          ]
        ]
      },
      "properties": {
        "id": 181,
        "type": "EDGE",
        "edgeType": "ROAD"
      }
    },
    {
      "type": "Feature",
      "geometry": {
        "type": "LineString",
        "coordinates": [
          [
            106.31,
            -127.23
          ],
          [
            93.69,
            -134.76
          ]
        ]
      },
      "properties": {
        "id": 182,
        "type": "EDGE",
        "edgeType": "ROAD"
      }
    },
    {
      "type": "Feature",
      "geometry": {
        "type": "LineString",
        "coordinates": [
          [
            81.07,
            -142.3
          ],
          [
            93.69,
            -134.76
          ]
        ]
      },
      "properties": {
        "id": 183,
        "type": "EDGE",
        "edgeType": "ROAD"
      }
    },
    {
      "type": "Feature",
      "geometry": {
        "type": "LineString",
        "coordinates": [
          [
            20.9,
            -3.67
          ],
          [
            29.88,
            -15.92
          ]
        ]
      },
      "properties": {
        "id": 184,
        "type": "EDGE",
        "edgeType": "INVISIBLE"
      }
    },
    {
      "type": "Feature",
      "geometry": {
        "type": "LineString",
        "coordinates": [
          [
            29.88,
            -15.92
          ],
          [
            38.57,
            -27.78
          ]
        ]
      },
      "properties": {
        "id": 185,
        "type": "EDGE",
        "edgeType": "INVISIBLE"
      }
    },
    {
      "type": "Feature",
      "geometry": {
        "type": "LineString",
        "coordinates": [
          [
            38.57,
            -27.78
          ],
          [
            49.16,
            -38.24
          ]
        ]
      },
      "properties": {
        "id": 186,
        "type": "EDGE",
        "edgeType": "INVISIBLE"
      }
    },
    {
      "type": "Feature",
      "geometry": {
        "type": "LineString",
        "coordinates": [
          [
            49.16,
            -38.24
          ],
          [
            58.31,
            -47.28
          ]
        ]
      },
      "properties": {
        "id": 187,
        "type": "EDGE",
        "edgeType": "INVISIBLE"
      }
    },
    {
      "type": "Feature",
      "geometry": {
        "type": "LineString",
        "coordinates": [
          [
            38.57,
            -27.78
          ],
          [
            62.77,
            -10.05
          ]
        ]
      },
      "properties": {
        "id": 188,
        "type": "EDGE",
        "edgeType": "ROAD"
      }
    },
    {
      "type": "Feature",
      "geometry": {
        "type": "LineString",
        "coordinates": [
          [
            71.45,
            -21.9
          ],
          [
            62.77,
            -10.05
          ]
        ]
      },
      "properties": {
        "id": 189,
        "type": "EDGE",
        "edgeType": "ROAD"
      }
    },
    {
      "type": "Feature",
      "geometry": {
        "type": "LineString",
        "coordinates": [
          [
            58.31,
            -47.28
          ],
          [
            68.8,
            -61.17
          ]
        ]
      },
      "properties": {
        "id": 190,
        "type": "EDGE",
        "edgeType": "INVISIBLE"
      }
    },
    {
      "type": "Feature",
      "geometry": {
        "type": "LineString",
        "coordinates": [
          [
            68.8,
            -61.17
          ],
          [
            77.66,
            -72.9
          ]
        ]
      },
      "properties": {
        "id": 191,
        "type": "EDGE",
        "edgeType": "INVISIBLE"
      }
    },
    {
      "type": "Feature",
      "geometry": {
        "type": "LineString",
        "coordinates": [
          [
            77.66,
            -72.9
          ],
          [
            84.01,
            -86.5
          ]
        ]
      },
      "properties": {
        "id": 192,
        "type": "EDGE",
        "edgeType": "INVISIBLE"
      }
    },
    {
      "type": "Feature",
      "geometry": {
        "type": "LineString",
        "coordinates": [
          [
            84.01,
            -86.5
          ],
          [
            91.69,
            -102.92
          ]
        ]
      },
      "properties": {
        "id": 193,
        "type": "EDGE",
        "edgeType": "INVISIBLE"
      }
    },
    {
      "type": "Feature",
      "geometry": {
        "type": "LineString",
        "coordinates": [
          [
            77.66,
            -72.9
          ],
          [
            101.68,
            -54.94
          ]
        ]
      },
      "properties": {
        "id": 194,
        "type": "EDGE",
        "edgeType": "ROAD"
      }
    },
    {
      "type": "Feature",
      "geometry": {
        "type": "LineString",
        "coordinates": [
          [
            84.01,
            -86.5
          ],
          [
            110.49,
            -66.71
          ]
        ]
      },
      "properties": {
        "id": 195,
        "type": "EDGE",
        "edgeType": "INVISIBLE"
      }
    },
    {
      "type": "Feature",
      "geometry": {
        "type": "LineString",
        "coordinates": [
          [
            92.88,
            -43.16
          ],
          [
            101.68,
            -54.94
          ]
        ]
      },
      "properties": {
        "id": 196,
        "type": "EDGE",
        "edgeType": "INVISIBLE"
      }
    },
    {
      "type": "Feature",
      "geometry": {
        "type": "LineString",
        "coordinates": [
          [
            110.49,
            -66.71
          ],
          [
            101.68,
            -54.94
          ]
        ]
      },
      "properties": {
        "id": 197,
        "type": "EDGE",
        "edgeType": "INVISIBLE"
      }
    },
    {
      "type": "Feature",
      "geometry": {
        "type": "LineString",
        "coordinates": [
          [
            92.88,
            -43.16
          ],
          [
            92.4,
            -42.51
          ]
        ]
      },
      "properties": {
        "id": 198,
        "type": "EDGE",
        "edgeType": "INVISIBLE"
      }
    },
    {
      "type": "Feature",
      "geometry": {
        "type": "LineString",
        "coordinates": [
          [
            92.4,
            -42.51
          ],
          [
            110.47,
            -29
          ]
        ]
      },
      "properties": {
        "id": 199,
        "type": "EDGE",
        "edgeType": "INVISIBLE"
      }
    },
    {
      "type": "Feature",
      "geometry": {
        "type": "LineString",
        "coordinates": [
          [
            110.47,
            -29
          ],
          [
            129.04,
            -53.85
          ]
        ]
      },
      "properties": {
        "id": 200,
        "type": "EDGE",
        "edgeType": "INVISIBLE"
      }
    },
    {
      "type": "Feature",
      "geometry": {
        "type": "LineString",
        "coordinates": [
          [
            129.04,
            -53.85
          ],
          [
            110.97,
            -67.36
          ]
        ]
      },
      "properties": {
        "id": 201,
        "type": "EDGE",
        "edgeType": "INVISIBLE"
      }
    },
    {
      "type": "Feature",
      "geometry": {
        "type": "LineString",
        "coordinates": [
          [
            110.97,
            -67.36
          ],
          [
            110.49,
            -66.71
          ]
        ]
      },
      "properties": {
        "id": 202,
        "type": "EDGE",
        "edgeType": "INVISIBLE"
      }
    },
    {
      "type": "Feature",
      "geometry": {
        "type": "LineString",
        "coordinates": [
          [
            -33.55,
            -80.6
          ],
          [
            -53.05,
            -103.4
          ]
        ]
      },
      "properties": {
        "id": 203,
        "type": "EDGE",
        "edgeType": "ROAD"
      }
    },
    {
      "type": "Feature",
      "geometry": {
        "type": "LineString",
        "coordinates": [
          [
            -53.05,
            -103.4
          ],
          [
            -69.74,
            -128.33
          ]
        ]
      },
      "properties": {
        "id": 204,
        "type": "EDGE",
        "edgeType": "ROAD"
      }
    },
    {
      "type": "Feature",
      "geometry": {
        "type": "LineString",
        "coordinates": [
          [
            -57.52,
            -136.51
          ],
          [
            -69.74,
            -128.33
          ]
        ]
      },
      "properties": {
        "id": 205,
        "type": "EDGE",
        "edgeType": "ROAD"
      }
    },
    {
      "type": "Feature",
      "geometry": {
        "type": "LineString",
        "coordinates": [
          [
            -81.95,
            -120.16
          ],
          [
            -69.74,
            -128.33
          ]
        ]
      },
      "properties": {
        "id": 206,
        "type": "EDGE",
        "edgeType": "ROAD"
      }
    },
    {
      "type": "Feature",
      "geometry": {
        "type": "LineString",
        "coordinates": [
          [
            54.12,
            -90.5
          ],
          [
            60.19,
            -104.31
          ]
        ]
      },
      "properties": {
        "id": 207,
        "type": "EDGE",
        "edgeType": "INVISIBLE"
      }
    },
    {
      "type": "Feature",
      "geometry": {
        "type": "LineString",
        "coordinates": [
          [
            60.19,
            -104.31
          ],
          [
            64.93,
            -115.09
          ]
        ]
      },
      "properties": {
        "id": 208,
        "type": "EDGE",
        "edgeType": "INVISIBLE"
      }
    },
    {
      "type": "Feature",
      "geometry": {
        "type": "LineString",
        "coordinates": [
          [
            37.53,
            -68.07
          ],
          [
            45.38,
            -78.68
          ]
        ]
      },
      "properties": {
        "id": 209,
        "type": "EDGE",
        "edgeType": "INVISIBLE"
      }
    },
    {
      "type": "Feature",
      "geometry": {
        "type": "LineString",
        "coordinates": [
          [
            45.38,
            -78.68
          ],
          [
            54.12,
            -90.5
          ]
        ]
      },
      "properties": {
        "id": 210,
        "type": "EDGE",
        "edgeType": "INVISIBLE"
      }
    },
    {
      "type": "Feature",
      "geometry": {
        "type": "LineString",
        "coordinates": [
          [
            54.12,
            -90.5
          ],
          [
            30.09,
            -108.47
          ]
        ]
      },
      "properties": {
        "id": 211,
        "type": "EDGE",
        "edgeType": "ROAD"
      }
    },
    {
      "type": "Feature",
      "geometry": {
        "type": "LineString",
        "coordinates": [
          [
            38.89,
            -120.24
          ],
          [
            30.09,
            -108.47
          ]
        ]
      },
      "properties": {
        "id": 212,
        "type": "EDGE",
        "edgeType": "ROAD"
      }
    },
    {
      "type": "Feature",
      "geometry": {
        "type": "LineString",
        "coordinates": [
          [
            93.69,
            -134.76
          ],
          [
            108.93,
            -160.6
          ]
        ]
      },
      "properties": {
        "id": 213,
        "type": "EDGE",
        "edgeType": "ROAD"
      }
    },
    {
      "type": "Feature",
      "geometry": {
        "type": "LineString",
        "coordinates": [
          [
            108.93,
            -160.6
          ],
          [
            128.83,
            -183.06
          ]
        ]
      },
      "properties": {
        "id": 214,
        "type": "EDGE",
        "edgeType": "ROAD"
      }
    },
    {
      "type": "Feature",
      "geometry": {
        "type": "LineString",
        "coordinates": [
          [
            139.83,
            -173.31
          ],
          [
            128.83,
            -183.06
          ]
        ]
      },
      "properties": {
        "id": 215,
        "type": "EDGE",
        "edgeType": "ROAD"
      }
    },
    {
      "type": "Feature",
      "geometry": {
        "type": "LineString",
        "coordinates": [
          [
            117.83,
            -192.8
          ],
          [
            128.83,
            -183.06
          ]
        ]
      },
      "properties": {
        "id": 216,
        "type": "EDGE",
        "edgeType": "ROAD"
      }
    },
    {
      "type": "Feature",
      "geometry": {
        "type": "LineString",
        "coordinates": [
          [
            62.77,
            -10.05
          ],
          [
            82.82,
            12.27
          ]
        ]
      },
      "properties": {
        "id": 217,
        "type": "EDGE",
        "edgeType": "ROAD"
      }
    },
    {
      "type": "Feature",
      "geometry": {
        "type": "LineString",
        "coordinates": [
          [
            71.88,
            22.09
          ],
          [
            82.82,
            12.27
          ]
        ]
      },
      "properties": {
        "id": 218,
        "type": "EDGE",
        "edgeType": "ROAD"
      }
    },
    {
      "type": "Feature",
      "geometry": {
        "type": "LineString",
        "coordinates": [
          [
            93.75,
            2.44
          ],
          [
            82.82,
            12.27
          ]
        ]
      },
      "properties": {
        "id": 219,
        "type": "EDGE",
        "edgeType": "ROAD"
      }
    },
    {
      "type": "Feature",
      "geometry": {
        "type": "LineString",
        "coordinates": [
          [
            81.07,
            -142.3
          ],
          [
            88.54,
            -154.96
          ]
        ]
      },
      "properties": {
        "id": 220,
        "type": "EDGE",
        "edgeType": "INVISIBLE"
      }
    },
    {
      "type": "Feature",
      "geometry": {
        "type": "LineString",
        "coordinates": [
          [
            88.54,
            -154.96
          ],
          [
            96.27,
            -168.07
          ]
        ]
      },
      "properties": {
        "id": 221,
        "type": "EDGE",
        "edgeType": "INVISIBLE"
      }
    },
    {
      "type": "Feature",
      "geometry": {
        "type": "LineString",
        "coordinates": [
          [
            64.93,
            -115.09
          ],
          [
            73.57,
            -129.66
          ]
        ]
      },
      "properties": {
        "id": 222,
        "type": "EDGE",
        "edgeType": "INVISIBLE"
      }
    },
    {
      "type": "Feature",
      "geometry": {
        "type": "LineString",
        "coordinates": [
          [
            73.57,
            -129.66
          ],
          [
            81.07,
            -142.3
          ]
        ]
      },
      "properties": {
        "id": 223,
        "type": "EDGE",
        "edgeType": "INVISIBLE"
      }
    },
    {
      "type": "Feature",
      "geometry": {
        "type": "LineString",
        "coordinates": [
          [
            88.54,
            -154.96
          ],
          [
            62.85,
            -170.3
          ]
        ]
      },
      "properties": {
        "id": 224,
        "type": "EDGE",
        "edgeType": "INVISIBLE"
      }
    },
    {
      "type": "Feature",
      "geometry": {
        "type": "LineString",
        "coordinates": [
          [
            81.07,
            -142.3
          ],
          [
            55.32,
            -157.68
          ]
        ]
      },
      "properties": {
        "id": 225,
        "type": "EDGE",
        "edgeType": "ROAD"
      }
    },
    {
      "type": "Feature",
      "geometry": {
        "type": "LineString",
        "coordinates": [
          [
            62.85,
            -170.3
          ],
          [
            37.1,
            -185.68
          ]
        ]
      },
      "properties": {
        "id": 226,
        "type": "EDGE",
        "edgeType": "INVISIBLE"
      }
    },
    {
      "type": "Feature",
      "geometry": {
        "type": "LineString",
        "coordinates": [
          [
            55.32,
            -157.68
          ],
          [
            29.56,
            -173.06
          ]
        ]
      },
      "properties": {
        "id": 227,
        "type": "EDGE",
        "edgeType": "ROAD"
      }
    },
    {
      "type": "Feature",
      "geometry": {
        "type": "LineString",
        "coordinates": [
          [
            22.02,
            -160.44
          ],
          [
            29.56,
            -173.06
          ]
        ]
      },
      "properties": {
        "id": 228,
        "type": "EDGE",
        "edgeType": "ROAD"
      }
    },
    {
      "type": "Feature",
      "geometry": {
        "type": "LineString",
        "coordinates": [
          [
            30.09,
            -108.47
          ],
          [
            4.5,
            -124.13
          ]
        ]
      },
      "properties": {
        "id": 229,
        "type": "EDGE",
        "edgeType": "ROAD"
      }
    },
    {
      "type": "Feature",
      "geometry": {
        "type": "LineString",
        "coordinates": [
          [
            -3.17,
            -111.59
          ],
          [
            4.5,
            -124.13
          ]
        ]
      },
      "properties": {
        "id": 230,
        "type": "EDGE",
        "edgeType": "ROAD"
      }
    },
    {
      "type": "Feature",
      "geometry": {
        "type": "LineString",
        "coordinates": [
          [
            128.83,
            -183.06
          ],
          [
            143.78,
            -209.07
          ]
        ]
      },
      "properties": {
        "id": 231,
        "type": "EDGE",
        "edgeType": "ROAD"
      }
    },
    {
      "type": "Feature",
      "geometry": {
        "type": "LineString",
        "coordinates": [
          [
            156.52,
            -201.74
          ],
          [
            143.78,
            -209.07
          ]
        ]
      },
      "properties": {
        "id": 232,
        "type": "EDGE",
        "edgeType": "INVISIBLE"
      }
    },
    {
      "type": "Feature",
      "geometry": {
        "type": "LineString",
        "coordinates": [
          [
            131.04,
            -216.39
          ],
          [
            143.78,
            -209.07
          ]
        ]
      },
      "properties": {
        "id": 233,
        "type": "EDGE",
        "edgeType": "INVISIBLE"
      }
    },
    {
      "type": "Feature",
      "geometry": {
        "type": "LineString",
        "coordinates": [
          [
            -0.66,
            -74.73
          ],
          [
            -13.01,
            -83.77
          ]
        ]
      },
      "properties": {
        "id": 234,
        "type": "EDGE",
        "edgeType": "INVISIBLE"
      }
    },
    {
      "type": "Feature",
      "geometry": {
        "type": "LineString",
        "coordinates": [
          [
            -24.87,
            -92.46
          ],
          [
            -34.54,
            -104.12
          ]
        ]
      },
      "properties": {
        "id": 235,
        "type": "EDGE",
        "edgeType": "INVISIBLE"
      }
    },
    {
      "type": "Feature",
      "geometry": {
        "type": "LineString",
        "coordinates": [
          [
            -34.54,
            -104.12
          ],
          [
            -41.88,
            -112.95
          ]
        ]
      },
      "properties": {
        "id": 236,
        "type": "EDGE",
        "edgeType": "INVISIBLE"
      }
    },
    {
      "type": "Feature",
      "geometry": {
        "type": "LineString",
        "coordinates": [
          [
            -24.87,
            -92.46
          ],
          [
            -7.14,
            -116.66
          ]
        ]
      },
      "properties": {
        "id": 237,
        "type": "EDGE",
        "edgeType": "ROAD"
      }
    },
    {
      "type": "Feature",
      "geometry": {
        "type": "LineString",
        "coordinates": [
          [
            -34.54,
            -104.12
          ],
          [
            -18.99,
            -125.35
          ]
        ]
      },
      "properties": {
        "id": 238,
        "type": "EDGE",
        "edgeType": "INVISIBLE"
      }
    },
    {
      "type": "Feature",
      "geometry": {
        "type": "LineString",
        "coordinates": [
          [
            -18.99,
            -125.35
          ],
          [
            -7.14,
            -116.66
          ]
        ]
      },
      "properties": {
        "id": 239,
        "type": "EDGE",
        "edgeType": "ROAD"
      }
    },
    {
      "type": "Feature",
      "geometry": {
        "type": "LineString",
        "coordinates": [
          [
            82.82,
            12.27
          ],
          [
            104.38,
            33.13
          ]
        ]
      },
      "properties": {
        "id": 240,
        "type": "EDGE",
        "edgeType": "ROAD"
      }
    },
    {
      "type": "Feature",
      "geometry": {
        "type": "LineString",
        "coordinates": [
          [
            94.16,
            43.69
          ],
          [
            113.8,
            65.18
          ]
        ]
      },
      "properties": {
        "id": 241,
        "type": "EDGE",
        "edgeType": "INVISIBLE"
      }
    },
    {
      "type": "Feature",
      "geometry": {
        "type": "LineString",
        "coordinates": [
          [
            104.38,
            33.13
          ],
          [
            124.64,
            55.25
          ]
        ]
      },
      "properties": {
        "id": 242,
        "type": "EDGE",
        "edgeType": "ROAD"
      }
    },
    {
      "type": "Feature",
      "geometry": {
        "type": "LineString",
        "coordinates": [
          [
            114.6,
            22.56
          ],
          [
            135.48,
            45.33
          ]
        ]
      },
      "properties": {
        "id": 243,
        "type": "EDGE",
        "edgeType": "INVISIBLE"
      }
    },
    {
      "type": "Feature",
      "geometry": {
        "type": "LineString",
        "coordinates": [
          [
            113.8,
            65.18
          ],
          [
            124.64,
            55.25
          ]
        ]
      },
      "properties": {
        "id": 244,
        "type": "EDGE",
        "edgeType": "INVISIBLE"
      }
    },
    {
      "type": "Feature",
      "geometry": {
        "type": "LineString",
        "coordinates": [
          [
            135.48,
            45.33
          ],
          [
            124.64,
            55.25
          ]
        ]
      },
      "properties": {
        "id": 245,
        "type": "EDGE",
        "edgeType": "INVISIBLE"
      }
    },
    {
      "type": "Feature",
      "geometry": {
        "type": "LineString",
        "coordinates": [
          [
            71.45,
            -21.9
          ],
          [
            81.57,
            -10.85
          ]
        ]
      },
      "properties": {
        "id": 246,
        "type": "EDGE",
        "edgeType": "INVISIBLE"
      }
    },
    {
      "type": "Feature",
      "geometry": {
        "type": "LineString",
        "coordinates": [
          [
            49.16,
            -38.24
          ],
          [
            59.6,
            -30.59
          ]
        ]
      },
      "properties": {
        "id": 247,
        "type": "EDGE",
        "edgeType": "INVISIBLE"
      }
    },
    {
      "type": "Feature",
      "geometry": {
        "type": "LineString",
        "coordinates": [
          [
            59.6,
            -30.59
          ],
          [
            71.45,
            -21.9
          ]
        ]
      },
      "properties": {
        "id": 248,
        "type": "EDGE",
        "edgeType": "INVISIBLE"
      }
    },
    {
      "type": "Feature",
      "geometry": {
        "type": "LineString",
        "coordinates": [
          [
            68.8,
            -61.17
          ],
          [
            89.1,
            -46
          ]
        ]
      },
      "properties": {
        "id": 249,
        "type": "EDGE",
        "edgeType": "INVISIBLE"
      }
    },
    {
      "type": "Feature",
      "geometry": {
        "type": "LineString",
        "coordinates": [
          [
            89.1,
            -46
          ],
          [
            92.88,
            -43.16
          ]
        ]
      },
      "properties": {
        "id": 250,
        "type": "EDGE",
        "edgeType": "INVISIBLE"
      }
    },
    {
      "type": "Feature",
      "geometry": {
        "type": "LineString",
        "coordinates": [
          [
            71.45,
            -21.9
          ],
          [
            89.1,
            -46
          ]
        ]
      },
      "properties": {
        "id": 251,
        "type": "EDGE",
        "edgeType": "ROAD"
      }
    },
    {
      "type": "Feature",
      "geometry": {
        "type": "LineString",
        "coordinates": [
          [
            81.57,
            -10.85
          ],
          [
            99.22,
            -34.94
          ]
        ]
      },
      "properties": {
        "id": 252,
        "type": "EDGE",
        "edgeType": "INVISIBLE"
      }
    },
    {
      "type": "Feature",
      "geometry": {
        "type": "LineString",
        "coordinates": [
          [
            99.22,
            -34.94
          ],
          [
            89.1,
            -46
          ]
        ]
      },
      "properties": {
        "id": 253,
        "type": "EDGE",
        "edgeType": "INVISIBLE"
      }
    },
    {
      "type": "Feature",
      "geometry": {
        "type": "LineString",
        "coordinates": [
          [
            -42.24,
            -68.75
          ],
          [
            -52.16,
            -80.08
          ]
        ]
      },
      "properties": {
        "id": 254,
        "type": "EDGE",
        "edgeType": "INVISIBLE"
      }
    },
    {
      "type": "Feature",
      "geometry": {
        "type": "LineString",
        "coordinates": [
          [
            -52.16,
            -80.08
          ],
          [
            -64.22,
            -93.85
          ]
        ]
      },
      "properties": {
        "id": 255,
        "type": "EDGE",
        "edgeType": "INVISIBLE"
      }
    },
    {
      "type": "Feature",
      "geometry": {
        "type": "LineString",
        "coordinates": [
          [
            -18.03,
            -51.02
          ],
          [
            -30.38,
            -60.06
          ]
        ]
      },
      "properties": {
        "id": 256,
        "type": "EDGE",
        "edgeType": "INVISIBLE"
      }
    },
    {
      "type": "Feature",
      "geometry": {
        "type": "LineString",
        "coordinates": [
          [
            -30.38,
            -60.06
          ],
          [
            -42.24,
            -68.75
          ]
        ]
      },
      "properties": {
        "id": 257,
        "type": "EDGE",
        "edgeType": "INVISIBLE"
      }
    },
    {
      "type": "Feature",
      "geometry": {
        "type": "LineString",
        "coordinates": [
          [
            -31.2,
            -41.83
          ],
          [
            -53.67,
            -53.14
          ]
        ]
      },
      "properties": {
        "id": 258,
        "type": "EDGE",
        "edgeType": "INVISIBLE"
      }
    },
    {
      "type": "Feature",
      "geometry": {
        "type": "LineString",
        "coordinates": [
          [
            -53.67,
            -53.14
          ],
          [
            -122.81,
            -87.97
          ]
        ]
      },
      "properties": {
        "id": 259,
        "type": "EDGE",
        "edgeType": "INVISIBLE"
      }
    },
    {
      "type": "Feature",
      "geometry": {
        "type": "LineString",
        "coordinates": [
          [
            -42.24,
            -68.75
          ],
          [
            -53.67,
            -53.14
          ]
        ]
      },
      "properties": {
        "id": 260,
        "type": "EDGE",
        "edgeType": "ROAD"
      }
    },
    {
      "type": "Feature",
      "geometry": {
        "type": "LineString",
        "coordinates": [
          [
            -52.16,
            -80.08
          ],
          [
            -63.59,
            -64.47
          ]
        ]
      },
      "properties": {
        "id": 261,
        "type": "EDGE",
        "edgeType": "INVISIBLE"
      }
    },
    {
      "type": "Feature",
      "geometry": {
        "type": "LineString",
        "coordinates": [
          [
            -63.59,
            -64.47
          ],
          [
            -53.67,
            -53.14
          ]
        ]
      },
      "properties": {
        "id": 262,
        "type": "EDGE",
        "edgeType": "INVISIBLE"
      }
    },
    {
      "type": "Feature",
      "geometry": {
        "type": "LineString",
        "coordinates": [
          [
            91.69,
            -102.92
          ],
          [
            98.73,
            -114.63
          ]
        ]
      },
      "properties": {
        "id": 263,
        "type": "EDGE",
        "edgeType": "INVISIBLE"
      }
    },
    {
      "type": "Feature",
      "geometry": {
        "type": "LineString",
        "coordinates": [
          [
            98.73,
            -114.63
          ],
          [
            106.31,
            -127.23
          ]
        ]
      },
      "properties": {
        "id": 264,
        "type": "EDGE",
        "edgeType": "INVISIBLE"
      }
    },
    {
      "type": "Feature",
      "geometry": {
        "type": "LineString",
        "coordinates": [
          [
            106.31,
            -127.23
          ],
          [
            113.78,
            -139.89
          ]
        ]
      },
      "properties": {
        "id": 265,
        "type": "EDGE",
        "edgeType": "INVISIBLE"
      }
    },
    {
      "type": "Feature",
      "geometry": {
        "type": "LineString",
        "coordinates": [
          [
            113.78,
            -139.89
          ],
          [
            121.59,
            -153.14
          ]
        ]
      },
      "properties": {
        "id": 266,
        "type": "EDGE",
        "edgeType": "INVISIBLE"
      }
    },
    {
      "type": "Feature",
      "geometry": {
        "type": "LineString",
        "coordinates": [
          [
            98.73,
            -114.63
          ],
          [
            124.53,
            -99.23
          ]
        ]
      },
      "properties": {
        "id": 267,
        "type": "EDGE",
        "edgeType": "INVISIBLE"
      }
    },
    {
      "type": "Feature",
      "geometry": {
        "type": "LineString",
        "coordinates": [
          [
            106.31,
            -127.23
          ],
          [
            132.07,
            -111.85
          ]
        ]
      },
      "properties": {
        "id": 268,
        "type": "EDGE",
        "edgeType": "ROAD"
      }
    },
    {
      "type": "Feature",
      "geometry": {
        "type": "LineString",
        "coordinates": [
          [
            113.78,
            -139.89
          ],
          [
            139.6,
            -124.47
          ]
        ]
      },
      "properties": {
        "id": 269,
        "type": "EDGE",
        "edgeType": "INVISIBLE"
      }
    },
    {
      "type": "Feature",
      "geometry": {
        "type": "LineString",
        "coordinates": [
          [
            132.07,
            -111.85
          ],
          [
            157.82,
            -96.47
          ]
        ]
      },
      "properties": {
        "id": 270,
        "type": "EDGE",
        "edgeType": "ROAD"
      }
    },
    {
      "type": "Feature",
      "geometry": {
        "type": "LineString",
        "coordinates": [
          [
            139.6,
            -124.47
          ],
          [
            165.36,
            -109.08
          ]
        ]
      },
      "properties": {
        "id": 271,
        "type": "EDGE",
        "edgeType": "INVISIBLE"
      }
    },
    {
      "type": "Feature",
      "geometry": {
        "type": "LineString",
        "coordinates": [
          [
            150.29,
            -83.85
          ],
          [
            157.82,
            -96.47
          ]
        ]
      },
      "properties": {
        "id": 272,
        "type": "EDGE",
        "edgeType": "ROAD"
      }
    },
    {
      "type": "Feature",
      "geometry": {
        "type": "LineString",
        "coordinates": [
          [
            29.88,
            -15.92
          ],
          [
            42.23,
            -6.88
          ]
        ]
      },
      "properties": {
        "id": 273,
        "type": "EDGE",
        "edgeType": "INVISIBLE"
      }
    },
    {
      "type": "Feature",
      "geometry": {
        "type": "LineString",
        "coordinates": [
          [
            42.23,
            -6.88
          ],
          [
            54.08,
            1.81
          ]
        ]
      },
      "properties": {
        "id": 274,
        "type": "EDGE",
        "edgeType": "INVISIBLE"
      }
    },
    {
      "type": "Feature",
      "geometry": {
        "type": "LineString",
        "coordinates": [
          [
            64.01,
            13.12
          ],
          [
            71.88,
            22.09
          ]
        ]
      },
      "properties": {
        "id": 275,
        "type": "EDGE",
        "edgeType": "INVISIBLE"
      }
    },
    {
      "type": "Feature",
      "geometry": {
        "type": "LineString",
        "coordinates": [
          [
            54.08,
            1.81
          ],
          [
            62.77,
            -10.05
          ]
        ]
      },
      "properties": {
        "id": 276,
        "type": "EDGE",
        "edgeType": "INVISIBLE"
      }
    },
    {
      "type": "Feature",
      "geometry": {
        "type": "LineString",
        "coordinates": [
          [
            -69.74,
            -128.33
          ],
          [
            -90.07,
            -150.4
          ]
        ]
      },
      "properties": {
        "id": 277,
        "type": "EDGE",
        "edgeType": "ROAD"
      }
    },
    {
      "type": "Feature",
      "geometry": {
        "type": "LineString",
        "coordinates": [
          [
            -79.26,
            -160.35
          ],
          [
            -90.07,
            -150.4
          ]
        ]
      },
      "properties": {
        "id": 278,
        "type": "EDGE",
        "edgeType": "INVISIBLE"
      }
    },
    {
      "type": "Feature",
      "geometry": {
        "type": "LineString",
        "coordinates": [
          [
            -100.87,
            -140.44
          ],
          [
            -90.07,
            -150.4
          ]
        ]
      },
      "properties": {
        "id": 279,
        "type": "EDGE",
        "edgeType": "INVISIBLE"
      }
    },
    {
      "type": "Feature",
      "geometry": {
        "type": "LineString",
        "coordinates": [
          [
            93.75,
            2.44
          ],
          [
            104.35,
            12.68
          ]
        ]
      },
      "properties": {
        "id": 280,
        "type": "EDGE",
        "edgeType": "INVISIBLE"
      }
    },
    {
      "type": "Feature",
      "geometry": {
        "type": "LineString",
        "coordinates": [
          [
            104.35,
            12.68
          ],
          [
            114.6,
            22.56
          ]
        ]
      },
      "properties": {
        "id": 281,
        "type": "EDGE",
        "edgeType": "INVISIBLE"
      }
    },
    {
      "type": "Feature",
      "geometry": {
        "type": "LineString",
        "coordinates": [
          [
            81.57,
            -10.85
          ],
          [
            83.82,
            -8.39
          ]
        ]
      },
      "properties": {
        "id": 282,
        "type": "EDGE",
        "edgeType": "INVISIBLE"
      }
    },
    {
      "type": "Feature",
      "geometry": {
        "type": "LineString",
        "coordinates": [
          [
            83.82,
            -8.39
          ],
          [
            93.75,
            2.44
          ]
        ]
      },
      "properties": {
        "id": 283,
        "type": "EDGE",
        "edgeType": "INVISIBLE"
      }
    },
    {
      "type": "Feature",
      "geometry": {
        "type": "LineString",
        "coordinates": [
          [
            104.35,
            12.68
          ],
          [
            125.89,
            -6.67
          ]
        ]
      },
      "properties": {
        "id": 284,
        "type": "EDGE",
        "edgeType": "INVISIBLE"
      }
    },
    {
      "type": "Feature",
      "geometry": {
        "type": "LineString",
        "coordinates": [
          [
            93.75,
            2.44
          ],
          [
            116.06,
            -17.61
          ]
        ]
      },
      "properties": {
        "id": 285,
        "type": "EDGE",
        "edgeType": "ROAD"
      }
    },
    {
      "type": "Feature",
      "geometry": {
        "type": "LineString",
        "coordinates": [
          [
            125.89,
            -6.67
          ],
          [
            148.2,
            -26.72
          ]
        ]
      },
      "properties": {
        "id": 286,
        "type": "EDGE",
        "edgeType": "INVISIBLE"
      }
    },
    {
      "type": "Feature",
      "geometry": {
        "type": "LineString",
        "coordinates": [
          [
            116.06,
            -17.61
          ],
          [
            138.38,
            -37.66
          ]
        ]
      },
      "properties": {
        "id": 287,
        "type": "EDGE",
        "edgeType": "ROAD"
      }
    },
    {
      "type": "Feature",
      "geometry": {
        "type": "LineString",
        "coordinates": [
          [
            148.2,
            -26.72
          ],
          [
            138.38,
            -37.66
          ]
        ]
      },
      "properties": {
        "id": 288,
        "type": "EDGE",
        "edgeType": "INVISIBLE"
      }
    },
    {
      "type": "Feature",
      "geometry": {
        "type": "LineString",
        "coordinates": [
          [
            -79.26,
            -160.35
          ],
          [
            -99.15,
            -182.54
          ]
        ]
      },
      "properties": {
        "id": 289,
        "type": "EDGE",
        "edgeType": "INVISIBLE"
      }
    },
    {
      "type": "Feature",
      "geometry": {
        "type": "LineString",
        "coordinates": [
          [
            -90.07,
            -150.4
          ],
          [
            -110.1,
            -172.73
          ]
        ]
      },
      "properties": {
        "id": 290,
        "type": "EDGE",
        "edgeType": "ROAD"
      }
    },
    {
      "type": "Feature",
      "geometry": {
        "type": "LineString",
        "coordinates": [
          [
            -100.87,
            -140.44
          ],
          [
            -121.04,
            -162.92
          ]
        ]
      },
      "properties": {
        "id": 291,
        "type": "EDGE",
        "edgeType": "INVISIBLE"
      }
    },
    {
      "type": "Feature",
      "geometry": {
        "type": "LineString",
        "coordinates": [
          [
            -99.15,
            -182.54
          ],
          [
            -110.1,
            -172.73
          ]
        ]
      },
      "properties": {
        "id": 292,
        "type": "EDGE",
        "edgeType": "INVISIBLE"
      }
    },
    {
      "type": "Feature",
      "geometry": {
        "type": "LineString",
        "coordinates": [
          [
            -121.04,
            -162.92
          ],
          [
            -110.1,
            -172.73
          ]
        ]
      },
      "properties": {
        "id": 293,
        "type": "EDGE",
        "edgeType": "INVISIBLE"
      }
    },
    {
      "type": "Feature",
      "geometry": {
        "type": "LineString",
        "coordinates": [
          [
            -81.95,
            -120.16
          ],
          [
            -92.11,
            -131.04
          ]
        ]
      },
      "properties": {
        "id": 294,
        "type": "EDGE",
        "edgeType": "INVISIBLE"
      }
    },
    {
      "type": "Feature",
      "geometry": {
        "type": "LineString",
        "coordinates": [
          [
            -92.11,
            -131.04
          ],
          [
            -100.87,
            -140.44
          ]
        ]
      },
      "properties": {
        "id": 295,
        "type": "EDGE",
        "edgeType": "INVISIBLE"
      }
    },
    {
      "type": "Feature",
      "geometry": {
        "type": "LineString",
        "coordinates": [
          [
            -64.22,
            -93.85
          ],
          [
            -73.73,
            -107.97
          ]
        ]
      },
      "properties": {
        "id": 296,
        "type": "EDGE",
        "edgeType": "INVISIBLE"
      }
    },
    {
      "type": "Feature",
      "geometry": {
        "type": "LineString",
        "coordinates": [
          [
            -73.73,
            -107.97
          ],
          [
            -81.95,
            -120.16
          ]
        ]
      },
      "properties": {
        "id": 297,
        "type": "EDGE",
        "edgeType": "INVISIBLE"
      }
    },
    {
      "type": "Feature",
      "geometry": {
        "type": "LineString",
        "coordinates": [
          [
            -92.11,
            -131.04
          ],
          [
            -115.05,
            -115.68
          ]
        ]
      },
      "properties": {
        "id": 298,
        "type": "EDGE",
        "edgeType": "INVISIBLE"
      }
    },
    {
      "type": "Feature",
      "geometry": {
        "type": "LineString",
        "coordinates": [
          [
            -81.95,
            -120.16
          ],
          [
            -106.88,
            -103.47
          ]
        ]
      },
      "properties": {
        "id": 299,
        "type": "EDGE",
        "edgeType": "ROAD"
      }
    },
    {
      "type": "Feature",
      "geometry": {
        "type": "LineString",
        "coordinates": [
          [
            -115.05,
            -115.68
          ],
          [
            -139.98,
            -98.99
          ]
        ]
      },
      "properties": {
        "id": 300,
        "type": "EDGE",
        "edgeType": "INVISIBLE"
      }
    },
    {
      "type": "Feature",
      "geometry": {
        "type": "LineString",
        "coordinates": [
          [
            60.19,
            -104.31
          ],
          [
            50.66,
            -111.44
          ]
        ]
      },
      "properties": {
        "id": 301,
        "type": "EDGE",
        "edgeType": "INVISIBLE"
      }
    },
    {
      "type": "Feature",
      "geometry": {
        "type": "LineString",
        "coordinates": [
          [
            50.66,
            -111.44
          ],
          [
            38.89,
            -120.24
          ]
        ]
      },
      "properties": {
        "id": 302,
        "type": "EDGE",
        "edgeType": "INVISIBLE"
      }
    },
    {
      "type": "Feature",
      "geometry": {
        "type": "LineString",
        "coordinates": [
          [
            38.89,
            -120.24
          ],
          [
            26.32,
            -127.96
          ]
        ]
      },
      "properties": {
        "id": 303,
        "type": "EDGE",
        "edgeType": "INVISIBLE"
      }
    },
    {
      "type": "Feature",
      "geometry": {
        "type": "LineString",
        "coordinates": [
          [
            26.32,
            -127.96
          ],
          [
            12.17,
            -136.66
          ]
        ]
      },
      "properties": {
        "id": 304,
        "type": "EDGE",
        "edgeType": "INVISIBLE"
      }
    },
    {
      "type": "Feature",
      "geometry": {
        "type": "LineString",
        "coordinates": [
          [
            73.57,
            -129.66
          ],
          [
            54.47,
            -141.07
          ]
        ]
      },
      "properties": {
        "id": 305,
        "type": "EDGE",
        "edgeType": "INVISIBLE"
      }
    },
    {
      "type": "Feature",
      "geometry": {
        "type": "LineString",
        "coordinates": [
          [
            54.47,
            -141.07
          ],
          [
            47.78,
            -145.06
          ]
        ]
      },
      "properties": {
        "id": 306,
        "type": "EDGE",
        "edgeType": "INVISIBLE"
      }
    },
    {
      "type": "Feature",
      "geometry": {
        "type": "LineString",
        "coordinates": [
          [
            38.89,
            -120.24
          ],
          [
            54.47,
            -141.07
          ]
        ]
      },
      "properties": {
        "id": 307,
        "type": "EDGE",
        "edgeType": "ROAD"
      }
    },
    {
      "type": "Feature",
      "geometry": {
        "type": "LineString",
        "coordinates": [
          [
            50.66,
            -111.44
          ],
          [
            66.24,
            -132.27
          ]
        ]
      },
      "properties": {
        "id": 308,
        "type": "EDGE",
        "edgeType": "INVISIBLE"
      }
    },
    {
      "type": "Feature",
      "geometry": {
        "type": "LineString",
        "coordinates": [
          [
            66.24,
            -132.27
          ],
          [
            54.47,
            -141.07
          ]
        ]
      },
      "properties": {
        "id": 309,
        "type": "EDGE",
        "edgeType": "INVISIBLE"
      }
    },
    {
      "type": "Feature",
      "geometry": {
        "type": "LineString",
        "coordinates": [
          [
            193.75,
            152.6
          ],
          [
            176.73,
            157.45
          ]
        ]
      },
      "properties": {
        "id": 310,
        "type": "EDGE",
        "edgeType": "WATERFRONT"
      }
    },
    {
      "type": "Feature",
      "geometry": {
        "type": "LineString",
        "coordinates": [
          [
            176.73,
            157.45
          ],
          [
            175.27,
            157.87
          ]
        ]
      },
      "properties": {
        "id": 311,
        "type": "EDGE",
        "edgeType": "WATERFRONT"
      }
    },
    {
      "type": "Feature",
      "geometry": {
        "type": "LineString",
        "coordinates": [
          [
            121.59,
            -153.14
          ],
          [
            129.97,
            -162.41
          ]
        ]
      },
      "properties": {
        "id": 312,
        "type": "EDGE",
        "edgeType": "INVISIBLE"
      }
    },
    {
      "type": "Feature",
      "geometry": {
        "type": "LineString",
        "coordinates": [
          [
            129.97,
            -162.41
          ],
          [
            139.83,
            -173.31
          ]
        ]
      },
      "properties": {
        "id": 313,
        "type": "EDGE",
        "edgeType": "INVISIBLE"
      }
    },
    {
      "type": "Feature",
      "geometry": {
        "type": "LineString",
        "coordinates": [
          [
            139.83,
            -173.31
          ],
          [
            147.41,
            -186.23
          ]
        ]
      },
      "properties": {
        "id": 314,
        "type": "EDGE",
        "edgeType": "INVISIBLE"
      }
    },
    {
      "type": "Feature",
      "geometry": {
        "type": "LineString",
        "coordinates": [
          [
            147.41,
            -186.23
          ],
          [
            156.52,
            -201.74
          ]
        ]
      },
      "properties": {
        "id": 315,
        "type": "EDGE",
        "edgeType": "INVISIBLE"
      }
    },
    {
      "type": "Feature",
      "geometry": {
        "type": "LineString",
        "coordinates": [
          [
            129.97,
            -162.41
          ],
          [
            152.54,
            -142.42
          ]
        ]
      },
      "properties": {
        "id": 316,
        "type": "EDGE",
        "edgeType": "INVISIBLE"
      }
    },
    {
      "type": "Feature",
      "geometry": {
        "type": "LineString",
        "coordinates": [
          [
            139.83,
            -173.31
          ],
          [
            162.28,
            -153.42
          ]
        ]
      },
      "properties": {
        "id": 317,
        "type": "EDGE",
        "edgeType": "ROAD"
      }
    },
    {
      "type": "Feature",
      "geometry": {
        "type": "LineString",
        "coordinates": [
          [
            147.41,
            -186.23
          ],
          [
            172.03,
            -164.42
          ]
        ]
      },
      "properties": {
        "id": 318,
        "type": "EDGE",
        "edgeType": "INVISIBLE"
      }
    },
    {
      "type": "Feature",
      "geometry": {
        "type": "LineString",
        "coordinates": [
          [
            152.54,
            -142.42
          ],
          [
            174.99,
            -122.52
          ]
        ]
      },
      "properties": {
        "id": 319,
        "type": "EDGE",
        "edgeType": "INVISIBLE"
      }
    },
    {
      "type": "Feature",
      "geometry": {
        "type": "LineString",
        "coordinates": [
          [
            162.28,
            -153.42
          ],
          [
            184.74,
            -133.52
          ]
        ]
      },
      "properties": {
        "id": 320,
        "type": "EDGE",
        "edgeType": "ROAD"
      }
    },
    {
      "type": "Feature",
      "geometry": {
        "type": "LineString",
        "coordinates": [
          [
            172.03,
            -164.42
          ],
          [
            194.48,
            -144.52
          ]
        ]
      },
      "properties": {
        "id": 321,
        "type": "EDGE",
        "edgeType": "INVISIBLE"
      }
    },
    {
      "type": "Feature",
      "geometry": {
        "type": "LineString",
        "coordinates": [
          [
            156.52,
            -201.74
          ],
          [
            171.79,
            -227.27
          ]
        ]
      },
      "properties": {
        "id": 322,
        "type": "EDGE",
        "edgeType": "INVISIBLE"
      }
    },
    {
      "type": "Feature",
      "geometry": {
        "type": "LineString",
        "coordinates": [
          [
            143.78,
            -209.07
          ],
          [
            159.18,
            -234.81
          ]
        ]
      },
      "properties": {
        "id": 323,
        "type": "EDGE",
        "edgeType": "ROAD"
      }
    },
    {
      "type": "Feature",
      "geometry": {
        "type": "LineString",
        "coordinates": [
          [
            131.04,
            -216.39
          ],
          [
            146.57,
            -242.36
          ]
        ]
      },
      "properties": {
        "id": 324,
        "type": "EDGE",
        "edgeType": "INVISIBLE"
      }
    },
    {
      "type": "Feature",
      "geometry": {
        "type": "LineString",
        "coordinates": [
          [
            117.83,
            -192.8
          ],
          [
            125.18,
            -205.93
          ]
        ]
      },
      "properties": {
        "id": 325,
        "type": "EDGE",
        "edgeType": "INVISIBLE"
      }
    },
    {
      "type": "Feature",
      "geometry": {
        "type": "LineString",
        "coordinates": [
          [
            125.18,
            -205.93
          ],
          [
            131.04,
            -216.39
          ]
        ]
      },
      "properties": {
        "id": 326,
        "type": "EDGE",
        "edgeType": "INVISIBLE"
      }
    },
    {
      "type": "Feature",
      "geometry": {
        "type": "LineString",
        "coordinates": [
          [
            96.27,
            -168.07
          ],
          [
            108.17,
            -181.72
          ]
        ]
      },
      "properties": {
        "id": 327,
        "type": "EDGE",
        "edgeType": "INVISIBLE"
      }
    },
    {
      "type": "Feature",
      "geometry": {
        "type": "LineString",
        "coordinates": [
          [
            108.17,
            -181.72
          ],
          [
            117.83,
            -192.8
          ]
        ]
      },
      "properties": {
        "id": 328,
        "type": "EDGE",
        "edgeType": "INVISIBLE"
      }
    },
    {
      "type": "Feature",
      "geometry": {
        "type": "LineString",
        "coordinates": [
          [
            125.18,
            -205.93
          ],
          [
            105.12,
            -223.7
          ]
        ]
      },
      "properties": {
        "id": 329,
        "type": "EDGE",
        "edgeType": "INVISIBLE"
      }
    },
    {
      "type": "Feature",
      "geometry": {
        "type": "LineString",
        "coordinates": [
          [
            117.83,
            -192.8
          ],
          [
            95.38,
            -212.7
          ]
        ]
      },
      "properties": {
        "id": 330,
        "type": "EDGE",
        "edgeType": "ROAD"
      }
    },
    {
      "type": "Feature",
      "geometry": {
        "type": "LineString",
        "coordinates": [
          [
            108.17,
            -181.72
          ],
          [
            85.63,
            -201.7
          ]
        ]
      },
      "properties": {
        "id": 331,
        "type": "EDGE",
        "edgeType": "INVISIBLE"
      }
    },
    {
      "type": "Feature",
      "geometry": {
        "type": "LineString",
        "coordinates": [
          [
            54.08,
            1.81
          ],
          [
            62.19,
            11.04
          ]
        ]
      },
      "properties": {
        "id": 332,
        "type": "EDGE",
        "edgeType": "INVISIBLE"
      }
    },
    {
      "type": "Feature",
      "geometry": {
        "type": "LineString",
        "coordinates": [
          [
            62.19,
            11.04
          ],
          [
            64.01,
            13.12
          ]
        ]
      },
      "properties": {
        "id": 333,
        "type": "EDGE",
        "edgeType": "INVISIBLE"
      }
    },
    {
      "type": "Feature",
      "geometry": {
        "type": "LineString",
        "coordinates": [
          [
            71.88,
            22.09
          ],
          [
            82.46,
            32.34
          ]
        ]
      },
      "properties": {
        "id": 334,
        "type": "EDGE",
        "edgeType": "INVISIBLE"
      }
    },
    {
      "type": "Feature",
      "geometry": {
        "type": "LineString",
        "coordinates": [
          [
            82.46,
            32.34
          ],
          [
            94.16,
            43.69
          ]
        ]
      },
      "properties": {
        "id": 335,
        "type": "EDGE",
        "edgeType": "INVISIBLE"
      }
    },
    {
      "type": "Feature",
      "geometry": {
        "type": "LineString",
        "coordinates": [
          [
            49.16,
            17.31
          ],
          [
            64.28,
            28.93
          ]
        ]
      },
      "properties": {
        "id": 336,
        "type": "EDGE",
        "edgeType": "INVISIBLE"
      }
    },
    {
      "type": "Feature",
      "geometry": {
        "type": "LineString",
        "coordinates": [
          [
            71.88,
            22.09
          ],
          [
            64.28,
            28.93
          ]
        ]
      },
      "properties": {
        "id": 337,
        "type": "EDGE",
        "edgeType": "ROAD"
      }
    },
    {
      "type": "Feature",
      "geometry": {
        "type": "LineString",
        "coordinates": [
          [
            62.19,
            11.04
          ],
          [
            54.58,
            17.88
          ]
        ]
      },
      "properties": {
        "id": 338,
        "type": "EDGE",
        "edgeType": "INVISIBLE"
      }
    },
    {
      "type": "Feature",
      "geometry": {
        "type": "LineString",
        "coordinates": [
          [
            54.58,
            17.88
          ],
          [
            64.28,
            28.93
          ]
        ]
      },
      "properties": {
        "id": 339,
        "type": "EDGE",
        "edgeType": "INVISIBLE"
      }
    },
    {
      "type": "Feature",
      "geometry": {
        "type": "LineString",
        "coordinates": [
          [
            37.1,
            -185.68
          ],
          [
            7.97,
            -198.55
          ]
        ]
      },
      "properties": {
        "id": 340,
        "type": "EDGE",
        "edgeType": "INVISIBLE"
      }
    },
    {
      "type": "Feature",
      "geometry": {
        "type": "LineString",
        "coordinates": [
          [
            29.56,
            -173.06
          ],
          [
            2.08,
            -185.09
          ]
        ]
      },
      "properties": {
        "id": 341,
        "type": "EDGE",
        "edgeType": "ROAD"
      }
    },
    {
      "type": "Feature",
      "geometry": {
        "type": "LineString",
        "coordinates": [
          [
            7.97,
            -198.55
          ],
          [
            -13.4,
            -214.69
          ]
        ]
      },
      "properties": {
        "id": 342,
        "type": "EDGE",
        "edgeType": "INVISIBLE"
      }
    },
    {
      "type": "Feature",
      "geometry": {
        "type": "LineString",
        "coordinates": [
          [
            2.08,
            -185.09
          ],
          [
            -22.1,
            -202.85
          ]
        ]
      },
      "properties": {
        "id": 343,
        "type": "EDGE",
        "edgeType": "ROAD"
      }
    },
    {
      "type": "Feature",
      "geometry": {
        "type": "LineString",
        "coordinates": [
          [
            124.64,
            55.25
          ],
          [
            148.43,
            73.53
          ]
        ]
      },
      "properties": {
        "id": 344,
        "type": "EDGE",
        "edgeType": "ROAD"
      }
    },
    {
      "type": "Feature",
      "geometry": {
        "type": "LineString",
        "coordinates": [
          [
            135.48,
            45.33
          ],
          [
            157.38,
            61.87
          ]
        ]
      },
      "properties": {
        "id": 345,
        "type": "EDGE",
        "edgeType": "INVISIBLE"
      }
    },
    {
      "type": "Feature",
      "geometry": {
        "type": "LineString",
        "coordinates": [
          [
            139.48,
            85.18
          ],
          [
            148.43,
            73.53
          ]
        ]
      },
      "properties": {
        "id": 346,
        "type": "EDGE",
        "edgeType": "INVISIBLE"
      }
    },
    {
      "type": "Feature",
      "geometry": {
        "type": "LineString",
        "coordinates": [
          [
            157.38,
            61.87
          ],
          [
            148.43,
            73.53
          ]
        ]
      },
      "properties": {
        "id": 347,
        "type": "EDGE",
        "edgeType": "INVISIBLE"
      }
    },
    {
      "type": "Feature",
      "geometry": {
        "type": "LineString",
        "coordinates": [
          [
            -106.88,
            -103.47
          ],
          [
            -128.03,
            -89.31
          ]
        ]
      },
      "properties": {
        "id": 348,
        "type": "EDGE",
        "edgeType": "ROAD"
      }
    },
    {
      "type": "Feature",
      "geometry": {
        "type": "LineString",
        "coordinates": [
          [
            -128.03,
            -89.31
          ],
          [
            -131.81,
            -86.78
          ]
        ]
      },
      "properties": {
        "id": 349,
        "type": "EDGE",
        "edgeType": "ROAD"
      }
    },
    {
      "type": "Feature",
      "geometry": {
        "type": "LineString",
        "coordinates": [
          [
            -122.81,
            -87.97
          ],
          [
            -128.03,
            -89.31
          ]
        ]
      },
      "properties": {
        "id": 350,
        "type": "EDGE",
        "edgeType": "INVISIBLE"
      }
    },
    {
      "type": "Feature",
      "geometry": {
        "type": "LineString",
        "coordinates": [
          [
            -136.03,
            -61.72
          ],
          [
            -229.97,
            -85.06
          ]
        ]
      },
      "properties": {
        "id": 351,
        "type": "EDGE",
        "edgeType": "INVISIBLE"
      }
    },
    {
      "type": "Feature",
      "geometry": {
        "type": "LineString",
        "coordinates": [
          [
            4.5,
            -124.13
          ],
          [
            -16.92,
            -145.13
          ]
        ]
      },
      "properties": {
        "id": 352,
        "type": "EDGE",
        "edgeType": "ROAD"
      }
    },
    {
      "type": "Feature",
      "geometry": {
        "type": "LineString",
        "coordinates": [
          [
            -3.17,
            -111.59
          ],
          [
            -7.14,
            -116.66
          ]
        ]
      },
      "properties": {
        "id": 353,
        "type": "EDGE",
        "edgeType": "INVISIBLE"
      }
    },
    {
      "type": "Feature",
      "geometry": {
        "type": "LineString",
        "coordinates": [
          [
            -16.92,
            -145.13
          ],
          [
            -7.14,
            -116.66
          ]
        ]
      },
      "properties": {
        "id": 354,
        "type": "EDGE",
        "edgeType": "INVISIBLE"
      }
    },
    {
      "type": "Feature",
      "geometry": {
        "type": "LineString",
        "coordinates": [
          [
            157.82,
            -96.47
          ],
          [
            184.76,
            -83.26
          ]
        ]
      },
      "properties": {
        "id": 355,
        "type": "EDGE",
        "edgeType": "ROAD"
      }
    },
    {
      "type": "Feature",
      "geometry": {
        "type": "LineString",
        "coordinates": [
          [
            165.36,
            -109.08
          ],
          [
            191.23,
            -96.46
          ]
        ]
      },
      "properties": {
        "id": 356,
        "type": "EDGE",
        "edgeType": "INVISIBLE"
      }
    },
    {
      "type": "Feature",
      "geometry": {
        "type": "LineString",
        "coordinates": [
          [
            178.3,
            -70.07
          ],
          [
            211.17,
            -62.81
          ]
        ]
      },
      "properties": {
        "id": 357,
        "type": "EDGE",
        "edgeType": "INVISIBLE"
      }
    },
    {
      "type": "Feature",
      "geometry": {
        "type": "LineString",
        "coordinates": [
          [
            184.76,
            -83.26
          ],
          [
            214.14,
            -77.2
          ]
        ]
      },
      "properties": {
        "id": 358,
        "type": "EDGE",
        "edgeType": "ROAD"
      }
    },
    {
      "type": "Feature",
      "geometry": {
        "type": "LineString",
        "coordinates": [
          [
            191.23,
            -96.46
          ],
          [
            217.11,
            -91.59
          ]
        ]
      },
      "properties": {
        "id": 359,
        "type": "EDGE",
        "edgeType": "INVISIBLE"
      }
    },
    {
      "type": "Feature",
      "geometry": {
        "type": "LineString",
        "coordinates": [
          [
            21.29,
            -96.69
          ],
          [
            8.68,
            -104.37
          ]
        ]
      },
      "properties": {
        "id": 360,
        "type": "EDGE",
        "edgeType": "INVISIBLE"
      }
    },
    {
      "type": "Feature",
      "geometry": {
        "type": "LineString",
        "coordinates": [
          [
            8.68,
            -104.37
          ],
          [
            -3.17,
            -111.59
          ]
        ]
      },
      "properties": {
        "id": 361,
        "type": "EDGE",
        "edgeType": "INVISIBLE"
      }
    },
    {
      "type": "Feature",
      "geometry": {
        "type": "LineString",
        "coordinates": [
          [
            45.38,
            -78.68
          ],
          [
            33.06,
            -87.89
          ]
        ]
      },
      "properties": {
        "id": 362,
        "type": "EDGE",
        "edgeType": "INVISIBLE"
      }
    },
    {
      "type": "Feature",
      "geometry": {
        "type": "LineString",
        "coordinates": [
          [
            33.06,
            -87.89
          ],
          [
            21.29,
            -96.69
          ]
        ]
      },
      "properties": {
        "id": 363,
        "type": "EDGE",
        "edgeType": "INVISIBLE"
      }
    },
    {
      "type": "Feature",
      "geometry": {
        "type": "LineString",
        "coordinates": [
          [
            21.29,
            -96.69
          ],
          [
            30.09,
            -108.47
          ]
        ]
      },
      "properties": {
        "id": 364,
        "type": "EDGE",
        "edgeType": "INVISIBLE"
      }
    },
    {
      "type": "Feature",
      "geometry": {
        "type": "LineString",
        "coordinates": [
          [
            -41.88,
            -112.95
          ],
          [
            -49.39,
            -124.27
          ]
        ]
      },
      "properties": {
        "id": 365,
        "type": "EDGE",
        "edgeType": "INVISIBLE"
      }
    },
    {
      "type": "Feature",
      "geometry": {
        "type": "LineString",
        "coordinates": [
          [
            -49.39,
            -124.27
          ],
          [
            -57.52,
            -136.51
          ]
        ]
      },
      "properties": {
        "id": 366,
        "type": "EDGE",
        "edgeType": "INVISIBLE"
      }
    },
    {
      "type": "Feature",
      "geometry": {
        "type": "LineString",
        "coordinates": [
          [
            -57.52,
            -136.51
          ],
          [
            -67.53,
            -147.49
          ]
        ]
      },
      "properties": {
        "id": 367,
        "type": "EDGE",
        "edgeType": "INVISIBLE"
      }
    },
    {
      "type": "Feature",
      "geometry": {
        "type": "LineString",
        "coordinates": [
          [
            -67.53,
            -147.49
          ],
          [
            -79.26,
            -160.35
          ]
        ]
      },
      "properties": {
        "id": 368,
        "type": "EDGE",
        "edgeType": "INVISIBLE"
      }
    },
    {
      "type": "Feature",
      "geometry": {
        "type": "LineString",
        "coordinates": [
          [
            -49.39,
            -124.27
          ],
          [
            -24.42,
            -140.98
          ]
        ]
      },
      "properties": {
        "id": 369,
        "type": "EDGE",
        "edgeType": "INVISIBLE"
      }
    },
    {
      "type": "Feature",
      "geometry": {
        "type": "LineString",
        "coordinates": [
          [
            -57.52,
            -136.51
          ],
          [
            -32.59,
            -153.2
          ]
        ]
      },
      "properties": {
        "id": 370,
        "type": "EDGE",
        "edgeType": "ROAD"
      }
    },
    {
      "type": "Feature",
      "geometry": {
        "type": "LineString",
        "coordinates": [
          [
            -67.53,
            -147.49
          ],
          [
            -40.77,
            -165.41
          ]
        ]
      },
      "properties": {
        "id": 371,
        "type": "EDGE",
        "edgeType": "INVISIBLE"
      }
    },
    {
      "type": "Feature",
      "geometry": {
        "type": "LineString",
        "coordinates": [
          [
            -24.42,
            -140.98
          ],
          [
            -32.59,
            -153.2
          ]
        ]
      },
      "properties": {
        "id": 372,
        "type": "EDGE",
        "edgeType": "INVISIBLE"
      }
    },
    {
      "type": "Feature",
      "geometry": {
        "type": "LineString",
        "coordinates": [
          [
            -40.77,
            -165.41
          ],
          [
            -32.59,
            -153.2
          ]
        ]
      },
      "properties": {
        "id": 373,
        "type": "EDGE",
        "edgeType": "INVISIBLE"
      }
    },
    {
      "type": "Feature",
      "geometry": {
        "type": "LineString",
        "coordinates": [
          [
            211.17,
            -62.81
          ],
          [
            242.71,
            -59.88
          ]
        ]
      },
      "properties": {
        "id": 374,
        "type": "EDGE",
        "edgeType": "INVISIBLE"
      }
    },
    {
      "type": "Feature",
      "geometry": {
        "type": "LineString",
        "coordinates": [
          [
            214.14,
            -77.2
          ],
          [
            244.02,
            -74.52
          ]
        ]
      },
      "properties": {
        "id": 375,
        "type": "EDGE",
        "edgeType": "ROAD"
      }
    },
    {
      "type": "Feature",
      "geometry": {
        "type": "LineString",
        "coordinates": [
          [
            217.11,
            -91.59
          ],
          [
            245.34,
            -89.15
          ]
        ]
      },
      "properties": {
        "id": 376,
        "type": "EDGE",
        "edgeType": "INVISIBLE"
      }
    },
    {
      "type": "Feature",
      "geometry": {
        "type": "LineString",
        "coordinates": [
          [
            242.71,
            -59.88
          ],
          [
            271.05,
            -54.88
          ]
        ]
      },
      "properties": {
        "id": 377,
        "type": "EDGE",
        "edgeType": "INVISIBLE"
      }
    },
    {
      "type": "Feature",
      "geometry": {
        "type": "LineString",
        "coordinates": [
          [
            244.02,
            -74.52
          ],
          [
            273.58,
            -69.36
          ]
        ]
      },
      "properties": {
        "id": 378,
        "type": "EDGE",
        "edgeType": "ROAD"
      }
    },
    {
      "type": "Feature",
      "geometry": {
        "type": "LineString",
        "coordinates": [
          [
            245.34,
            -89.15
          ],
          [
            276.1,
            -83.84
          ]
        ]
      },
      "properties": {
        "id": 379,
        "type": "EDGE",
        "edgeType": "INVISIBLE"
      }
    },
    {
      "type": "Feature",
      "geometry": {
        "type": "LineString",
        "coordinates": [
          [
            -32.59,
            -153.2
          ],
          [
            -6.9,
            -168.69
          ]
        ]
      },
      "properties": {
        "id": 380,
        "type": "EDGE",
        "edgeType": "ROAD"
      }
    },
    {
      "type": "Feature",
      "geometry": {
        "type": "LineString",
        "coordinates": [
          [
            -6.63,
            -155.62
          ],
          [
            -16.03,
            -146.04
          ]
        ]
      },
      "properties": {
        "id": 381,
        "type": "EDGE",
        "edgeType": "INVISIBLE"
      }
    },
    {
      "type": "Feature",
      "geometry": {
        "type": "LineString",
        "coordinates": [
          [
            -16.03,
            -146.04
          ],
          [
            -16.92,
            -145.13
          ]
        ]
      },
      "properties": {
        "id": 382,
        "type": "EDGE",
        "edgeType": "INVISIBLE"
      }
    },
    {
      "type": "Feature",
      "geometry": {
        "type": "LineString",
        "coordinates": [
          [
            -24.42,
            -140.98
          ],
          [
            -16.03,
            -146.04
          ]
        ]
      },
      "properties": {
        "id": 383,
        "type": "EDGE",
        "edgeType": "INVISIBLE"
      }
    },
    {
      "type": "Feature",
      "geometry": {
        "type": "LineString",
        "coordinates": [
          [
            -6.9,
            -168.69
          ],
          [
            -16.03,
            -146.04
          ]
        ]
      },
      "properties": {
        "id": 384,
        "type": "EDGE",
        "edgeType": "INVISIBLE"
      }
    },
    {
      "type": "Feature",
      "geometry": {
        "type": "LineString",
        "coordinates": [
          [
            -3.82,
            -171.62
          ],
          [
            -15.99,
            -180.37
          ]
        ]
      },
      "properties": {
        "id": 385,
        "type": "EDGE",
        "edgeType": "INVISIBLE"
      }
    },
    {
      "type": "Feature",
      "geometry": {
        "type": "LineString",
        "coordinates": [
          [
            -15.99,
            -180.37
          ],
          [
            -30.8,
            -191.01
          ]
        ]
      },
      "properties": {
        "id": 386,
        "type": "EDGE",
        "edgeType": "INVISIBLE"
      }
    },
    {
      "type": "Feature",
      "geometry": {
        "type": "LineString",
        "coordinates": [
          [
            -40.77,
            -165.41
          ],
          [
            -15.99,
            -180.37
          ]
        ]
      },
      "properties": {
        "id": 387,
        "type": "EDGE",
        "edgeType": "INVISIBLE"
      }
    },
    {
      "type": "Feature",
      "geometry": {
        "type": "LineString",
        "coordinates": [
          [
            -6.9,
            -168.69
          ],
          [
            -15.99,
            -180.37
          ]
        ]
      },
      "properties": {
        "id": 388,
        "type": "EDGE",
        "edgeType": "INVISIBLE"
      }
    },
    {
      "type": "Feature",
      "geometry": {
        "type": "LineString",
        "coordinates": [
          [
            124.53,
            -99.23
          ],
          [
            137.67,
            -91.38
          ]
        ]
      },
      "properties": {
        "id": 389,
        "type": "EDGE",
        "edgeType": "INVISIBLE"
      }
    },
    {
      "type": "Feature",
      "geometry": {
        "type": "LineString",
        "coordinates": [
          [
            137.67,
            -91.38
          ],
          [
            150.29,
            -83.85
          ]
        ]
      },
      "properties": {
        "id": 390,
        "type": "EDGE",
        "edgeType": "INVISIBLE"
      }
    },
    {
      "type": "Feature",
      "geometry": {
        "type": "LineString",
        "coordinates": [
          [
            150.29,
            -83.85
          ],
          [
            163.52,
            -77.34
          ]
        ]
      },
      "properties": {
        "id": 391,
        "type": "EDGE",
        "edgeType": "INVISIBLE"
      }
    },
    {
      "type": "Feature",
      "geometry": {
        "type": "LineString",
        "coordinates": [
          [
            163.52,
            -77.34
          ],
          [
            178.3,
            -70.07
          ]
        ]
      },
      "properties": {
        "id": 392,
        "type": "EDGE",
        "edgeType": "INVISIBLE"
      }
    },
    {
      "type": "Feature",
      "geometry": {
        "type": "LineString",
        "coordinates": [
          [
            137.67,
            -91.38
          ],
          [
            122.29,
            -65.63
          ]
        ]
      },
      "properties": {
        "id": 393,
        "type": "EDGE",
        "edgeType": "INVISIBLE"
      }
    },
    {
      "type": "Feature",
      "geometry": {
        "type": "LineString",
        "coordinates": [
          [
            150.29,
            -83.85
          ],
          [
            134.91,
            -58.09
          ]
        ]
      },
      "properties": {
        "id": 394,
        "type": "EDGE",
        "edgeType": "ROAD"
      }
    },
    {
      "type": "Feature",
      "geometry": {
        "type": "LineString",
        "coordinates": [
          [
            163.52,
            -77.34
          ],
          [
            147.52,
            -50.56
          ]
        ]
      },
      "properties": {
        "id": 395,
        "type": "EDGE",
        "edgeType": "INVISIBLE"
      }
    },
    {
      "type": "Feature",
      "geometry": {
        "type": "LineString",
        "coordinates": [
          [
            122.29,
            -65.63
          ],
          [
            134.91,
            -58.09
          ]
        ]
      },
      "properties": {
        "id": 396,
        "type": "EDGE",
        "edgeType": "INVISIBLE"
      }
    },
    {
      "type": "Feature",
      "geometry": {
        "type": "LineString",
        "coordinates": [
          [
            147.52,
            -50.56
          ],
          [
            134.91,
            -58.09
          ]
        ]
      },
      "properties": {
        "id": 397,
        "type": "EDGE",
        "edgeType": "INVISIBLE"
      }
    },
    {
      "type": "Feature",
      "geometry": {
        "type": "LineString",
        "coordinates": [
          [
            31.96,
            41.16
          ],
          [
            99.23,
            92.88
          ]
        ]
      },
      "properties": {
        "id": 398,
        "type": "EDGE",
        "edgeType": "INVISIBLE"
      }
    },
    {
      "type": "Feature",
      "geometry": {
        "type": "LineString",
        "coordinates": [
          [
            99.23,
            92.88
          ],
          [
            110.88,
            101.84
          ]
        ]
      },
      "properties": {
        "id": 399,
        "type": "EDGE",
        "edgeType": "INVISIBLE"
      }
    },
    {
      "type": "Feature",
      "geometry": {
        "type": "LineString",
        "coordinates": [
          [
            110.88,
            101.84
          ],
          [
            122.12,
            111.33
          ]
        ]
      },
      "properties": {
        "id": 400,
        "type": "EDGE",
        "edgeType": "INVISIBLE"
      }
    },
    {
      "type": "Feature",
      "geometry": {
        "type": "LineString",
        "coordinates": [
          [
            122.12,
            111.33
          ],
          [
            176.73,
            157.45
          ]
        ]
      },
      "properties": {
        "id": 401,
        "type": "EDGE",
        "edgeType": "INVISIBLE"
      }
    },
    {
      "type": "Feature",
      "geometry": {
        "type": "LineString",
        "coordinates": [
          [
            99.23,
            92.88
          ],
          [
            80.95,
            116.66
          ]
        ]
      },
      "properties": {
        "id": 402,
        "type": "EDGE",
        "edgeType": "INVISIBLE"
      }
    },
    {
      "type": "Feature",
      "geometry": {
        "type": "LineString",
        "coordinates": [
          [
            110.88,
            101.84
          ],
          [
            92.6,
            125.62
          ]
        ]
      },
      "properties": {
        "id": 403,
        "type": "EDGE",
        "edgeType": "ROAD"
      }
    },
    {
      "type": "Feature",
      "geometry": {
        "type": "LineString",
        "coordinates": [
          [
            122.12,
            111.33
          ],
          [
            104.25,
            134.58
          ]
        ]
      },
      "properties": {
        "id": 404,
        "type": "EDGE",
        "edgeType": "INVISIBLE"
      }
    },
    {
      "type": "Feature",
      "geometry": {
        "type": "LineString",
        "coordinates": [
          [
            -13.4,
            -214.69
          ],
          [
            -39.02,
            -231.66
          ]
        ]
      },
      "properties": {
        "id": 405,
        "type": "EDGE",
        "edgeType": "INVISIBLE"
      }
    },
    {
      "type": "Feature",
      "geometry": {
        "type": "LineString",
        "coordinates": [
          [
            -22.1,
            -202.85
          ],
          [
            -47.13,
            -219.4
          ]
        ]
      },
      "properties": {
        "id": 406,
        "type": "EDGE",
        "edgeType": "ROAD"
      }
    },
    {
      "type": "Feature",
      "geometry": {
        "type": "LineString",
        "coordinates": [
          [
            -30.8,
            -191.01
          ],
          [
            -55.23,
            -207.14
          ]
        ]
      },
      "properties": {
        "id": 407,
        "type": "EDGE",
        "edgeType": "INVISIBLE"
      }
    },
    {
      "type": "Feature",
      "geometry": {
        "type": "LineString",
        "coordinates": [
          [
            148.43,
            73.53
          ],
          [
            168.85,
            95.5
          ]
        ]
      },
      "properties": {
        "id": 408,
        "type": "EDGE",
        "edgeType": "ROAD"
      }
    },
    {
      "type": "Feature",
      "geometry": {
        "type": "LineString",
        "coordinates": [
          [
            149,
            95.59
          ],
          [
            203.24,
            141.37
          ]
        ]
      },
      "properties": {
        "id": 409,
        "type": "EDGE",
        "edgeType": "INVISIBLE"
      }
    },
    {
      "type": "Feature",
      "geometry": {
        "type": "LineString",
        "coordinates": [
          [
            168.85,
            95.5
          ],
          [
            149,
            95.59
          ]
        ]
      },
      "properties": {
        "id": 410,
        "type": "EDGE",
        "edgeType": "INVISIBLE"
      }
    },
    {
      "type": "Feature",
      "geometry": {
        "type": "LineString",
        "coordinates": [
          [
            157.38,
            61.87
          ],
          [
            179.62,
            85.5
          ]
        ]
      },
      "properties": {
        "id": 411,
        "type": "EDGE",
        "edgeType": "INVISIBLE"
      }
    },
    {
      "type": "Feature",
      "geometry": {
        "type": "LineString",
        "coordinates": [
          [
            179.62,
            85.5
          ],
          [
            168.85,
            95.5
          ]
        ]
      },
      "properties": {
        "id": 412,
        "type": "EDGE",
        "edgeType": "INVISIBLE"
      }
    },
    {
      "type": "Feature",
      "geometry": {
        "type": "LineString",
        "coordinates": [
          [
            -99.15,
            -182.54
          ],
          [
            -125.35,
            -202.45
          ]
        ]
      },
      "properties": {
        "id": 413,
        "type": "EDGE",
        "edgeType": "INVISIBLE"
      }
    },
    {
      "type": "Feature",
      "geometry": {
        "type": "LineString",
        "coordinates": [
          [
            -110.1,
            -172.73
          ],
          [
            -134.14,
            -190.67
          ]
        ]
      },
      "properties": {
        "id": 414,
        "type": "EDGE",
        "edgeType": "ROAD"
      }
    },
    {
      "type": "Feature",
      "geometry": {
        "type": "LineString",
        "coordinates": [
          [
            -121.04,
            -162.92
          ],
          [
            -142.93,
            -178.89
          ]
        ]
      },
      "properties": {
        "id": 415,
        "type": "EDGE",
        "edgeType": "INVISIBLE"
      }
    },
    {
      "type": "Feature",
      "geometry": {
        "type": "LineString",
        "coordinates": [
          [
            -125.35,
            -202.45
          ],
          [
            -145.45,
            -222.1
          ]
        ]
      },
      "properties": {
        "id": 416,
        "type": "EDGE",
        "edgeType": "INVISIBLE"
      }
    },
    {
      "type": "Feature",
      "geometry": {
        "type": "LineString",
        "coordinates": [
          [
            -134.14,
            -190.67
          ],
          [
            -155.68,
            -211.55
          ]
        ]
      },
      "properties": {
        "id": 417,
        "type": "EDGE",
        "edgeType": "ROAD"
      }
    },
    {
      "type": "Feature",
      "geometry": {
        "type": "LineString",
        "coordinates": [
          [
            -142.93,
            -178.89
          ],
          [
            -165.91,
            -200.99
          ]
        ]
      },
      "properties": {
        "id": 418,
        "type": "EDGE",
        "edgeType": "INVISIBLE"
      }
    },
    {
      "type": "Feature",
      "geometry": {
        "type": "LineString",
        "coordinates": [
          [
            -145.45,
            -222.1
          ],
          [
            -155.68,
            -211.55
          ]
        ]
      },
      "properties": {
        "id": 419,
        "type": "EDGE",
        "edgeType": "INVISIBLE"
      }
    },
    {
      "type": "Feature",
      "geometry": {
        "type": "LineString",
        "coordinates": [
          [
            -165.91,
            -200.99
          ],
          [
            -155.68,
            -211.55
          ]
        ]
      },
      "properties": {
        "id": 420,
        "type": "EDGE",
        "edgeType": "INVISIBLE"
      }
    },
    {
      "type": "Feature",
      "geometry": {
        "type": "LineString",
        "coordinates": [
          [
            128.8,
            78.53
          ],
          [
            140.04,
            88.02
          ]
        ]
      },
      "properties": {
        "id": 421,
        "type": "EDGE",
        "edgeType": "INVISIBLE"
      }
    },
    {
      "type": "Feature",
      "geometry": {
        "type": "LineString",
        "coordinates": [
          [
            140.04,
            88.02
          ],
          [
            149,
            95.59
          ]
        ]
      },
      "properties": {
        "id": 422,
        "type": "EDGE",
        "edgeType": "INVISIBLE"
      }
    },
    {
      "type": "Feature",
      "geometry": {
        "type": "LineString",
        "coordinates": [
          [
            64.28,
            28.93
          ],
          [
            117.15,
            69.57
          ]
        ]
      },
      "properties": {
        "id": 423,
        "type": "EDGE",
        "edgeType": "INVISIBLE"
      }
    },
    {
      "type": "Feature",
      "geometry": {
        "type": "LineString",
        "coordinates": [
          [
            117.15,
            69.57
          ],
          [
            128.8,
            78.53
          ]
        ]
      },
      "properties": {
        "id": 424,
        "type": "EDGE",
        "edgeType": "INVISIBLE"
      }
    },
    {
      "type": "Feature",
      "geometry": {
        "type": "LineString",
        "coordinates": [
          [
            113.8,
            65.18
          ],
          [
            129.6,
            77.49
          ]
        ]
      },
      "properties": {
        "id": 425,
        "type": "EDGE",
        "edgeType": "INVISIBLE"
      }
    },
    {
      "type": "Feature",
      "geometry": {
        "type": "LineString",
        "coordinates": [
          [
            129.6,
            77.49
          ],
          [
            139.48,
            85.18
          ]
        ]
      },
      "properties": {
        "id": 426,
        "type": "EDGE",
        "edgeType": "INVISIBLE"
      }
    },
    {
      "type": "Feature",
      "geometry": {
        "type": "LineString",
        "coordinates": [
          [
            128.8,
            78.53
          ],
          [
            129.6,
            77.49
          ]
        ]
      },
      "properties": {
        "id": 427,
        "type": "EDGE",
        "edgeType": "ROAD"
      }
    },
    {
      "type": "Feature",
      "geometry": {
        "type": "LineString",
        "coordinates": [
          [
            139.48,
            85.18
          ],
          [
            140.97,
            86.81
          ]
        ]
      },
      "properties": {
        "id": 428,
        "type": "EDGE",
        "edgeType": "INVISIBLE"
      }
    },
    {
      "type": "Feature",
      "geometry": {
        "type": "LineString",
        "coordinates": [
          [
            140.97,
            86.81
          ],
          [
            149,
            95.59
          ]
        ]
      },
      "properties": {
        "id": 429,
        "type": "EDGE",
        "edgeType": "INVISIBLE"
      }
    },
    {
      "type": "Feature",
      "geometry": {
        "type": "LineString",
        "coordinates": [
          [
            140.04,
            88.02
          ],
          [
            140.97,
            86.81
          ]
        ]
      },
      "properties": {
        "id": 430,
        "type": "EDGE",
        "edgeType": "INVISIBLE"
      }
    },
    {
      "type": "Feature",
      "geometry": {
        "type": "LineString",
        "coordinates": [
          [
            148.2,
            -26.72
          ],
          [
            171.17,
            -44.06
          ]
        ]
      },
      "properties": {
        "id": 431,
        "type": "EDGE",
        "edgeType": "INVISIBLE"
      }
    },
    {
      "type": "Feature",
      "geometry": {
        "type": "LineString",
        "coordinates": [
          [
            138.38,
            -37.66
          ],
          [
            162.29,
            -55.77
          ]
        ]
      },
      "properties": {
        "id": 432,
        "type": "EDGE",
        "edgeType": "ROAD"
      }
    },
    {
      "type": "Feature",
      "geometry": {
        "type": "LineString",
        "coordinates": [
          [
            22.02,
            -160.44
          ],
          [
            8.42,
            -166.33
          ]
        ]
      },
      "properties": {
        "id": 433,
        "type": "EDGE",
        "edgeType": "INVISIBLE"
      }
    },
    {
      "type": "Feature",
      "geometry": {
        "type": "LineString",
        "coordinates": [
          [
            8.42,
            -166.33
          ],
          [
            -3.82,
            -171.62
          ]
        ]
      },
      "properties": {
        "id": 434,
        "type": "EDGE",
        "edgeType": "INVISIBLE"
      }
    },
    {
      "type": "Feature",
      "geometry": {
        "type": "LineString",
        "coordinates": [
          [
            47.78,
            -145.06
          ],
          [
            34.64,
            -152.91
          ]
        ]
      },
      "properties": {
        "id": 435,
        "type": "EDGE",
        "edgeType": "INVISIBLE"
      }
    },
    {
      "type": "Feature",
      "geometry": {
        "type": "LineString",
        "coordinates": [
          [
            34.64,
            -152.91
          ],
          [
            22.02,
            -160.44
          ]
        ]
      },
      "properties": {
        "id": 436,
        "type": "EDGE",
        "edgeType": "INVISIBLE"
      }
    },
    {
      "type": "Feature",
      "geometry": {
        "type": "LineString",
        "coordinates": [
          [
            12.17,
            -136.66
          ],
          [
            9.46,
            -139.4
          ]
        ]
      },
      "properties": {
        "id": 437,
        "type": "EDGE",
        "edgeType": "INVISIBLE"
      }
    },
    {
      "type": "Feature",
      "geometry": {
        "type": "LineString",
        "coordinates": [
          [
            9.46,
            -139.4
          ],
          [
            -6.63,
            -155.62
          ]
        ]
      },
      "properties": {
        "id": 438,
        "type": "EDGE",
        "edgeType": "INVISIBLE"
      }
    },
    {
      "type": "Feature",
      "geometry": {
        "type": "LineString",
        "coordinates": [
          [
            22.02,
            -160.44
          ],
          [
            9.46,
            -139.4
          ]
        ]
      },
      "properties": {
        "id": 439,
        "type": "EDGE",
        "edgeType": "ROAD"
      }
    },
    {
      "type": "Feature",
      "geometry": {
        "type": "LineString",
        "coordinates": [
          [
            34.64,
            -152.91
          ],
          [
            22.08,
            -131.86
          ]
        ]
      },
      "properties": {
        "id": 440,
        "type": "EDGE",
        "edgeType": "INVISIBLE"
      }
    },
    {
      "type": "Feature",
      "geometry": {
        "type": "LineString",
        "coordinates": [
          [
            22.08,
            -131.86
          ],
          [
            9.46,
            -139.4
          ]
        ]
      },
      "properties": {
        "id": 441,
        "type": "EDGE",
        "edgeType": "INVISIBLE"
      }
    },
    {
      "type": "Feature",
      "geometry": {
        "type": "LineString",
        "coordinates": [
          [
            -129.42,
            -74.84
          ],
          [
            -146.55,
            -79.17
          ]
        ]
      },
      "properties": {
        "id": 442,
        "type": "EDGE",
        "edgeType": "MAIN_ROAD"
      }
    },
    {
      "type": "Feature",
      "geometry": {
        "type": "LineString",
        "coordinates": [
          [
            -146.55,
            -79.17
          ],
          [
            -226.38,
            -99.31
          ]
        ]
      },
      "properties": {
        "id": 443,
        "type": "EDGE",
        "edgeType": "MAIN_ROAD"
      }
    },
    {
      "type": "Feature",
      "geometry": {
        "type": "LineString",
        "coordinates": [
          [
            -131.81,
            -86.78
          ],
          [
            -146.55,
            -79.17
          ]
        ]
      },
      "properties": {
        "id": 444,
        "type": "EDGE",
        "edgeType": "ROAD"
      }
    },
    {
      "type": "Feature",
      "geometry": {
        "type": "LineString",
        "coordinates": [
          [
            -139.98,
            -98.99
          ],
          [
            -154.76,
            -91.43
          ]
        ]
      },
      "properties": {
        "id": 445,
        "type": "EDGE",
        "edgeType": "INVISIBLE"
      }
    },
    {
      "type": "Feature",
      "geometry": {
        "type": "LineString",
        "coordinates": [
          [
            -154.76,
            -91.43
          ],
          [
            -146.55,
            -79.17
          ]
        ]
      },
      "properties": {
        "id": 446,
        "type": "EDGE",
        "edgeType": "INVISIBLE"
      }
    },
    {
      "type": "Feature",
      "geometry": {
        "type": "LineString",
        "coordinates": [
          [
            -13.01,
            -83.77
          ],
          [
            -17.97,
            -87.41
          ]
        ]
      },
      "properties": {
        "id": 447,
        "type": "EDGE",
        "edgeType": "INVISIBLE"
      }
    },
    {
      "type": "Feature",
      "geometry": {
        "type": "LineString",
        "coordinates": [
          [
            -17.97,
            -87.41
          ],
          [
            -24.87,
            -92.46
          ]
        ]
      },
      "properties": {
        "id": 448,
        "type": "EDGE",
        "edgeType": "INVISIBLE"
      }
    },
    {
      "type": "Feature",
      "geometry": {
        "type": "LineString",
        "coordinates": [
          [
            -3.17,
            -111.59
          ],
          [
            -17.97,
            -87.41
          ]
        ]
      },
      "properties": {
        "id": 449,
        "type": "EDGE",
        "edgeType": "ROAD"
      }
    },
    {
      "type": "Feature",
      "geometry": {
        "type": "LineString",
        "coordinates": [
          [
            8.68,
            -104.37
          ],
          [
            -5.45,
            -79.8
          ]
        ]
      },
      "properties": {
        "id": 450,
        "type": "EDGE",
        "edgeType": "INVISIBLE"
      }
    },
    {
      "type": "Feature",
      "geometry": {
        "type": "LineString",
        "coordinates": [
          [
            -5.45,
            -79.8
          ],
          [
            -17.97,
            -87.41
          ]
        ]
      },
      "properties": {
        "id": 451,
        "type": "EDGE",
        "edgeType": "INVISIBLE"
      }
    },
    {
      "type": "Feature",
      "geometry": {
        "type": "LineString",
        "coordinates": [
          [
            37.1,
            -185.68
          ],
          [
            29.56,
            -173.06
          ]
        ]
      },
      "properties": {
        "id": 452,
        "type": "EDGE",
        "edgeType": "INVISIBLE"
      }
    },
    {
      "type": "Feature",
      "geometry": {
        "type": "LineString",
        "coordinates": [
          [
            165.36,
            -109.08
          ],
          [
            157.82,
            -96.47
          ]
        ]
      },
      "properties": {
        "id": 453,
        "type": "EDGE",
        "edgeType": "INVISIBLE"
      }
    },
    {
      "type": "Feature",
      "geometry": {
        "type": "LineString",
        "coordinates": [
          [
            -139.98,
            -98.99
          ],
          [
            -131.81,
            -86.78
          ]
        ]
      },
      "properties": {
        "id": 454,
        "type": "EDGE",
        "edgeType": "INVISIBLE"
      }
    },
    {
      "type": "Feature",
      "geometry": {
        "type": "LineString",
        "coordinates": [
          [
            12.17,
            -136.66
          ],
          [
            4.5,
            -124.13
          ]
        ]
      },
      "properties": {
        "id": 455,
        "type": "EDGE",
        "edgeType": "INVISIBLE"
      }
    },
    {
      "type": "Feature",
      "geometry": {
        "type": "LineString",
        "coordinates": [
          [
            -13.4,
            -214.69
          ],
          [
            -22.1,
            -202.85
          ]
        ]
      },
      "properties": {
        "id": 456,
        "type": "EDGE",
        "edgeType": "INVISIBLE"
      }
    },
    {
      "type": "Feature",
      "geometry": {
        "type": "LineString",
        "coordinates": [
          [
            146.57,
            -242.36
          ],
          [
            159.18,
            -234.81
          ]
        ]
      },
      "properties": {
        "id": 457,
        "type": "EDGE",
        "edgeType": "INVISIBLE"
      }
    },
    {
      "type": "Feature",
      "geometry": {
        "type": "LineString",
        "coordinates": [
          [
            194.48,
            -144.52
          ],
          [
            184.74,
            -133.52
          ]
        ]
      },
      "properties": {
        "id": 458,
        "type": "EDGE",
        "edgeType": "INVISIBLE"
      }
    },
    {
      "type": "Feature",
      "geometry": {
        "type": "LineString",
        "coordinates": [
          [
            -30.8,
            -191.01
          ],
          [
            -22.1,
            -202.85
          ]
        ]
      },
      "properties": {
        "id": 459,
        "type": "EDGE",
        "edgeType": "INVISIBLE"
      }
    },
    {
      "type": "Feature",
      "geometry": {
        "type": "LineString",
        "coordinates": [
          [
            211.17,
            -62.81
          ],
          [
            214.14,
            -77.2
          ]
        ]
      },
      "properties": {
        "id": 460,
        "type": "EDGE",
        "edgeType": "INVISIBLE"
      }
    },
    {
      "type": "Feature",
      "geometry": {
        "type": "LineString",
        "coordinates": [
          [
            -39.02,
            -231.66
          ],
          [
            -47.13,
            -219.4
          ]
        ]
      },
      "properties": {
        "id": 461,
        "type": "EDGE",
        "edgeType": "INVISIBLE"
      }
    },
    {
      "type": "Feature",
      "geometry": {
        "type": "LineString",
        "coordinates": [
          [
            -55.23,
            -207.14
          ],
          [
            -47.13,
            -219.4
          ]
        ]
      },
      "properties": {
        "id": 462,
        "type": "EDGE",
        "edgeType": "INVISIBLE"
      }
    },
    {
      "type": "Feature",
      "geometry": {
        "type": "LineString",
        "coordinates": [
          [
            80.95,
            116.66
          ],
          [
            92.6,
            125.62
          ]
        ]
      },
      "properties": {
        "id": 463,
        "type": "EDGE",
        "edgeType": "INVISIBLE"
      }
    },
    {
      "type": "Feature",
      "geometry": {
        "type": "LineString",
        "coordinates": [
          [
            203.24,
            141.37
          ],
          [
            193.75,
            152.6
          ]
        ]
      },
      "properties": {
        "id": 464,
        "type": "EDGE",
        "edgeType": "INVISIBLE"
      }
    },
    {
      "type": "Feature",
      "geometry": {
        "type": "LineString",
        "coordinates": [
          [
            104.25,
            134.58
          ],
          [
            92.6,
            125.62
          ]
        ]
      },
      "properties": {
        "id": 465,
        "type": "EDGE",
        "edgeType": "INVISIBLE"
      }
    },
    {
      "type": "Feature",
      "geometry": {
        "type": "LineString",
        "coordinates": [
          [
            171.17,
            -44.06
          ],
          [
            162.29,
            -55.77
          ]
        ]
      },
      "properties": {
        "id": 466,
        "type": "EDGE",
        "edgeType": "INVISIBLE"
      }
    },
    {
      "type": "Feature",
      "geometry": {
        "type": "LineString",
        "coordinates": [
          [
            -229.97,
            -85.06
          ],
          [
            -226.38,
            -99.31
          ]
        ]
      },
      "properties": {
        "id": 467,
        "type": "EDGE",
        "edgeType": "INVISIBLE"
      }
    },
    {
      "type": "Feature",
      "geometry": {
        "type": "LineString",
        "coordinates": [
          [
            105.12,
            -223.7
          ],
          [
            95.38,
            -212.7
          ]
        ]
      },
      "properties": {
        "id": 468,
        "type": "EDGE",
        "edgeType": "INVISIBLE"
      }
    },
    {
      "type": "Feature",
      "geometry": {
        "type": "LineString",
        "coordinates": [
          [
            85.63,
            -201.7
          ],
          [
            95.38,
            -212.7
          ]
        ]
      },
      "properties": {
        "id": 469,
        "type": "EDGE",
        "edgeType": "INVISIBLE"
      }
    },
    {
      "type": "Feature",
      "geometry": {
        "type": "LineString",
        "coordinates": [
          [
            174.99,
            -122.52
          ],
          [
            184.74,
            -133.52
          ]
        ]
      },
      "properties": {
        "id": 470,
        "type": "EDGE",
        "edgeType": "INVISIBLE"
      }
    },
    {
      "type": "Feature",
      "geometry": {
        "type": "LineString",
        "coordinates": [
          [
            217.11,
            -91.59
          ],
          [
            214.14,
            -77.2
          ]
        ]
      },
      "properties": {
        "id": 471,
        "type": "EDGE",
        "edgeType": "INVISIBLE"
      }
    },
    {
      "type": "Feature",
      "geometry": {
        "type": "LineString",
        "coordinates": [
          [
            171.79,
            -227.27
          ],
          [
            159.18,
            -234.81
          ]
        ]
      },
      "properties": {
        "id": 472,
        "type": "EDGE",
        "edgeType": "INVISIBLE"
      }
    },
    {
      "type": "Feature",
      "geometry": {
        "type": "LineString",
        "coordinates": [
          [
            276.1,
            -83.84
          ],
          [
            273.58,
            -69.36
          ]
        ]
      },
      "properties": {
        "id": 473,
        "type": "EDGE",
        "edgeType": "INVISIBLE"
      }
    },
    {
      "type": "Feature",
      "geometry": {
        "type": "LineString",
        "coordinates": [
          [
            271.05,
            -54.88
          ],
          [
            273.58,
            -69.36
          ]
        ]
      },
      "properties": {
        "id": 474,
        "type": "EDGE",
        "edgeType": "INVISIBLE"
      }
    },
    {
      "type": "Feature",
      "geometry": {
        "type": "LineString",
        "coordinates": [
          [
            79.13,
            185.37
          ],
          [
            64.35,
            189.61
          ]
        ]
      },
      "properties": {
        "id": 475,
        "type": "EDGE",
        "edgeType": "WATERFRONT"
      }
    },
    {
      "type": "Feature",
      "geometry": {
        "type": "LineString",
        "coordinates": [
          [
            64.35,
            189.61
          ],
          [
            55.09,
            192.26
          ]
        ]
      },
      "properties": {
        "id": 476,
        "type": "EDGE",
        "edgeType": "WATERFRONT"
      }
    },
    {
      "type": "Feature",
      "geometry": {
        "type": "LineString",
        "coordinates": [
          [
            64.35,
            189.61
          ],
          [
            32.79,
            183.75
          ]
        ]
      },
      "properties": {
        "id": 477,
        "type": "EDGE",
        "edgeType": "STONE_WALL"
      }
    },
    {
      "type": "Feature",
      "geometry": {
        "type": "LineString",
        "coordinates": [
          [
            32.79,
            183.75
          ],
          [
            0.96,
            174.84
          ]
        ]
      },
      "properties": {
        "id": 478,
        "type": "EDGE",
        "edgeType": "STONE_WALL"
      }
    },
    {
      "type": "Feature",
      "geometry": {
        "type": "LineString",
        "coordinates": [
          [
            0.96,
            174.84
          ],
          [
            -29.69,
            163.23
          ]
        ]
      },
      "properties": {
        "id": 479,
        "type": "EDGE",
        "edgeType": "STONE_WALL"
      }
    },
    {
      "type": "Feature",
      "geometry": {
        "type": "LineString",
        "coordinates": [
          [
            -29.69,
            163.23
          ],
          [
            -58.7,
            149.06
          ]
        ]
      },
      "properties": {
        "id": 480,
        "type": "EDGE",
        "edgeType": "STONE_WALL"
      }
    },
    {
      "type": "Feature",
      "geometry": {
        "type": "LineString",
        "coordinates": [
          [
            -58.7,
            149.06
          ],
          [
            -85.62,
            132.48
          ]
        ]
      },
      "properties": {
        "id": 481,
        "type": "EDGE",
        "edgeType": "STONE_WALL"
      }
    },
    {
      "type": "Feature",
      "geometry": {
        "type": "LineString",
        "coordinates": [
          [
            -85.62,
            132.48
          ],
          [
            -106.31,
            117.03
          ]
        ]
      },
      "properties": {
        "id": 482,
        "type": "EDGE",
        "edgeType": "STONE_WALL"
      }
    },
    {
      "type": "Feature",
      "geometry": {
        "type": "LineString",
        "coordinates": [
          [
            -106.31,
            117.03
          ],
          [
            -132.75,
            96.44
          ]
        ]
      },
      "properties": {
        "id": 483,
        "type": "EDGE",
        "edgeType": "STONE_WALL"
      }
    },
    {
      "type": "Feature",
      "geometry": {
        "type": "LineString",
        "coordinates": [
          [
            -132.75,
            96.44
          ],
          [
            -160.71,
            74.27
          ]
        ]
      },
      "properties": {
        "id": 484,
        "type": "EDGE",
        "edgeType": "STONE_WALL"
      }
    },
    {
      "type": "Feature",
      "geometry": {
        "type": "LineString",
        "coordinates": [
          [
            -160.71,
            74.27
          ],
          [
            -188.4,
            50.58
          ]
        ]
      },
      "properties": {
        "id": 485,
        "type": "EDGE",
        "edgeType": "STONE_WALL"
      }
    },
    {
      "type": "Feature",
      "geometry": {
        "type": "LineString",
        "coordinates": [
          [
            -188.4,
            50.58
          ],
          [
            -214.02,
            25.44
          ]
        ]
      },
      "properties": {
        "id": 486,
        "type": "EDGE",
        "edgeType": "STONE_WALL"
      }
    },
    {
      "type": "Feature",
      "geometry": {
        "type": "LineString",
        "coordinates": [
          [
            -214.02,
            25.44
          ],
          [
            -235.77,
            -1.08
          ]
        ]
      },
      "properties": {
        "id": 487,
        "type": "EDGE",
        "edgeType": "STONE_WALL"
      }
    },
    {
      "type": "Feature",
      "geometry": {
        "type": "LineString",
        "coordinates": [
          [
            -235.77,
            -1.08
          ],
          [
            -251.84,
            -28.91
          ]
        ]
      },
      "properties": {
        "id": 488,
        "type": "EDGE",
        "edgeType": "STONE_WALL"
      }
    },
    {
      "type": "Feature",
      "geometry": {
        "type": "LineString",
        "coordinates": [
          [
            -251.84,
            -28.91
          ],
          [
            -260.46,
            -58
          ]
        ]
      },
      "properties": {
        "id": 489,
        "type": "EDGE",
        "edgeType": "STONE_WALL"
      }
    },
    {
      "type": "Feature",
      "geometry": {
        "type": "LineString",
        "coordinates": [
          [
            -260.46,
            -58
          ],
          [
            -259.8,
            -88.25
          ]
        ]
      },
      "properties": {
        "id": 490,
        "type": "EDGE",
        "edgeType": "STONE_WALL"
      }
    },
    {
      "type": "Feature",
      "geometry": {
        "type": "LineString",
        "coordinates": [
          [
            -259.8,
            -88.25
          ],
          [
            -255.99,
            -104.15
          ]
        ]
      },
      "properties": {
        "id": 491,
        "type": "EDGE",
        "edgeType": "STONE_WALL"
      }
    },
    {
      "type": "Feature",
      "geometry": {
        "type": "LineString",
        "coordinates": [
          [
            -255.99,
            -104.15
          ],
          [
            -253.47,
            -111.16
          ]
        ]
      },
      "properties": {
        "id": 492,
        "type": "EDGE",
        "edgeType": "STONE_WALL"
      }
    },
    {
      "type": "Feature",
      "geometry": {
        "type": "LineString",
        "coordinates": [
          [
            -253.47,
            -111.16
          ],
          [
            -244.86,
            -135.19
          ]
        ]
      },
      "properties": {
        "id": 493,
        "type": "EDGE",
        "edgeType": "STONE_WALL"
      }
    },
    {
      "type": "Feature",
      "geometry": {
        "type": "LineString",
        "coordinates": [
          [
            -244.86,
            -135.19
          ],
          [
            -229.52,
            -164.77
          ]
        ]
      },
      "properties": {
        "id": 494,
        "type": "EDGE",
        "edgeType": "STONE_WALL"
      }
    },
    {
      "type": "Feature",
      "geometry": {
        "type": "LineString",
        "coordinates": [
          [
            -229.52,
            -164.77
          ],
          [
            -210.97,
            -192.64
          ]
        ]
      },
      "properties": {
        "id": 495,
        "type": "EDGE",
        "edgeType": "STONE_WALL"
      }
    },
    {
      "type": "Feature",
      "geometry": {
        "type": "LineString",
        "coordinates": [
          [
            -210.97,
            -192.64
          ],
          [
            -190.24,
            -218.55
          ]
        ]
      },
      "properties": {
        "id": 496,
        "type": "EDGE",
        "edgeType": "STONE_WALL"
      }
    },
    {
      "type": "Feature",
      "geometry": {
        "type": "LineString",
        "coordinates": [
          [
            -190.24,
            -218.55
          ],
          [
            -167.52,
            -242.43
          ]
        ]
      },
      "properties": {
        "id": 497,
        "type": "EDGE",
        "edgeType": "STONE_WALL"
      }
    },
    {
      "type": "Feature",
      "geometry": {
        "type": "LineString",
        "coordinates": [
          [
            -132.68,
            -256.34
          ],
          [
            -91.67,
            -258.32
          ]
        ]
      },
      "properties": {
        "id": 498,
        "type": "EDGE",
        "edgeType": "STONE_WALL"
      }
    },
    {
      "type": "Feature",
      "geometry": {
        "type": "LineString",
        "coordinates": [
          [
            -91.67,
            -258.32
          ],
          [
            -50.58,
            -259.34
          ]
        ]
      },
      "properties": {
        "id": 499,
        "type": "EDGE",
        "edgeType": "STONE_WALL"
      }
    },
    {
      "type": "Feature",
      "geometry": {
        "type": "LineString",
        "coordinates": [
          [
            -50.58,
            -259.34
          ],
          [
            -19.86,
            -263.86
          ]
        ]
      },
      "properties": {
        "id": 500,
        "type": "EDGE",
        "edgeType": "STONE_WALL"
      }
    },
    {
      "type": "Feature",
      "geometry": {
        "type": "LineString",
        "coordinates": [
          [
            -19.86,
            -263.86
          ],
          [
            11.57,
            -269.89
          ]
        ]
      },
      "properties": {
        "id": 501,
        "type": "EDGE",
        "edgeType": "STONE_WALL"
      }
    },
    {
      "type": "Feature",
      "geometry": {
        "type": "LineString",
        "coordinates": [
          [
            11.57,
            -269.89
          ],
          [
            43.22,
            -275.86
          ]
        ]
      },
      "properties": {
        "id": 502,
        "type": "EDGE",
        "edgeType": "STONE_WALL"
      }
    },
    {
      "type": "Feature",
      "geometry": {
        "type": "LineString",
        "coordinates": [
          [
            43.22,
            -275.86
          ],
          [
            74.58,
            -280.23
          ]
        ]
      },
      "properties": {
        "id": 503,
        "type": "EDGE",
        "edgeType": "STONE_WALL"
      }
    },
    {
      "type": "Feature",
      "geometry": {
        "type": "LineString",
        "coordinates": [
          [
            74.58,
            -280.23
          ],
          [
            105.19,
            -281.41
          ]
        ]
      },
      "properties": {
        "id": 504,
        "type": "EDGE",
        "edgeType": "STONE_WALL"
      }
    },
    {
      "type": "Feature",
      "geometry": {
        "type": "LineString",
        "coordinates": [
          [
            105.19,
            -281.41
          ],
          [
            134.53,
            -277.86
          ]
        ]
      },
      "properties": {
        "id": 505,
        "type": "EDGE",
        "edgeType": "STONE_WALL"
      }
    },
    {
      "type": "Feature",
      "geometry": {
        "type": "LineString",
        "coordinates": [
          [
            134.53,
            -277.86
          ],
          [
            162.13,
            -268
          ]
        ]
      },
      "properties": {
        "id": 506,
        "type": "EDGE",
        "edgeType": "STONE_WALL"
      }
    },
    {
      "type": "Feature",
      "geometry": {
        "type": "LineString",
        "coordinates": [
          [
            162.13,
            -268
          ],
          [
            190.66,
            -250.59
          ]
        ]
      },
      "properties": {
        "id": 507,
        "type": "EDGE",
        "edgeType": "STONE_WALL"
      }
    },
    {
      "type": "Feature",
      "geometry": {
        "type": "LineString",
        "coordinates": [
          [
            190.66,
            -250.59
          ],
          [
            218.24,
            -229.92
          ]
        ]
      },
      "properties": {
        "id": 508,
        "type": "EDGE",
        "edgeType": "STONE_WALL"
      }
    },
    {
      "type": "Feature",
      "geometry": {
        "type": "LineString",
        "coordinates": [
          [
            218.24,
            -229.92
          ],
          [
            245.33,
            -205.83
          ]
        ]
      },
      "properties": {
        "id": 509,
        "type": "EDGE",
        "edgeType": "STONE_WALL"
      }
    },
    {
      "type": "Feature",
      "geometry": {
        "type": "LineString",
        "coordinates": [
          [
            245.33,
            -205.83
          ],
          [
            269.77,
            -178.92
          ]
        ]
      },
      "properties": {
        "id": 510,
        "type": "EDGE",
        "edgeType": "STONE_WALL"
      }
    },
    {
      "type": "Feature",
      "geometry": {
        "type": "LineString",
        "coordinates": [
          [
            269.77,
            -178.92
          ],
          [
            289.44,
            -149.78
          ]
        ]
      },
      "properties": {
        "id": 511,
        "type": "EDGE",
        "edgeType": "STONE_WALL"
      }
    },
    {
      "type": "Feature",
      "geometry": {
        "type": "LineString",
        "coordinates": [
          [
            289.44,
            -149.78
          ],
          [
            302.2,
            -119
          ]
        ]
      },
      "properties": {
        "id": 512,
        "type": "EDGE",
        "edgeType": "STONE_WALL"
      }
    },
    {
      "type": "Feature",
      "geometry": {
        "type": "LineString",
        "coordinates": [
          [
            302.2,
            -119
          ],
          [
            305.92,
            -87.17
          ]
        ]
      },
      "properties": {
        "id": 513,
        "type": "EDGE",
        "edgeType": "STONE_WALL"
      }
    },
    {
      "type": "Feature",
      "geometry": {
        "type": "LineString",
        "coordinates": [
          [
            305.92,
            -87.17
          ],
          [
            301.05,
            -54.64
          ]
        ]
      },
      "properties": {
        "id": 514,
        "type": "EDGE",
        "edgeType": "STONE_WALL"
      }
    },
    {
      "type": "Feature",
      "geometry": {
        "type": "LineString",
        "coordinates": [
          [
            301.05,
            -54.64
          ],
          [
            295.13,
            -21.64
          ]
        ]
      },
      "properties": {
        "id": 515,
        "type": "EDGE",
        "edgeType": "STONE_WALL"
      }
    },
    {
      "type": "Feature",
      "geometry": {
        "type": "LineString",
        "coordinates": [
          [
            295.13,
            -21.64
          ],
          [
            288.37,
            11.69
          ]
        ]
      },
      "properties": {
        "id": 516,
        "type": "EDGE",
        "edgeType": "STONE_WALL"
      }
    },
    {
      "type": "Feature",
      "geometry": {
        "type": "LineString",
        "coordinates": [
          [
            288.37,
            11.69
          ],
          [
            280.22,
            44.82
          ]
        ]
      },
      "properties": {
        "id": 517,
        "type": "EDGE",
        "edgeType": "STONE_WALL"
      }
    },
    {
      "type": "Feature",
      "geometry": {
        "type": "LineString",
        "coordinates": [
          [
            280.22,
            44.82
          ],
          [
            270.14,
            77.19
          ]
        ]
      },
      "properties": {
        "id": 518,
        "type": "EDGE",
        "edgeType": "STONE_WALL"
      }
    },
    {
      "type": "Feature",
      "geometry": {
        "type": "LineString",
        "coordinates": [
          [
            270.14,
            77.19
          ],
          [
            257.56,
            108.24
          ]
        ]
      },
      "properties": {
        "id": 519,
        "type": "EDGE",
        "edgeType": "STONE_WALL"
      }
    },
    {
      "type": "Feature",
      "geometry": {
        "type": "LineString",
        "coordinates": [
          [
            257.56,
            108.24
          ],
          [
            241.94,
            137.42
          ]
        ]
      },
      "properties": {
        "id": 520,
        "type": "EDGE",
        "edgeType": "STONE_WALL"
      }
    },
    {
      "type": "Feature",
      "geometry": {
        "type": "LineString",
        "coordinates": [
          [
            271.43,
            130.42
          ],
          [
            240.65,
            139.21
          ]
        ]
      },
      "properties": {
        "id": 521,
        "type": "EDGE",
        "edgeType": "WATERFRONT"
      }
    },
    {
      "type": "Feature",
      "geometry": {
        "type": "LineString",
        "coordinates": [
          [
            240.65,
            139.21
          ],
          [
            223.35,
            144.16
          ]
        ]
      },
      "properties": {
        "id": 522,
        "type": "EDGE",
        "edgeType": "WATERFRONT"
      }
    },
    {
      "type": "Feature",
      "geometry": {
        "type": "LineString",
        "coordinates": [
          [
            241.94,
            137.42
          ],
          [
            240.65,
            139.21
          ]
        ]
      },
      "properties": {
        "id": 523,
        "type": "EDGE",
        "edgeType": "STONE_WALL"
      }
    },
    {
      "type": "Feature",
      "geometry": {
        "type": "LineString",
        "coordinates": [
          [
            -169.29,
            -95.22
          ],
          [
            -157.18,
            -101.42
          ]
        ]
      },
      "properties": {
        "id": 524,
        "type": "EDGE",
        "edgeType": "INVISIBLE"
      }
    },
    {
      "type": "Feature",
      "geometry": {
        "type": "LineString",
        "coordinates": [
          [
            -157.18,
            -101.42
          ],
          [
            -146.69,
            -107.68
          ]
        ]
      },
      "properties": {
        "id": 525,
        "type": "EDGE",
        "edgeType": "INVISIBLE"
      }
    },
    {
      "type": "Feature",
      "geometry": {
        "type": "LineString",
        "coordinates": [
          [
            -146.69,
            -107.68
          ],
          [
            -136.2,
            -113.94
          ]
        ]
      },
      "properties": {
        "id": 526,
        "type": "EDGE",
        "edgeType": "INVISIBLE"
      }
    },
    {
      "type": "Feature",
      "geometry": {
        "type": "LineString",
        "coordinates": [
          [
            -136.2,
            -113.94
          ],
          [
            -126.25,
            -120.22
          ]
        ]
      },
      "properties": {
        "id": 527,
        "type": "EDGE",
        "edgeType": "INVISIBLE"
      }
    },
    {
      "type": "Feature",
      "geometry": {
        "type": "LineString",
        "coordinates": [
          [
            -126.25,
            -120.22
          ],
          [
            -118.89,
            -125.43
          ]
        ]
      },
      "properties": {
        "id": 528,
        "type": "EDGE",
        "edgeType": "INVISIBLE"
      }
    },
    {
      "type": "Feature",
      "geometry": {
        "type": "LineString",
        "coordinates": [
          [
            -118.89,
            -125.43
          ],
          [
            -115.36,
            -131.56
          ]
        ]
      },
      "properties": {
        "id": 529,
        "type": "EDGE",
        "edgeType": "INVISIBLE"
      }
    },
    {
      "type": "Feature",
      "geometry": {
        "type": "LineString",
        "coordinates": [
          [
            -115.36,
            -131.56
          ],
          [
            -115.67,
            -138.61
          ]
        ]
      },
      "properties": {
        "id": 530,
        "type": "EDGE",
        "edgeType": "INVISIBLE"
      }
    },
    {
      "type": "Feature",
      "geometry": {
        "type": "LineString",
        "coordinates": [
          [
            -115.67,
            -138.61
          ],
          [
            -120.01,
            -145.97
          ]
        ]
      },
      "properties": {
        "id": 531,
        "type": "EDGE",
        "edgeType": "INVISIBLE"
      }
    },
    {
      "type": "Feature",
      "geometry": {
        "type": "LineString",
        "coordinates": [
          [
            -120.01,
            -145.97
          ],
          [
            -128.4,
            -153.65
          ]
        ]
      },
      "properties": {
        "id": 532,
        "type": "EDGE",
        "edgeType": "INVISIBLE"
      }
    },
    {
      "type": "Feature",
      "geometry": {
        "type": "LineString",
        "coordinates": [
          [
            -128.4,
            -153.65
          ],
          [
            -138.16,
            -162.63
          ]
        ]
      },
      "properties": {
        "id": 533,
        "type": "EDGE",
        "edgeType": "INVISIBLE"
      }
    },
    {
      "type": "Feature",
      "geometry": {
        "type": "LineString",
        "coordinates": [
          [
            -138.16,
            -162.63
          ],
          [
            -147.5,
            -170.92
          ]
        ]
      },
      "properties": {
        "id": 534,
        "type": "EDGE",
        "edgeType": "INVISIBLE"
      }
    },
    {
      "type": "Feature",
      "geometry": {
        "type": "LineString",
        "coordinates": [
          [
            -147.5,
            -170.92
          ],
          [
            -156.42,
            -178.5
          ]
        ]
      },
      "properties": {
        "id": 535,
        "type": "EDGE",
        "edgeType": "INVISIBLE"
      }
    },
    {
      "type": "Feature",
      "geometry": {
        "type": "LineString",
        "coordinates": [
          [
            -156.42,
            -178.5
          ],
          [
            -164.72,
            -185.98
          ]
        ]
      },
      "properties": {
        "id": 536,
        "type": "EDGE",
        "edgeType": "INVISIBLE"
      }
    },
    {
      "type": "Feature",
      "geometry": {
        "type": "LineString",
        "coordinates": [
          [
            -164.72,
            -185.98
          ],
          [
            -169.14,
            -193.66
          ]
        ]
      },
      "properties": {
        "id": 537,
        "type": "EDGE",
        "edgeType": "INVISIBLE"
      }
    },
    {
      "type": "Feature",
      "geometry": {
        "type": "LineString",
        "coordinates": [
          [
            -169.14,
            -193.66
          ],
          [
            -170.31,
            -201.64
          ]
        ]
      },
      "properties": {
        "id": 538,
        "type": "EDGE",
        "edgeType": "INVISIBLE"
      }
    },
    {
      "type": "Feature",
      "geometry": {
        "type": "LineString",
        "coordinates": [
          [
            -170.31,
            -201.64
          ],
          [
            -168.21,
            -209.93
          ]
        ]
      },
      "properties": {
        "id": 539,
        "type": "EDGE",
        "edgeType": "INVISIBLE"
      }
    },
    {
      "type": "Feature",
      "geometry": {
        "type": "LineString",
        "coordinates": [
          [
            -168.21,
            -209.93
          ],
          [
            -162.86,
            -218.51
          ]
        ]
      },
      "properties": {
        "id": 540,
        "type": "EDGE",
        "edgeType": "INVISIBLE"
      }
    },
    {
      "type": "Feature",
      "geometry": {
        "type": "LineString",
        "coordinates": [
          [
            -162.86,
            -218.51
          ],
          [
            -154.06,
            -224.82
          ]
        ]
      },
      "properties": {
        "id": 541,
        "type": "EDGE",
        "edgeType": "INVISIBLE"
      }
    },
    {
      "type": "Feature",
      "geometry": {
        "type": "LineString",
        "coordinates": [
          [
            -154.06,
            -224.82
          ],
          [
            -145.07,
            -228.55
          ]
        ]
      },
      "properties": {
        "id": 542,
        "type": "EDGE",
        "edgeType": "INVISIBLE"
      }
    },
    {
      "type": "Feature",
      "geometry": {
        "type": "LineString",
        "coordinates": [
          [
            -145.07,
            -228.55
          ],
          [
            -135.88,
            -229.7
          ]
        ]
      },
      "properties": {
        "id": 543,
        "type": "EDGE",
        "edgeType": "INVISIBLE"
      }
    },
    {
      "type": "Feature",
      "geometry": {
        "type": "LineString",
        "coordinates": [
          [
            -135.88,
            -229.7
          ],
          [
            -126.51,
            -228.28
          ]
        ]
      },
      "properties": {
        "id": 544,
        "type": "EDGE",
        "edgeType": "INVISIBLE"
      }
    },
    {
      "type": "Feature",
      "geometry": {
        "type": "LineString",
        "coordinates": [
          [
            -126.51,
            -228.28
          ],
          [
            -116.94,
            -224.28
          ]
        ]
      },
      "properties": {
        "id": 545,
        "type": "EDGE",
        "edgeType": "INVISIBLE"
      }
    },
    {
      "type": "Feature",
      "geometry": {
        "type": "LineString",
        "coordinates": [
          [
            -116.94,
            -224.28
          ],
          [
            -107.37,
            -220.29
          ]
        ]
      },
      "properties": {
        "id": 546,
        "type": "EDGE",
        "edgeType": "INVISIBLE"
      }
    },
    {
      "type": "Feature",
      "geometry": {
        "type": "LineString",
        "coordinates": [
          [
            -107.37,
            -220.29
          ],
          [
            -97.8,
            -216.29
          ]
        ]
      },
      "properties": {
        "id": 547,
        "type": "EDGE",
        "edgeType": "INVISIBLE"
      }
    },
    {
      "type": "Feature",
      "geometry": {
        "type": "LineString",
        "coordinates": [
          [
            -97.8,
            -216.29
          ],
          [
            -88.23,
            -212.3
          ]
        ]
      },
      "properties": {
        "id": 548,
        "type": "EDGE",
        "edgeType": "INVISIBLE"
      }
    },
    {
      "type": "Feature",
      "geometry": {
        "type": "LineString",
        "coordinates": [
          [
            -88.23,
            -212.3
          ],
          [
            -79.21,
            -211.16
          ]
        ]
      },
      "properties": {
        "id": 549,
        "type": "EDGE",
        "edgeType": "INVISIBLE"
      }
    },
    {
      "type": "Feature",
      "geometry": {
        "type": "LineString",
        "coordinates": [
          [
            -79.21,
            -211.16
          ],
          [
            -70.75,
            -212.88
          ]
        ]
      },
      "properties": {
        "id": 550,
        "type": "EDGE",
        "edgeType": "INVISIBLE"
      }
    },
    {
      "type": "Feature",
      "geometry": {
        "type": "LineString",
        "coordinates": [
          [
            -70.75,
            -212.88
          ],
          [
            -62.83,
            -217.47
          ]
        ]
      },
      "properties": {
        "id": 551,
        "type": "EDGE",
        "edgeType": "INVISIBLE"
      }
    },
    {
      "type": "Feature",
      "geometry": {
        "type": "LineString",
        "coordinates": [
          [
            -62.83,
            -217.47
          ],
          [
            -55.47,
            -224.91
          ]
        ]
      },
      "properties": {
        "id": 552,
        "type": "EDGE",
        "edgeType": "INVISIBLE"
      }
    },
    {
      "type": "Feature",
      "geometry": {
        "type": "LineString",
        "coordinates": [
          [
            -55.47,
            -224.91
          ],
          [
            -48.31,
            -232.02
          ]
        ]
      },
      "properties": {
        "id": 553,
        "type": "EDGE",
        "edgeType": "INVISIBLE"
      }
    },
    {
      "type": "Feature",
      "geometry": {
        "type": "LineString",
        "coordinates": [
          [
            -48.31,
            -232.02
          ],
          [
            -40.8,
            -235.94
          ]
        ]
      },
      "properties": {
        "id": 554,
        "type": "EDGE",
        "edgeType": "INVISIBLE"
      }
    },
    {
      "type": "Feature",
      "geometry": {
        "type": "LineString",
        "coordinates": [
          [
            -40.8,
            -235.94
          ],
          [
            -32.94,
            -236.66
          ]
        ]
      },
      "properties": {
        "id": 555,
        "type": "EDGE",
        "edgeType": "INVISIBLE"
      }
    },
    {
      "type": "Feature",
      "geometry": {
        "type": "LineString",
        "coordinates": [
          [
            -32.94,
            -236.66
          ],
          [
            -24.73,
            -234.19
          ]
        ]
      },
      "properties": {
        "id": 556,
        "type": "EDGE",
        "edgeType": "INVISIBLE"
      }
    },
    {
      "type": "Feature",
      "geometry": {
        "type": "LineString",
        "coordinates": [
          [
            -24.73,
            -234.19
          ],
          [
            -15.82,
            -228.1
          ]
        ]
      },
      "properties": {
        "id": 557,
        "type": "EDGE",
        "edgeType": "INVISIBLE"
      }
    },
    {
      "type": "Feature",
      "geometry": {
        "type": "LineString",
        "coordinates": [
          [
            -15.82,
            -228.1
          ],
          [
            -6.55,
            -221.57
          ]
        ]
      },
      "properties": {
        "id": 558,
        "type": "EDGE",
        "edgeType": "INVISIBLE"
      }
    },
    {
      "type": "Feature",
      "geometry": {
        "type": "LineString",
        "coordinates": [
          [
            -6.55,
            -221.57
          ],
          [
            2.45,
            -215.55
          ]
        ]
      },
      "properties": {
        "id": 559,
        "type": "EDGE",
        "edgeType": "INVISIBLE"
      }
    },
    {
      "type": "Feature",
      "geometry": {
        "type": "LineString",
        "coordinates": [
          [
            2.45,
            -215.55
          ],
          [
            11.16,
            -210.02
          ]
        ]
      },
      "properties": {
        "id": 560,
        "type": "EDGE",
        "edgeType": "INVISIBLE"
      }
    },
    {
      "type": "Feature",
      "geometry": {
        "type": "LineString",
        "coordinates": [
          [
            11.16,
            -210.02
          ],
          [
            19.59,
            -205
          ]
        ]
      },
      "properties": {
        "id": 561,
        "type": "EDGE",
        "edgeType": "INVISIBLE"
      }
    },
    {
      "type": "Feature",
      "geometry": {
        "type": "LineString",
        "coordinates": [
          [
            19.59,
            -205
          ],
          [
            27.38,
            -200.91
          ]
        ]
      },
      "properties": {
        "id": 562,
        "type": "EDGE",
        "edgeType": "INVISIBLE"
      }
    },
    {
      "type": "Feature",
      "geometry": {
        "type": "LineString",
        "coordinates": [
          [
            27.38,
            -200.91
          ],
          [
            35.28,
            -197.08
          ]
        ]
      },
      "properties": {
        "id": 563,
        "type": "EDGE",
        "edgeType": "INVISIBLE"
      }
    },
    {
      "type": "Feature",
      "geometry": {
        "type": "LineString",
        "coordinates": [
          [
            35.28,
            -197.08
          ],
          [
            43.9,
            -192.6
          ]
        ]
      },
      "properties": {
        "id": 564,
        "type": "EDGE",
        "edgeType": "INVISIBLE"
      }
    },
    {
      "type": "Feature",
      "geometry": {
        "type": "LineString",
        "coordinates": [
          [
            43.9,
            -192.6
          ],
          [
            53.27,
            -187.45
          ]
        ]
      },
      "properties": {
        "id": 565,
        "type": "EDGE",
        "edgeType": "INVISIBLE"
      }
    },
    {
      "type": "Feature",
      "geometry": {
        "type": "LineString",
        "coordinates": [
          [
            53.27,
            -187.45
          ],
          [
            63.37,
            -181.64
          ]
        ]
      },
      "properties": {
        "id": 566,
        "type": "EDGE",
        "edgeType": "INVISIBLE"
      }
    },
    {
      "type": "Feature",
      "geometry": {
        "type": "LineString",
        "coordinates": [
          [
            63.37,
            -181.64
          ],
          [
            72.65,
            -177.51
          ]
        ]
      },
      "properties": {
        "id": 567,
        "type": "EDGE",
        "edgeType": "INVISIBLE"
      }
    },
    {
      "type": "Feature",
      "geometry": {
        "type": "LineString",
        "coordinates": [
          [
            72.65,
            -177.51
          ],
          [
            80.97,
            -176.05
          ]
        ]
      },
      "properties": {
        "id": 568,
        "type": "EDGE",
        "edgeType": "INVISIBLE"
      }
    },
    {
      "type": "Feature",
      "geometry": {
        "type": "LineString",
        "coordinates": [
          [
            80.97,
            -176.05
          ],
          [
            85.99,
            -176.89
          ]
        ]
      },
      "properties": {
        "id": 569,
        "type": "EDGE",
        "edgeType": "INVISIBLE"
      }
    },
    {
      "type": "Feature",
      "geometry": {
        "type": "LineString",
        "coordinates": [
          [
            85.99,
            -176.89
          ],
          [
            87.71,
            -180.02
          ]
        ]
      },
      "properties": {
        "id": 570,
        "type": "EDGE",
        "edgeType": "INVISIBLE"
      }
    },
    {
      "type": "Feature",
      "geometry": {
        "type": "LineString",
        "coordinates": [
          [
            87.71,
            -180.02
          ],
          [
            86.14,
            -185.45
          ]
        ]
      },
      "properties": {
        "id": 571,
        "type": "EDGE",
        "edgeType": "INVISIBLE"
      }
    },
    {
      "type": "Feature",
      "geometry": {
        "type": "LineString",
        "coordinates": [
          [
            86.14,
            -185.45
          ],
          [
            82.81,
            -190.83
          ]
        ]
      },
      "properties": {
        "id": 572,
        "type": "EDGE",
        "edgeType": "INVISIBLE"
      }
    },
    {
      "type": "Feature",
      "geometry": {
        "type": "LineString",
        "coordinates": [
          [
            82.81,
            -190.83
          ],
          [
            79.93,
            -196.69
          ]
        ]
      },
      "properties": {
        "id": 573,
        "type": "EDGE",
        "edgeType": "INVISIBLE"
      }
    },
    {
      "type": "Feature",
      "geometry": {
        "type": "LineString",
        "coordinates": [
          [
            79.93,
            -196.69
          ],
          [
            79.82,
            -203.39
          ]
        ]
      },
      "properties": {
        "id": 574,
        "type": "EDGE",
        "edgeType": "INVISIBLE"
      }
    },
    {
      "type": "Feature",
      "geometry": {
        "type": "LineString",
        "coordinates": [
          [
            79.82,
            -203.39
          ],
          [
            82.47,
            -210.94
          ]
        ]
      },
      "properties": {
        "id": 575,
        "type": "EDGE",
        "edgeType": "INVISIBLE"
      }
    },
    {
      "type": "Feature",
      "geometry": {
        "type": "LineString",
        "coordinates": [
          [
            82.47,
            -210.94
          ],
          [
            87.89,
            -219.33
          ]
        ]
      },
      "properties": {
        "id": 576,
        "type": "EDGE",
        "edgeType": "INVISIBLE"
      }
    },
    {
      "type": "Feature",
      "geometry": {
        "type": "LineString",
        "coordinates": [
          [
            87.89,
            -219.33
          ],
          [
            96.38,
            -227.64
          ]
        ]
      },
      "properties": {
        "id": 577,
        "type": "EDGE",
        "edgeType": "INVISIBLE"
      }
    },
    {
      "type": "Feature",
      "geometry": {
        "type": "LineString",
        "coordinates": [
          [
            96.38,
            -227.64
          ],
          [
            105.18,
            -235.01
          ]
        ]
      },
      "properties": {
        "id": 578,
        "type": "EDGE",
        "edgeType": "INVISIBLE"
      }
    },
    {
      "type": "Feature",
      "geometry": {
        "type": "LineString",
        "coordinates": [
          [
            105.18,
            -235.01
          ],
          [
            114.29,
            -241.44
          ]
        ]
      },
      "properties": {
        "id": 579,
        "type": "EDGE",
        "edgeType": "INVISIBLE"
      }
    },
    {
      "type": "Feature",
      "geometry": {
        "type": "LineString",
        "coordinates": [
          [
            114.29,
            -241.44
          ],
          [
            123.69,
            -246.94
          ]
        ]
      },
      "properties": {
        "id": 580,
        "type": "EDGE",
        "edgeType": "INVISIBLE"
      }
    },
    {
      "type": "Feature",
      "geometry": {
        "type": "LineString",
        "coordinates": [
          [
            123.69,
            -246.94
          ],
          [
            133.58,
            -249.33
          ]
        ]
      },
      "properties": {
        "id": 581,
        "type": "EDGE",
        "edgeType": "INVISIBLE"
      }
    },
    {
      "type": "Feature",
      "geometry": {
        "type": "LineString",
        "coordinates": [
          [
            133.58,
            -249.33
          ],
          [
            143.65,
            -249.53
          ]
        ]
      },
      "properties": {
        "id": 582,
        "type": "EDGE",
        "edgeType": "INVISIBLE"
      }
    },
    {
      "type": "Feature",
      "geometry": {
        "type": "LineString",
        "coordinates": [
          [
            143.65,
            -249.53
          ],
          [
            153.89,
            -247.55
          ]
        ]
      },
      "properties": {
        "id": 583,
        "type": "EDGE",
        "edgeType": "INVISIBLE"
      }
    },
    {
      "type": "Feature",
      "geometry": {
        "type": "LineString",
        "coordinates": [
          [
            153.89,
            -247.55
          ],
          [
            164.31,
            -243.39
          ]
        ]
      },
      "properties": {
        "id": 584,
        "type": "EDGE",
        "edgeType": "INVISIBLE"
      }
    },
    {
      "type": "Feature",
      "geometry": {
        "type": "LineString",
        "coordinates": [
          [
            164.31,
            -243.39
          ],
          [
            173.37,
            -236.19
          ]
        ]
      },
      "properties": {
        "id": 585,
        "type": "EDGE",
        "edgeType": "INVISIBLE"
      }
    },
    {
      "type": "Feature",
      "geometry": {
        "type": "LineString",
        "coordinates": [
          [
            173.37,
            -236.19
          ],
          [
            180.88,
            -228.12
          ]
        ]
      },
      "properties": {
        "id": 586,
        "type": "EDGE",
        "edgeType": "INVISIBLE"
      }
    },
    {
      "type": "Feature",
      "geometry": {
        "type": "LineString",
        "coordinates": [
          [
            180.88,
            -228.12
          ],
          [
            186.85,
            -219.18
          ]
        ]
      },
      "properties": {
        "id": 587,
        "type": "EDGE",
        "edgeType": "INVISIBLE"
      }
    },
    {
      "type": "Feature",
      "geometry": {
        "type": "LineString",
        "coordinates": [
          [
            186.85,
            -219.18
          ],
          [
            191.28,
            -209.38
          ]
        ]
      },
      "properties": {
        "id": 588,
        "type": "EDGE",
        "edgeType": "INVISIBLE"
      }
    },
    {
      "type": "Feature",
      "geometry": {
        "type": "LineString",
        "coordinates": [
          [
            191.28,
            -209.38
          ],
          [
            194.17,
            -198.71
          ]
        ]
      },
      "properties": {
        "id": 589,
        "type": "EDGE",
        "edgeType": "INVISIBLE"
      }
    },
    {
      "type": "Feature",
      "geometry": {
        "type": "LineString",
        "coordinates": [
          [
            194.17,
            -198.71
          ],
          [
            197.05,
            -188.04
          ]
        ]
      },
      "properties": {
        "id": 590,
        "type": "EDGE",
        "edgeType": "INVISIBLE"
      }
    },
    {
      "type": "Feature",
      "geometry": {
        "type": "LineString",
        "coordinates": [
          [
            197.05,
            -188.04
          ],
          [
            199.94,
            -177.38
          ]
        ]
      },
      "properties": {
        "id": 591,
        "type": "EDGE",
        "edgeType": "INVISIBLE"
      }
    },
    {
      "type": "Feature",
      "geometry": {
        "type": "LineString",
        "coordinates": [
          [
            199.94,
            -177.38
          ],
          [
            202.83,
            -166.71
          ]
        ]
      },
      "properties": {
        "id": 592,
        "type": "EDGE",
        "edgeType": "INVISIBLE"
      }
    },
    {
      "type": "Feature",
      "geometry": {
        "type": "LineString",
        "coordinates": [
          [
            202.83,
            -166.71
          ],
          [
            207.11,
            -156.84
          ]
        ]
      },
      "properties": {
        "id": 593,
        "type": "EDGE",
        "edgeType": "INVISIBLE"
      }
    },
    {
      "type": "Feature",
      "geometry": {
        "type": "LineString",
        "coordinates": [
          [
            207.11,
            -156.84
          ],
          [
            212.8,
            -147.77
          ]
        ]
      },
      "properties": {
        "id": 594,
        "type": "EDGE",
        "edgeType": "INVISIBLE"
      }
    },
    {
      "type": "Feature",
      "geometry": {
        "type": "LineString",
        "coordinates": [
          [
            212.8,
            -147.77
          ],
          [
            219.88,
            -139.5
          ]
        ]
      },
      "properties": {
        "id": 595,
        "type": "EDGE",
        "edgeType": "INVISIBLE"
      }
    },
    {
      "type": "Feature",
      "geometry": {
        "type": "LineString",
        "coordinates": [
          [
            219.88,
            -139.5
          ],
          [
            228.37,
            -132.03
          ]
        ]
      },
      "properties": {
        "id": 596,
        "type": "EDGE",
        "edgeType": "INVISIBLE"
      }
    },
    {
      "type": "Feature",
      "geometry": {
        "type": "LineString",
        "coordinates": [
          [
            228.37,
            -132.03
          ],
          [
            238.25,
            -125.35
          ]
        ]
      },
      "properties": {
        "id": 597,
        "type": "EDGE",
        "edgeType": "INVISIBLE"
      }
    },
    {
      "type": "Feature",
      "geometry": {
        "type": "LineString",
        "coordinates": [
          [
            238.25,
            -125.35
          ],
          [
            248.14,
            -118.68
          ]
        ]
      },
      "properties": {
        "id": 598,
        "type": "EDGE",
        "edgeType": "INVISIBLE"
      }
    },
    {
      "type": "Feature",
      "geometry": {
        "type": "LineString",
        "coordinates": [
          [
            248.14,
            -118.68
          ],
          [
            258.02,
            -112.01
          ]
        ]
      },
      "properties": {
        "id": 599,
        "type": "EDGE",
        "edgeType": "INVISIBLE"
      }
    },
    {
      "type": "Feature",
      "geometry": {
        "type": "LineString",
        "coordinates": [
          [
            258.02,
            -112.01
          ],
          [
            267.9,
            -105.34
          ]
        ]
      },
      "properties": {
        "id": 600,
        "type": "EDGE",
        "edgeType": "INVISIBLE"
      }
    },
    {
      "type": "Feature",
      "geometry": {
        "type": "LineString",
        "coordinates": [
          [
            267.9,
            -105.34
          ],
          [
            275.39,
            -97.56
          ]
        ]
      },
      "properties": {
        "id": 601,
        "type": "EDGE",
        "edgeType": "INVISIBLE"
      }
    },
    {
      "type": "Feature",
      "geometry": {
        "type": "LineString",
        "coordinates": [
          [
            275.39,
            -97.56
          ],
          [
            280.47,
            -88.69
          ]
        ]
      },
      "properties": {
        "id": 602,
        "type": "EDGE",
        "edgeType": "INVISIBLE"
      }
    },
    {
      "type": "Feature",
      "geometry": {
        "type": "LineString",
        "coordinates": [
          [
            280.47,
            -88.69
          ],
          [
            283.15,
            -78.72
          ]
        ]
      },
      "properties": {
        "id": 603,
        "type": "EDGE",
        "edgeType": "INVISIBLE"
      }
    },
    {
      "type": "Feature",
      "geometry": {
        "type": "LineString",
        "coordinates": [
          [
            283.15,
            -78.72
          ],
          [
            283.43,
            -67.64
          ]
        ]
      },
      "properties": {
        "id": 604,
        "type": "EDGE",
        "edgeType": "INVISIBLE"
      }
    },
    {
      "type": "Feature",
      "geometry": {
        "type": "LineString",
        "coordinates": [
          [
            283.43,
            -67.64
          ],
          [
            279.38,
            -57.88
          ]
        ]
      },
      "properties": {
        "id": 605,
        "type": "EDGE",
        "edgeType": "INVISIBLE"
      }
    },
    {
      "type": "Feature",
      "geometry": {
        "type": "LineString",
        "coordinates": [
          [
            279.38,
            -57.88
          ],
          [
            273.41,
            -50.51
          ]
        ]
      },
      "properties": {
        "id": 606,
        "type": "EDGE",
        "edgeType": "INVISIBLE"
      }
    },
    {
      "type": "Feature",
      "geometry": {
        "type": "LineString",
        "coordinates": [
          [
            273.41,
            -50.51
          ],
          [
            265.51,
            -45.55
          ]
        ]
      },
      "properties": {
        "id": 607,
        "type": "EDGE",
        "edgeType": "INVISIBLE"
      }
    },
    {
      "type": "Feature",
      "geometry": {
        "type": "LineString",
        "coordinates": [
          [
            265.51,
            -45.55
          ],
          [
            255.68,
            -43
          ]
        ]
      },
      "properties": {
        "id": 608,
        "type": "EDGE",
        "edgeType": "INVISIBLE"
      }
    },
    {
      "type": "Feature",
      "geometry": {
        "type": "LineString",
        "coordinates": [
          [
            255.68,
            -43
          ],
          [
            243.93,
            -42.85
          ]
        ]
      },
      "properties": {
        "id": 609,
        "type": "EDGE",
        "edgeType": "INVISIBLE"
      }
    },
    {
      "type": "Feature",
      "geometry": {
        "type": "LineString",
        "coordinates": [
          [
            243.93,
            -42.85
          ],
          [
            232.19,
            -42.71
          ]
        ]
      },
      "properties": {
        "id": 610,
        "type": "EDGE",
        "edgeType": "INVISIBLE"
      }
    },
    {
      "type": "Feature",
      "geometry": {
        "type": "LineString",
        "coordinates": [
          [
            232.19,
            -42.71
          ],
          [
            220.44,
            -42.56
          ]
        ]
      },
      "properties": {
        "id": 611,
        "type": "EDGE",
        "edgeType": "INVISIBLE"
      }
    },
    {
      "type": "Feature",
      "geometry": {
        "type": "LineString",
        "coordinates": [
          [
            220.44,
            -42.56
          ],
          [
            208.69,
            -42.41
          ]
        ]
      },
      "properties": {
        "id": 612,
        "type": "EDGE",
        "edgeType": "INVISIBLE"
      }
    },
    {
      "type": "Feature",
      "geometry": {
        "type": "LineString",
        "coordinates": [
          [
            208.69,
            -42.41
          ],
          [
            197.76,
            -41.14
          ]
        ]
      },
      "properties": {
        "id": 613,
        "type": "EDGE",
        "edgeType": "INVISIBLE"
      }
    },
    {
      "type": "Feature",
      "geometry": {
        "type": "LineString",
        "coordinates": [
          [
            197.76,
            -41.14
          ],
          [
            187.64,
            -38.74
          ]
        ]
      },
      "properties": {
        "id": 614,
        "type": "EDGE",
        "edgeType": "INVISIBLE"
      }
    },
    {
      "type": "Feature",
      "geometry": {
        "type": "LineString",
        "coordinates": [
          [
            187.64,
            -38.74
          ],
          [
            178.35,
            -35.21
          ]
        ]
      },
      "properties": {
        "id": 615,
        "type": "EDGE",
        "edgeType": "INVISIBLE"
      }
    },
    {
      "type": "Feature",
      "geometry": {
        "type": "LineString",
        "coordinates": [
          [
            178.35,
            -35.21
          ],
          [
            169.88,
            -30.56
          ]
        ]
      },
      "properties": {
        "id": 616,
        "type": "EDGE",
        "edgeType": "INVISIBLE"
      }
    },
    {
      "type": "Feature",
      "geometry": {
        "type": "LineString",
        "coordinates": [
          [
            169.88,
            -30.56
          ],
          [
            161.98,
            -24.34
          ]
        ]
      },
      "properties": {
        "id": 617,
        "type": "EDGE",
        "edgeType": "INVISIBLE"
      }
    },
    {
      "type": "Feature",
      "geometry": {
        "type": "LineString",
        "coordinates": [
          [
            161.98,
            -24.34
          ],
          [
            153.83,
            -17.68
          ]
        ]
      },
      "properties": {
        "id": 618,
        "type": "EDGE",
        "edgeType": "INVISIBLE"
      }
    },
    {
      "type": "Feature",
      "geometry": {
        "type": "LineString",
        "coordinates": [
          [
            153.83,
            -17.68
          ],
          [
            145.44,
            -10.57
          ]
        ]
      },
      "properties": {
        "id": 619,
        "type": "EDGE",
        "edgeType": "INVISIBLE"
      }
    },
    {
      "type": "Feature",
      "geometry": {
        "type": "LineString",
        "coordinates": [
          [
            145.44,
            -10.57
          ],
          [
            136.8,
            -3.03
          ]
        ]
      },
      "properties": {
        "id": 620,
        "type": "EDGE",
        "edgeType": "INVISIBLE"
      }
    },
    {
      "type": "Feature",
      "geometry": {
        "type": "LineString",
        "coordinates": [
          [
            136.8,
            -3.03
          ],
          [
            130.23,
            3.88
          ]
        ]
      },
      "properties": {
        "id": 621,
        "type": "EDGE",
        "edgeType": "INVISIBLE"
      }
    },
    {
      "type": "Feature",
      "geometry": {
        "type": "LineString",
        "coordinates": [
          [
            130.23,
            3.88
          ],
          [
            126.47,
            10.32
          ]
        ]
      },
      "properties": {
        "id": 622,
        "type": "EDGE",
        "edgeType": "INVISIBLE"
      }
    },
    {
      "type": "Feature",
      "geometry": {
        "type": "LineString",
        "coordinates": [
          [
            126.47,
            10.32
          ],
          [
            125.51,
            16.27
          ]
        ]
      },
      "properties": {
        "id": 623,
        "type": "EDGE",
        "edgeType": "INVISIBLE"
      }
    },
    {
      "type": "Feature",
      "geometry": {
        "type": "LineString",
        "coordinates": [
          [
            125.51,
            16.27
          ],
          [
            127.35,
            21.75
          ]
        ]
      },
      "properties": {
        "id": 624,
        "type": "EDGE",
        "edgeType": "INVISIBLE"
      }
    },
    {
      "type": "Feature",
      "geometry": {
        "type": "LineString",
        "coordinates": [
          [
            127.35,
            21.75
          ],
          [
            132,
            26.74
          ]
        ]
      },
      "properties": {
        "id": 625,
        "type": "EDGE",
        "edgeType": "INVISIBLE"
      }
    },
    {
      "type": "Feature",
      "geometry": {
        "type": "LineString",
        "coordinates": [
          [
            132,
            26.74
          ],
          [
            138.28,
            32.85
          ]
        ]
      },
      "properties": {
        "id": 626,
        "type": "EDGE",
        "edgeType": "INVISIBLE"
      }
    },
    {
      "type": "Feature",
      "geometry": {
        "type": "LineString",
        "coordinates": [
          [
            138.28,
            32.85
          ],
          [
            145.72,
            39.5
          ]
        ]
      },
      "properties": {
        "id": 627,
        "type": "EDGE",
        "edgeType": "INVISIBLE"
      }
    },
    {
      "type": "Feature",
      "geometry": {
        "type": "LineString",
        "coordinates": [
          [
            145.72,
            39.5
          ],
          [
            153.62,
            46.61
          ]
        ]
      },
      "properties": {
        "id": 628,
        "type": "EDGE",
        "edgeType": "INVISIBLE"
      }
    },
    {
      "type": "Feature",
      "geometry": {
        "type": "LineString",
        "coordinates": [
          [
            153.62,
            46.61
          ],
          [
            161.99,
            54.19
          ]
        ]
      },
      "properties": {
        "id": 629,
        "type": "EDGE",
        "edgeType": "INVISIBLE"
      }
    },
    {
      "type": "Feature",
      "geometry": {
        "type": "LineString",
        "coordinates": [
          [
            161.99,
            54.19
          ],
          [
            170.81,
            62.22
          ]
        ]
      },
      "properties": {
        "id": 630,
        "type": "EDGE",
        "edgeType": "INVISIBLE"
      }
    },
    {
      "type": "Feature",
      "geometry": {
        "type": "LineString",
        "coordinates": [
          [
            170.81,
            62.22
          ],
          [
            178.94,
            70.19
          ]
        ]
      },
      "properties": {
        "id": 631,
        "type": "EDGE",
        "edgeType": "INVISIBLE"
      }
    },
    {
      "type": "Feature",
      "geometry": {
        "type": "LineString",
        "coordinates": [
          [
            178.94,
            70.19
          ],
          [
            186.06,
            79.21
          ]
        ]
      },
      "properties": {
        "id": 632,
        "type": "EDGE",
        "edgeType": "INVISIBLE"
      }
    },
    {
      "type": "Feature",
      "geometry": {
        "type": "LineString",
        "coordinates": [
          [
            186.06,
            79.21
          ],
          [
            192.87,
            89.37
          ]
        ]
      },
      "properties": {
        "id": 633,
        "type": "EDGE",
        "edgeType": "INVISIBLE"
      }
    },
    {
      "type": "Feature",
      "geometry": {
        "type": "LineString",
        "coordinates": [
          [
            192.87,
            89.37
          ],
          [
            199.37,
            100.66
          ]
        ]
      },
      "properties": {
        "id": 634,
        "type": "EDGE",
        "edgeType": "INVISIBLE"
      }
    },
    {
      "type": "Feature",
      "geometry": {
        "type": "LineString",
        "coordinates": [
          [
            199.37,
            100.66
          ],
          [
            205.56,
            113.08
          ]
        ]
      },
      "properties": {
        "id": 635,
        "type": "EDGE",
        "edgeType": "INVISIBLE"
      }
    },
    {
      "type": "Feature",
      "geometry": {
        "type": "LineString",
        "coordinates": [
          [
            205.56,
            113.08
          ],
          [
            208.54,
            125.97
          ]
        ]
      },
      "properties": {
        "id": 636,
        "type": "EDGE",
        "edgeType": "INVISIBLE"
      }
    },
    {
      "type": "Feature",
      "geometry": {
        "type": "LineString",
        "coordinates": [
          [
            208.54,
            125.97
          ],
          [
            212.49,
            139.08
          ]
        ]
      },
      "properties": {
        "id": 637,
        "type": "EDGE",
        "edgeType": "INVISIBLE"
      }
    },
    {
      "type": "Feature",
      "geometry": {
        "type": "LineString",
        "coordinates": [
          [
            223.35,
            144.16
          ],
          [
            209.45,
            148.12
          ]
        ]
      },
      "properties": {
        "id": 638,
        "type": "EDGE",
        "edgeType": "WATERFRONT"
      }
    },
    {
      "type": "Feature",
      "geometry": {
        "type": "LineString",
        "coordinates": [
          [
            209.45,
            148.12
          ],
          [
            193.75,
            152.6
          ]
        ]
      },
      "properties": {
        "id": 639,
        "type": "EDGE",
        "edgeType": "WATERFRONT"
      }
    },
    {
      "type": "Feature",
      "geometry": {
        "type": "LineString",
        "coordinates": [
          [
            212.49,
            139.08
          ],
          [
            209.45,
            148.12
          ]
        ]
      },
      "properties": {
        "id": 640,
        "type": "EDGE",
        "edgeType": "INVISIBLE"
      }
    },
    {
      "type": "Feature",
      "geometry": {
        "type": "LineString",
        "coordinates": [
          [
            175.27,
            157.87
          ],
          [
            165.15,
            160.76
          ]
        ]
      },
      "properties": {
        "id": 641,
        "type": "EDGE",
        "edgeType": "WATERFRONT"
      }
    },
    {
      "type": "Feature",
      "geometry": {
        "type": "LineString",
        "coordinates": [
          [
            165.15,
            160.76
          ],
          [
            127.2,
            171.61
          ]
        ]
      },
      "properties": {
        "id": 642,
        "type": "EDGE",
        "edgeType": "WATERFRONT"
      }
    },
    {
      "type": "Feature",
      "geometry": {
        "type": "LineString",
        "coordinates": [
          [
            165.15,
            160.76
          ],
          [
            156.16,
            153.17
          ]
        ]
      },
      "properties": {
        "id": 643,
        "type": "EDGE",
        "edgeType": "INVISIBLE"
      }
    },
    {
      "type": "Feature",
      "geometry": {
        "type": "LineString",
        "coordinates": [
          [
            156.16,
            153.17
          ],
          [
            145.33,
            144.02
          ]
        ]
      },
      "properties": {
        "id": 644,
        "type": "EDGE",
        "edgeType": "INVISIBLE"
      }
    },
    {
      "type": "Feature",
      "geometry": {
        "type": "LineString",
        "coordinates": [
          [
            145.33,
            144.02
          ],
          [
            134.91,
            138.99
          ]
        ]
      },
      "properties": {
        "id": 645,
        "type": "EDGE",
        "edgeType": "INVISIBLE"
      }
    },
    {
      "type": "Feature",
      "geometry": {
        "type": "LineString",
        "coordinates": [
          [
            134.91,
            138.99
          ],
          [
            124.89,
            138.08
          ]
        ]
      },
      "properties": {
        "id": 646,
        "type": "EDGE",
        "edgeType": "INVISIBLE"
      }
    },
    {
      "type": "Feature",
      "geometry": {
        "type": "LineString",
        "coordinates": [
          [
            124.89,
            138.08
          ],
          [
            115.08,
            137.49
          ]
        ]
      },
      "properties": {
        "id": 647,
        "type": "EDGE",
        "edgeType": "INVISIBLE"
      }
    },
    {
      "type": "Feature",
      "geometry": {
        "type": "LineString",
        "coordinates": [
          [
            115.08,
            137.49
          ],
          [
            105.49,
            137.22
          ]
        ]
      },
      "properties": {
        "id": 648,
        "type": "EDGE",
        "edgeType": "INVISIBLE"
      }
    },
    {
      "type": "Feature",
      "geometry": {
        "type": "LineString",
        "coordinates": [
          [
            105.49,
            137.22
          ],
          [
            96.1,
            137.28
          ]
        ]
      },
      "properties": {
        "id": 649,
        "type": "EDGE",
        "edgeType": "INVISIBLE"
      }
    },
    {
      "type": "Feature",
      "geometry": {
        "type": "LineString",
        "coordinates": [
          [
            96.1,
            137.28
          ],
          [
            86.5,
            133.55
          ]
        ]
      },
      "properties": {
        "id": 650,
        "type": "EDGE",
        "edgeType": "INVISIBLE"
      }
    },
    {
      "type": "Feature",
      "geometry": {
        "type": "LineString",
        "coordinates": [
          [
            86.5,
            133.55
          ],
          [
            77.85,
            125.95
          ]
        ]
      },
      "properties": {
        "id": 651,
        "type": "EDGE",
        "edgeType": "INVISIBLE"
      }
    },
    {
      "type": "Feature",
      "geometry": {
        "type": "LineString",
        "coordinates": [
          [
            77.85,
            125.95
          ],
          [
            70.33,
            118.29
          ]
        ]
      },
      "properties": {
        "id": 652,
        "type": "EDGE",
        "edgeType": "INVISIBLE"
      }
    },
    {
      "type": "Feature",
      "geometry": {
        "type": "LineString",
        "coordinates": [
          [
            70.33,
            118.29
          ],
          [
            63.94,
            110.55
          ]
        ]
      },
      "properties": {
        "id": 653,
        "type": "EDGE",
        "edgeType": "INVISIBLE"
      }
    },
    {
      "type": "Feature",
      "geometry": {
        "type": "LineString",
        "coordinates": [
          [
            63.94,
            110.55
          ],
          [
            58.68,
            102.75
          ]
        ]
      },
      "properties": {
        "id": 654,
        "type": "EDGE",
        "edgeType": "INVISIBLE"
      }
    },
    {
      "type": "Feature",
      "geometry": {
        "type": "LineString",
        "coordinates": [
          [
            58.68,
            102.75
          ],
          [
            54.56,
            94.88
          ]
        ]
      },
      "properties": {
        "id": 655,
        "type": "EDGE",
        "edgeType": "INVISIBLE"
      }
    },
    {
      "type": "Feature",
      "geometry": {
        "type": "LineString",
        "coordinates": [
          [
            54.56,
            94.88
          ],
          [
            50.43,
            87.01
          ]
        ]
      },
      "properties": {
        "id": 656,
        "type": "EDGE",
        "edgeType": "INVISIBLE"
      }
    },
    {
      "type": "Feature",
      "geometry": {
        "type": "LineString",
        "coordinates": [
          [
            50.43,
            87.01
          ],
          [
            46.31,
            79.14
          ]
        ]
      },
      "properties": {
        "id": 657,
        "type": "EDGE",
        "edgeType": "INVISIBLE"
      }
    },
    {
      "type": "Feature",
      "geometry": {
        "type": "LineString",
        "coordinates": [
          [
            46.31,
            79.14
          ],
          [
            42.19,
            71.27
          ]
        ]
      },
      "properties": {
        "id": 658,
        "type": "EDGE",
        "edgeType": "INVISIBLE"
      }
    },
    {
      "type": "Feature",
      "geometry": {
        "type": "LineString",
        "coordinates": [
          [
            42.19,
            71.27
          ],
          [
            36.76,
            66.22
          ]
        ]
      },
      "properties": {
        "id": 659,
        "type": "EDGE",
        "edgeType": "INVISIBLE"
      }
    },
    {
      "type": "Feature",
      "geometry": {
        "type": "LineString",
        "coordinates": [
          [
            36.76,
            66.22
          ],
          [
            30.02,
            63.98
          ]
        ]
      },
      "properties": {
        "id": 660,
        "type": "EDGE",
        "edgeType": "INVISIBLE"
      }
    },
    {
      "type": "Feature",
      "geometry": {
        "type": "LineString",
        "coordinates": [
          [
            30.02,
            63.98
          ],
          [
            21.97,
            64.57
          ]
        ]
      },
      "properties": {
        "id": 661,
        "type": "EDGE",
        "edgeType": "INVISIBLE"
      }
    },
    {
      "type": "Feature",
      "geometry": {
        "type": "LineString",
        "coordinates": [
          [
            21.97,
            64.57
          ],
          [
            12.62,
            67.99
          ]
        ]
      },
      "properties": {
        "id": 662,
        "type": "EDGE",
        "edgeType": "INVISIBLE"
      }
    },
    {
      "type": "Feature",
      "geometry": {
        "type": "LineString",
        "coordinates": [
          [
            12.62,
            67.99
          ],
          [
            1.96,
            74.22
          ]
        ]
      },
      "properties": {
        "id": 663,
        "type": "EDGE",
        "edgeType": "INVISIBLE"
      }
    },
    {
      "type": "Feature",
      "geometry": {
        "type": "LineString",
        "coordinates": [
          [
            1.96,
            74.22
          ],
          [
            -8.7,
            80.45
          ]
        ]
      },
      "properties": {
        "id": 664,
        "type": "EDGE",
        "edgeType": "INVISIBLE"
      }
    },
    {
      "type": "Feature",
      "geometry": {
        "type": "LineString",
        "coordinates": [
          [
            -8.7,
            80.45
          ],
          [
            -19.36,
            86.68
          ]
        ]
      },
      "properties": {
        "id": 665,
        "type": "EDGE",
        "edgeType": "INVISIBLE"
      }
    },
    {
      "type": "Feature",
      "geometry": {
        "type": "LineString",
        "coordinates": [
          [
            -19.36,
            86.68
          ],
          [
            -30.02,
            92.91
          ]
        ]
      },
      "properties": {
        "id": 666,
        "type": "EDGE",
        "edgeType": "INVISIBLE"
      }
    },
    {
      "type": "Feature",
      "geometry": {
        "type": "LineString",
        "coordinates": [
          [
            -30.02,
            92.91
          ],
          [
            -40.18,
            99.47
          ]
        ]
      },
      "properties": {
        "id": 667,
        "type": "EDGE",
        "edgeType": "INVISIBLE"
      }
    },
    {
      "type": "Feature",
      "geometry": {
        "type": "LineString",
        "coordinates": [
          [
            -40.18,
            99.47
          ],
          [
            -49.83,
            106.36
          ]
        ]
      },
      "properties": {
        "id": 668,
        "type": "EDGE",
        "edgeType": "INVISIBLE"
      }
    },
    {
      "type": "Feature",
      "geometry": {
        "type": "LineString",
        "coordinates": [
          [
            -49.83,
            106.36
          ],
          [
            -59.04,
            110.73
          ]
        ]
      },
      "properties": {
        "id": 669,
        "type": "EDGE",
        "edgeType": "INVISIBLE"
      }
    },
    {
      "type": "Feature",
      "geometry": {
        "type": "LineString",
        "coordinates": [
          [
            -59.04,
            110.73
          ],
          [
            -67.81,
            112.58
          ]
        ]
      },
      "properties": {
        "id": 670,
        "type": "EDGE",
        "edgeType": "INVISIBLE"
      }
    },
    {
      "type": "Feature",
      "geometry": {
        "type": "LineString",
        "coordinates": [
          [
            -67.81,
            112.58
          ],
          [
            -76.14,
            111.91
          ]
        ]
      },
      "properties": {
        "id": 671,
        "type": "EDGE",
        "edgeType": "INVISIBLE"
      }
    },
    {
      "type": "Feature",
      "geometry": {
        "type": "LineString",
        "coordinates": [
          [
            -76.14,
            111.91
          ],
          [
            -84.54,
            108.39
          ]
        ]
      },
      "properties": {
        "id": 672,
        "type": "EDGE",
        "edgeType": "INVISIBLE"
      }
    },
    {
      "type": "Feature",
      "geometry": {
        "type": "LineString",
        "coordinates": [
          [
            -84.54,
            108.39
          ],
          [
            -90.25,
            101.3
          ]
        ]
      },
      "properties": {
        "id": 673,
        "type": "EDGE",
        "edgeType": "INVISIBLE"
      }
    },
    {
      "type": "Feature",
      "geometry": {
        "type": "LineString",
        "coordinates": [
          [
            -90.25,
            101.3
          ],
          [
            -93.21,
            93.48
          ]
        ]
      },
      "properties": {
        "id": 674,
        "type": "EDGE",
        "edgeType": "INVISIBLE"
      }
    },
    {
      "type": "Feature",
      "geometry": {
        "type": "LineString",
        "coordinates": [
          [
            -93.21,
            93.48
          ],
          [
            -93.21,
            85.27
          ]
        ]
      },
      "properties": {
        "id": 675,
        "type": "EDGE",
        "edgeType": "INVISIBLE"
      }
    },
    {
      "type": "Feature",
      "geometry": {
        "type": "LineString",
        "coordinates": [
          [
            -93.21,
            85.27
          ],
          [
            -90.27,
            76.66
          ]
        ]
      },
      "properties": {
        "id": 676,
        "type": "EDGE",
        "edgeType": "INVISIBLE"
      }
    },
    {
      "type": "Feature",
      "geometry": {
        "type": "LineString",
        "coordinates": [
          [
            -90.27,
            76.66
          ],
          [
            -84.37,
            67.67
          ]
        ]
      },
      "properties": {
        "id": 677,
        "type": "EDGE",
        "edgeType": "INVISIBLE"
      }
    },
    {
      "type": "Feature",
      "geometry": {
        "type": "LineString",
        "coordinates": [
          [
            -84.37,
            67.67
          ],
          [
            -78.28,
            59
          ]
        ]
      },
      "properties": {
        "id": 678,
        "type": "EDGE",
        "edgeType": "INVISIBLE"
      }
    },
    {
      "type": "Feature",
      "geometry": {
        "type": "LineString",
        "coordinates": [
          [
            -78.28,
            59
          ],
          [
            -71.33,
            50.21
          ]
        ]
      },
      "properties": {
        "id": 679,
        "type": "EDGE",
        "edgeType": "INVISIBLE"
      }
    },
    {
      "type": "Feature",
      "geometry": {
        "type": "LineString",
        "coordinates": [
          [
            -71.33,
            50.21
          ],
          [
            -63.72,
            40.97
          ]
        ]
      },
      "properties": {
        "id": 680,
        "type": "EDGE",
        "edgeType": "INVISIBLE"
      }
    },
    {
      "type": "Feature",
      "geometry": {
        "type": "LineString",
        "coordinates": [
          [
            -63.72,
            40.97
          ],
          [
            -56.2,
            31.83
          ]
        ]
      },
      "properties": {
        "id": 681,
        "type": "EDGE",
        "edgeType": "INVISIBLE"
      }
    },
    {
      "type": "Feature",
      "geometry": {
        "type": "LineString",
        "coordinates": [
          [
            -56.2,
            31.83
          ],
          [
            -48.77,
            22.79
          ]
        ]
      },
      "properties": {
        "id": 682,
        "type": "EDGE",
        "edgeType": "INVISIBLE"
      }
    },
    {
      "type": "Feature",
      "geometry": {
        "type": "LineString",
        "coordinates": [
          [
            -48.77,
            22.79
          ],
          [
            -44.69,
            13.86
          ]
        ]
      },
      "properties": {
        "id": 683,
        "type": "EDGE",
        "edgeType": "INVISIBLE"
      }
    },
    {
      "type": "Feature",
      "geometry": {
        "type": "LineString",
        "coordinates": [
          [
            -44.69,
            13.86
          ],
          [
            -44.61,
            5.5
          ]
        ]
      },
      "properties": {
        "id": 684,
        "type": "EDGE",
        "edgeType": "INVISIBLE"
      }
    },
    {
      "type": "Feature",
      "geometry": {
        "type": "LineString",
        "coordinates": [
          [
            -44.61,
            5.5
          ],
          [
            -48.55,
            -1.79
          ]
        ]
      },
      "properties": {
        "id": 685,
        "type": "EDGE",
        "edgeType": "INVISIBLE"
      }
    },
    {
      "type": "Feature",
      "geometry": {
        "type": "LineString",
        "coordinates": [
          [
            -48.55,
            -1.79
          ],
          [
            -55.75,
            -8.58
          ]
        ]
      },
      "properties": {
        "id": 686,
        "type": "EDGE",
        "edgeType": "INVISIBLE"
      }
    },
    {
      "type": "Feature",
      "geometry": {
        "type": "LineString",
        "coordinates": [
          [
            -55.75,
            -8.58
          ],
          [
            -66.21,
            -14.85
          ]
        ]
      },
      "properties": {
        "id": 687,
        "type": "EDGE",
        "edgeType": "INVISIBLE"
      }
    },
    {
      "type": "Feature",
      "geometry": {
        "type": "LineString",
        "coordinates": [
          [
            -66.21,
            -14.85
          ],
          [
            -76.67,
            -20.62
          ]
        ]
      },
      "properties": {
        "id": 688,
        "type": "EDGE",
        "edgeType": "INVISIBLE"
      }
    },
    {
      "type": "Feature",
      "geometry": {
        "type": "LineString",
        "coordinates": [
          [
            -76.67,
            -20.62
          ],
          [
            -87.15,
            -25.9
          ]
        ]
      },
      "properties": {
        "id": 689,
        "type": "EDGE",
        "edgeType": "INVISIBLE"
      }
    },
    {
      "type": "Feature",
      "geometry": {
        "type": "LineString",
        "coordinates": [
          [
            -87.15,
            -25.9
          ],
          [
            -97.62,
            -31.18
          ]
        ]
      },
      "properties": {
        "id": 690,
        "type": "EDGE",
        "edgeType": "INVISIBLE"
      }
    },
    {
      "type": "Feature",
      "geometry": {
        "type": "LineString",
        "coordinates": [
          [
            -97.62,
            -31.18
          ],
          [
            -108.1,
            -36.45
          ]
        ]
      },
      "properties": {
        "id": 691,
        "type": "EDGE",
        "edgeType": "INVISIBLE"
      }
    },
    {
      "type": "Feature",
      "geometry": {
        "type": "LineString",
        "coordinates": [
          [
            -108.1,
            -36.45
          ],
          [
            -118.58,
            -41.73
          ]
        ]
      },
      "properties": {
        "id": 692,
        "type": "EDGE",
        "edgeType": "INVISIBLE"
      }
    },
    {
      "type": "Feature",
      "geometry": {
        "type": "LineString",
        "coordinates": [
          [
            -118.58,
            -41.73
          ],
          [
            -129.52,
            -46.59
          ]
        ]
      },
      "properties": {
        "id": 693,
        "type": "EDGE",
        "edgeType": "INVISIBLE"
      }
    },
    {
      "type": "Feature",
      "geometry": {
        "type": "LineString",
        "coordinates": [
          [
            -129.52,
            -46.59
          ],
          [
            -140.94,
            -51.03
          ]
        ]
      },
      "properties": {
        "id": 694,
        "type": "EDGE",
        "edgeType": "INVISIBLE"
      }
    },
    {
      "type": "Feature",
      "geometry": {
        "type": "LineString",
        "coordinates": [
          [
            -140.94,
            -51.03
          ],
          [
            -152.82,
            -55.05
          ]
        ]
      },
      "properties": {
        "id": 695,
        "type": "EDGE",
        "edgeType": "INVISIBLE"
      }
    },
    {
      "type": "Feature",
      "geometry": {
        "type": "LineString",
        "coordinates": [
          [
            -152.82,
            -55.05
          ],
          [
            -165.18,
            -58.66
          ]
        ]
      },
      "properties": {
        "id": 696,
        "type": "EDGE",
        "edgeType": "INVISIBLE"
      }
    },
    {
      "type": "Feature",
      "geometry": {
        "type": "LineString",
        "coordinates": [
          [
            -165.18,
            -58.66
          ],
          [
            -178,
            -61.84
          ]
        ]
      },
      "properties": {
        "id": 697,
        "type": "EDGE",
        "edgeType": "INVISIBLE"
      }
    },
    {
      "type": "Feature",
      "geometry": {
        "type": "LineString",
        "coordinates": [
          [
            -178,
            -61.84
          ],
          [
            -190.83,
            -65.03
          ]
        ]
      },
      "properties": {
        "id": 698,
        "type": "EDGE",
        "edgeType": "INVISIBLE"
      }
    },
    {
      "type": "Feature",
      "geometry": {
        "type": "LineString",
        "coordinates": [
          [
            -190.83,
            -65.03
          ],
          [
            -203.65,
            -68.22
          ]
        ]
      },
      "properties": {
        "id": 699,
        "type": "EDGE",
        "edgeType": "INVISIBLE"
      }
    },
    {
      "type": "Feature",
      "geometry": {
        "type": "LineString",
        "coordinates": [
          [
            -203.65,
            -68.22
          ],
          [
            -216.48,
            -71.4
          ]
        ]
      },
      "properties": {
        "id": 700,
        "type": "EDGE",
        "edgeType": "INVISIBLE"
      }
    },
    {
      "type": "Feature",
      "geometry": {
        "type": "LineString",
        "coordinates": [
          [
            -216.48,
            -71.4
          ],
          [
            -226.31,
            -75.64
          ]
        ]
      },
      "properties": {
        "id": 701,
        "type": "EDGE",
        "edgeType": "INVISIBLE"
      }
    },
    {
      "type": "Feature",
      "geometry": {
        "type": "LineString",
        "coordinates": [
          [
            -226.31,
            -75.64
          ],
          [
            -233.16,
            -80.92
          ]
        ]
      },
      "properties": {
        "id": 702,
        "type": "EDGE",
        "edgeType": "INVISIBLE"
      }
    },
    {
      "type": "Feature",
      "geometry": {
        "type": "LineString",
        "coordinates": [
          [
            -233.16,
            -80.92
          ],
          [
            -237.01,
            -87.24
          ]
        ]
      },
      "properties": {
        "id": 703,
        "type": "EDGE",
        "edgeType": "INVISIBLE"
      }
    },
    {
      "type": "Feature",
      "geometry": {
        "type": "LineString",
        "coordinates": [
          [
            -237.01,
            -87.24
          ],
          [
            -237.88,
            -94.61
          ]
        ]
      },
      "properties": {
        "id": 704,
        "type": "EDGE",
        "edgeType": "INVISIBLE"
      }
    },
    {
      "type": "Feature",
      "geometry": {
        "type": "LineString",
        "coordinates": [
          [
            -237.88,
            -94.61
          ],
          [
            -235.75,
            -103.03
          ]
        ]
      },
      "properties": {
        "id": 705,
        "type": "EDGE",
        "edgeType": "INVISIBLE"
      }
    },
    {
      "type": "Feature",
      "geometry": {
        "type": "LineString",
        "coordinates": [
          [
            -226.38,
            -99.31
          ],
          [
            -235.67,
            -103.37
          ]
        ]
      },
      "properties": {
        "id": 706,
        "type": "EDGE",
        "edgeType": "MAIN_ROAD"
      }
    },
    {
      "type": "Feature",
      "geometry": {
        "type": "LineString",
        "coordinates": [
          [
            -235.67,
            -103.37
          ],
          [
            -253.47,
            -111.16
          ]
        ]
      },
      "properties": {
        "id": 707,
        "type": "EDGE",
        "edgeType": "MAIN_ROAD"
      }
    },
    {
      "type": "Feature",
      "geometry": {
        "type": "LineString",
        "coordinates": [
          [
            -235.75,
            -103.03
          ],
          [
            -235.67,
            -103.37
          ]
        ]
      },
      "properties": {
        "id": 708,
        "type": "EDGE",
        "edgeType": "INVISIBLE"
      }
    },
    {
      "type": "Feature",
      "geometry": {
        "type": "LineString",
        "coordinates": [
          [
            -235.67,
            -103.37
          ],
          [
            -233.63,
            -111.45
          ]
        ]
      },
      "properties": {
        "id": 709,
        "type": "EDGE",
        "edgeType": "INVISIBLE"
      }
    },
    {
      "type": "Feature",
      "geometry": {
        "type": "LineString",
        "coordinates": [
          [
            -233.63,
            -111.45
          ],
          [
            -169.29,
            -95.22
          ]
        ]
      },
      "properties": {
        "id": 710,
        "type": "EDGE",
        "edgeType": "INVISIBLE"
      }
    },
    {
      "type": "Feature",
      "geometry": {
        "type": "LineString",
        "coordinates": [
          [
            -582.6,
            -284.57
          ],
          [
            -581.9,
            -279.22
          ]
        ]
      },
      "properties": {
        "id": 711,
        "type": "EDGE",
        "edgeType": "INVISIBLE"
      }
    },
    {
      "type": "Feature",
      "geometry": {
        "type": "LineString",
        "coordinates": [
          [
            -581.9,
            -279.22
          ],
          [
            -581.66,
            -273.8
          ]
        ]
      },
      "properties": {
        "id": 712,
        "type": "EDGE",
        "edgeType": "INVISIBLE"
      }
    },
    {
      "type": "Feature",
      "geometry": {
        "type": "LineString",
        "coordinates": [
          [
            -581.66,
            -273.8
          ],
          [
            -582.88,
            -269.27
          ]
        ]
      },
      "properties": {
        "id": 713,
        "type": "EDGE",
        "edgeType": "INVISIBLE"
      }
    },
    {
      "type": "Feature",
      "geometry": {
        "type": "LineString",
        "coordinates": [
          [
            -586.45,
            -266.09
          ],
          [
            -591.55,
            -263.85
          ]
        ]
      },
      "properties": {
        "id": 714,
        "type": "EDGE",
        "edgeType": "INVISIBLE"
      }
    },
    {
      "type": "Feature",
      "geometry": {
        "type": "LineString",
        "coordinates": [
          [
            -591.55,
            -263.85
          ],
          [
            -596.73,
            -261.76
          ]
        ]
      },
      "properties": {
        "id": 715,
        "type": "EDGE",
        "edgeType": "INVISIBLE"
      }
    },
    {
      "type": "Feature",
      "geometry": {
        "type": "LineString",
        "coordinates": [
          [
            -596.73,
            -261.76
          ],
          [
            -603.1,
            -258.43
          ]
        ]
      },
      "properties": {
        "id": 716,
        "type": "EDGE",
        "edgeType": "INVISIBLE"
      }
    },
    {
      "type": "Feature",
      "geometry": {
        "type": "LineString",
        "coordinates": [
          [
            -603.1,
            -258.43
          ],
          [
            -609.64,
            -256.24
          ]
        ]
      },
      "properties": {
        "id": 717,
        "type": "EDGE",
        "edgeType": "INVISIBLE"
      }
    },
    {
      "type": "Feature",
      "geometry": {
        "type": "LineString",
        "coordinates": [
          [
            -609.64,
            -256.24
          ],
          [
            -614.64,
            -256.26
          ]
        ]
      },
      "properties": {
        "id": 718,
        "type": "EDGE",
        "edgeType": "INVISIBLE"
      }
    },
    {
      "type": "Feature",
      "geometry": {
        "type": "LineString",
        "coordinates": [
          [
            -614.64,
            -256.26
          ],
          [
            -619.75,
            -257.31
          ]
        ]
      },
      "properties": {
        "id": 719,
        "type": "EDGE",
        "edgeType": "INVISIBLE"
      }
    },
    {
      "type": "Feature",
      "geometry": {
        "type": "LineString",
        "coordinates": [
          [
            -619.75,
            -257.31
          ],
          [
            -624.34,
            -259.26
          ]
        ]
      },
      "properties": {
        "id": 720,
        "type": "EDGE",
        "edgeType": "INVISIBLE"
      }
    },
    {
      "type": "Feature",
      "geometry": {
        "type": "LineString",
        "coordinates": [
          [
            -624.34,
            -259.26
          ],
          [
            -630.1,
            -263.93
          ]
        ]
      },
      "properties": {
        "id": 721,
        "type": "EDGE",
        "edgeType": "INVISIBLE"
      }
    },
    {
      "type": "Feature",
      "geometry": {
        "type": "LineString",
        "coordinates": [
          [
            -630.1,
            -263.93
          ],
          [
            -634.31,
            -270.04
          ]
        ]
      },
      "properties": {
        "id": 722,
        "type": "EDGE",
        "edgeType": "INVISIBLE"
      }
    },
    {
      "type": "Feature",
      "geometry": {
        "type": "LineString",
        "coordinates": [
          [
            -634.31,
            -270.04
          ],
          [
            -635.86,
            -276.94
          ]
        ]
      },
      "properties": {
        "id": 723,
        "type": "EDGE",
        "edgeType": "INVISIBLE"
      }
    },
    {
      "type": "Feature",
      "geometry": {
        "type": "LineString",
        "coordinates": [
          [
            -635.86,
            -276.94
          ],
          [
            -636.27,
            -284.31
          ]
        ]
      },
      "properties": {
        "id": 724,
        "type": "EDGE",
        "edgeType": "INVISIBLE"
      }
    },
    {
      "type": "Feature",
      "geometry": {
        "type": "LineString",
        "coordinates": [
          [
            -636.27,
            -284.31
          ],
          [
            -637.16,
            -289.93
          ]
        ]
      },
      "properties": {
        "id": 725,
        "type": "EDGE",
        "edgeType": "INVISIBLE"
      }
    },
    {
      "type": "Feature",
      "geometry": {
        "type": "LineString",
        "coordinates": [
          [
            -637.16,
            -289.93
          ],
          [
            -637.88,
            -295.57
          ]
        ]
      },
      "properties": {
        "id": 726,
        "type": "EDGE",
        "edgeType": "INVISIBLE"
      }
    },
    {
      "type": "Feature",
      "geometry": {
        "type": "LineString",
        "coordinates": [
          [
            -637.88,
            -295.57
          ],
          [
            -636.94,
            -300.24
          ]
        ]
      },
      "properties": {
        "id": 727,
        "type": "EDGE",
        "edgeType": "INVISIBLE"
      }
    },
    {
      "type": "Feature",
      "geometry": {
        "type": "LineString",
        "coordinates": [
          [
            -636.94,
            -300.24
          ],
          [
            -633.3,
            -303.35
          ]
        ]
      },
      "properties": {
        "id": 728,
        "type": "EDGE",
        "edgeType": "INVISIBLE"
      }
    },
    {
      "type": "Feature",
      "geometry": {
        "type": "LineString",
        "coordinates": [
          [
            -633.3,
            -303.35
          ],
          [
            -628,
            -305.48
          ]
        ]
      },
      "properties": {
        "id": 729,
        "type": "EDGE",
        "edgeType": "INVISIBLE"
      }
    },
    {
      "type": "Feature",
      "geometry": {
        "type": "LineString",
        "coordinates": [
          [
            -628,
            -305.48
          ],
          [
            -622.63,
            -307.48
          ]
        ]
      },
      "properties": {
        "id": 730,
        "type": "EDGE",
        "edgeType": "INVISIBLE"
      }
    },
    {
      "type": "Feature",
      "geometry": {
        "type": "LineString",
        "coordinates": [
          [
            -622.63,
            -307.48
          ],
          [
            -616.02,
            -310.93
          ]
        ]
      },
      "properties": {
        "id": 731,
        "type": "EDGE",
        "edgeType": "INVISIBLE"
      }
    },
    {
      "type": "Feature",
      "geometry": {
        "type": "LineString",
        "coordinates": [
          [
            -616.02,
            -310.93
          ],
          [
            -609.34,
            -312.9
          ]
        ]
      },
      "properties": {
        "id": 732,
        "type": "EDGE",
        "edgeType": "INVISIBLE"
      }
    },
    {
      "type": "Feature",
      "geometry": {
        "type": "LineString",
        "coordinates": [
          [
            -609.34,
            -312.9
          ],
          [
            -602.52,
            -311.23
          ]
        ]
      },
      "properties": {
        "id": 733,
        "type": "EDGE",
        "edgeType": "INVISIBLE"
      }
    },
    {
      "type": "Feature",
      "geometry": {
        "type": "LineString",
        "coordinates": [
          [
            -602.52,
            -311.23
          ],
          [
            -596.06,
            -307.64
          ]
        ]
      },
      "properties": {
        "id": 734,
        "type": "EDGE",
        "edgeType": "INVISIBLE"
      }
    },
    {
      "type": "Feature",
      "geometry": {
        "type": "LineString",
        "coordinates": [
          [
            -596.06,
            -307.64
          ],
          [
            -590.53,
            -303.46
          ]
        ]
      },
      "properties": {
        "id": 735,
        "type": "EDGE",
        "edgeType": "INVISIBLE"
      }
    },
    {
      "type": "Feature",
      "geometry": {
        "type": "LineString",
        "coordinates": [
          [
            -590.53,
            -303.46
          ],
          [
            -586.13,
            -298.28
          ]
        ]
      },
      "properties": {
        "id": 736,
        "type": "EDGE",
        "edgeType": "INVISIBLE"
      }
    },
    {
      "type": "Feature",
      "geometry": {
        "type": "LineString",
        "coordinates": [
          [
            -586.13,
            -298.28
          ],
          [
            -583.71,
            -291.71
          ]
        ]
      },
      "properties": {
        "id": 737,
        "type": "EDGE",
        "edgeType": "INVISIBLE"
      }
    },
    {
      "type": "Feature",
      "geometry": {
        "type": "LineString",
        "coordinates": [
          [
            -583.71,
            -291.71
          ],
          [
            -582.6,
            -284.57
          ]
        ]
      },
      "properties": {
        "id": 738,
        "type": "EDGE",
        "edgeType": "INVISIBLE"
      }
    },
    {
      "type": "Feature",
      "geometry": {
        "type": "LineString",
        "coordinates": [
          [
            -582.88,
            -269.27
          ],
          [
            -584.66,
            -267.68
          ]
        ]
      },
      "properties": {
        "id": 739,
        "type": "EDGE",
        "edgeType": "INVISIBLE"
      }
    },
    {
      "type": "Feature",
      "geometry": {
        "type": "LineString",
        "coordinates": [
          [
            -584.66,
            -267.68
          ],
          [
            -586.45,
            -266.09
          ]
        ]
      },
      "properties": {
        "id": 740,
        "type": "EDGE",
        "edgeType": "INVISIBLE"
      }
    },
    {
      "type": "Feature",
      "geometry": {
        "type": "LineString",
        "coordinates": [
          [
            -505.94,
            -209.01
          ],
          [
            -543.11,
            -175.56
          ]
        ]
      },
      "properties": {
        "id": 741,
        "type": "EDGE",
        "edgeType": "MAIN_ROAD"
      }
    },
    {
      "type": "Feature",
      "geometry": {
        "type": "LineString",
        "coordinates": [
          [
            -543.11,
            -175.56
          ],
          [
            -580.27,
            -142.11
          ]
        ]
      },
      "properties": {
        "id": 742,
        "type": "EDGE",
        "edgeType": "MAIN_ROAD"
      }
    },
    {
      "type": "Feature",
      "geometry": {
        "type": "LineString",
        "coordinates": [
          [
            -584.66,
            -267.68
          ],
          [
            -577.27,
            -252.54
          ]
        ]
      },
      "properties": {
        "id": 743,
        "type": "EDGE",
        "edgeType": "TRAIL"
      }
    },
    {
      "type": "Feature",
      "geometry": {
        "type": "LineString",
        "coordinates": [
          [
            -577.27,
            -252.54
          ],
          [
            -567.97,
            -238.25
          ]
        ]
      },
      "properties": {
        "id": 744,
        "type": "EDGE",
        "edgeType": "TRAIL"
      }
    },
    {
      "type": "Feature",
      "geometry": {
        "type": "LineString",
        "coordinates": [
          [
            -567.97,
            -238.25
          ],
          [
            -558.41,
            -224.09
          ]
        ]
      },
      "properties": {
        "id": 745,
        "type": "EDGE",
        "edgeType": "TRAIL"
      }
    },
    {
      "type": "Feature",
      "geometry": {
        "type": "LineString",
        "coordinates": [
          [
            -558.41,
            -224.09
          ],
          [
            -553.99,
            -207.61
          ]
        ]
      },
      "properties": {
        "id": 746,
        "type": "EDGE",
        "edgeType": "TRAIL"
      }
    },
    {
      "type": "Feature",
      "geometry": {
        "type": "LineString",
        "coordinates": [
          [
            -553.99,
            -207.61
          ],
          [
            -548.49,
            -191.61
          ]
        ]
      },
      "properties": {
        "id": 747,
        "type": "EDGE",
        "edgeType": "TRAIL"
      }
    },
    {
      "type": "Feature",
      "geometry": {
        "type": "LineString",
        "coordinates": [
          [
            -548.49,
            -191.61
          ],
          [
            -543.11,
            -175.56
          ]
        ]
      },
      "properties": {
        "id": 748,
        "type": "EDGE",
        "edgeType": "TRAIL"
      }
    },
    {
      "type": "Feature",
      "geometry": {
        "type": "LineString",
        "coordinates": [
          [
            -133.37,
            -393.78
          ],
          [
            -147.34,
            -397.38
          ]
        ]
      },
      "properties": {
        "id": 749,
        "type": "EDGE",
        "edgeType": "INVISIBLE"
      }
    },
    {
      "type": "Feature",
      "geometry": {
        "type": "LineString",
        "coordinates": [
          [
            -152.72,
            -401.32
          ],
          [
            -152.87,
            -402.01
          ]
        ]
      },
      "properties": {
        "id": 750,
        "type": "EDGE",
        "edgeType": "INVISIBLE"
      }
    },
    {
      "type": "Feature",
      "geometry": {
        "type": "LineString",
        "coordinates": [
          [
            -152.87,
            -402.01
          ],
          [
            -153.53,
            -409.38
          ]
        ]
      },
      "properties": {
        "id": 751,
        "type": "EDGE",
        "edgeType": "INVISIBLE"
      }
    },
    {
      "type": "Feature",
      "geometry": {
        "type": "LineString",
        "coordinates": [
          [
            -153.53,
            -409.38
          ],
          [
            -153.31,
            -411.61
          ]
        ]
      },
      "properties": {
        "id": 752,
        "type": "EDGE",
        "edgeType": "INVISIBLE"
      }
    },
    {
      "type": "Feature",
      "geometry": {
        "type": "LineString",
        "coordinates": [
          [
            -153.31,
            -411.61
          ],
          [
            -152.76,
            -414.16
          ]
        ]
      },
      "properties": {
        "id": 753,
        "type": "EDGE",
        "edgeType": "INVISIBLE"
      }
    },
    {
      "type": "Feature",
      "geometry": {
        "type": "LineString",
        "coordinates": [
          [
            -152.76,
            -414.16
          ],
          [
            -151.72,
            -417.84
          ]
        ]
      },
      "properties": {
        "id": 754,
        "type": "EDGE",
        "edgeType": "INVISIBLE"
      }
    },
    {
      "type": "Feature",
      "geometry": {
        "type": "LineString",
        "coordinates": [
          [
            -151.72,
            -417.84
          ],
          [
            -148.92,
            -421.19
          ]
        ]
      },
      "properties": {
        "id": 755,
        "type": "EDGE",
        "edgeType": "INVISIBLE"
      }
    },
    {
      "type": "Feature",
      "geometry": {
        "type": "LineString",
        "coordinates": [
          [
            -148.92,
            -421.19
          ],
          [
            -148.11,
            -422.16
          ]
        ]
      },
      "properties": {
        "id": 756,
        "type": "EDGE",
        "edgeType": "INVISIBLE"
      }
    },
    {
      "type": "Feature",
      "geometry": {
        "type": "LineString",
        "coordinates": [
          [
            -148.11,
            -422.16
          ],
          [
            -146.73,
            -423.54
          ]
        ]
      },
      "properties": {
        "id": 757,
        "type": "EDGE",
        "edgeType": "INVISIBLE"
      }
    },
    {
      "type": "Feature",
      "geometry": {
        "type": "LineString",
        "coordinates": [
          [
            -146.73,
            -423.54
          ],
          [
            -145.12,
            -424.55
          ]
        ]
      },
      "properties": {
        "id": 758,
        "type": "EDGE",
        "edgeType": "INVISIBLE"
      }
    },
    {
      "type": "Feature",
      "geometry": {
        "type": "LineString",
        "coordinates": [
          [
            -145.12,
            -424.55
          ],
          [
            -142.45,
            -424.83
          ]
        ]
      },
      "properties": {
        "id": 759,
        "type": "EDGE",
        "edgeType": "INVISIBLE"
      }
    },
    {
      "type": "Feature",
      "geometry": {
        "type": "LineString",
        "coordinates": [
          [
            -142.45,
            -424.83
          ],
          [
            -141.31,
            -424.88
          ]
        ]
      },
      "properties": {
        "id": 760,
        "type": "EDGE",
        "edgeType": "INVISIBLE"
      }
    },
    {
      "type": "Feature",
      "geometry": {
        "type": "LineString",
        "coordinates": [
          [
            -141.31,
            -424.88
          ],
          [
            -135.36,
            -425.13
          ]
        ]
      },
      "properties": {
        "id": 761,
        "type": "EDGE",
        "edgeType": "INVISIBLE"
      }
    },
    {
      "type": "Feature",
      "geometry": {
        "type": "LineString",
        "coordinates": [
          [
            -135.36,
            -425.13
          ],
          [
            -130.54,
            -422.8
          ]
        ]
      },
      "properties": {
        "id": 762,
        "type": "EDGE",
        "edgeType": "INVISIBLE"
      }
    },
    {
      "type": "Feature",
      "geometry": {
        "type": "LineString",
        "coordinates": [
          [
            -130.54,
            -422.8
          ],
          [
            -127.11,
            -420.15
          ]
        ]
      },
      "properties": {
        "id": 763,
        "type": "EDGE",
        "edgeType": "INVISIBLE"
      }
    },
    {
      "type": "Feature",
      "geometry": {
        "type": "LineString",
        "coordinates": [
          [
            -127.11,
            -420.15
          ],
          [
            -120.9,
            -412.68
          ]
        ]
      },
      "properties": {
        "id": 764,
        "type": "EDGE",
        "edgeType": "INVISIBLE"
      }
    },
    {
      "type": "Feature",
      "geometry": {
        "type": "LineString",
        "coordinates": [
          [
            -120.9,
            -412.68
          ],
          [
            -118.81,
            -409.54
          ]
        ]
      },
      "properties": {
        "id": 765,
        "type": "EDGE",
        "edgeType": "INVISIBLE"
      }
    },
    {
      "type": "Feature",
      "geometry": {
        "type": "LineString",
        "coordinates": [
          [
            -118.81,
            -409.54
          ],
          [
            -117.59,
            -406.81
          ]
        ]
      },
      "properties": {
        "id": 766,
        "type": "EDGE",
        "edgeType": "INVISIBLE"
      }
    },
    {
      "type": "Feature",
      "geometry": {
        "type": "LineString",
        "coordinates": [
          [
            -117.59,
            -406.81
          ],
          [
            -117.17,
            -404.44
          ]
        ]
      },
      "properties": {
        "id": 767,
        "type": "EDGE",
        "edgeType": "INVISIBLE"
      }
    },
    {
      "type": "Feature",
      "geometry": {
        "type": "LineString",
        "coordinates": [
          [
            -117.17,
            -404.44
          ],
          [
            -116.91,
            -400.65
          ]
        ]
      },
      "properties": {
        "id": 768,
        "type": "EDGE",
        "edgeType": "INVISIBLE"
      }
    },
    {
      "type": "Feature",
      "geometry": {
        "type": "LineString",
        "coordinates": [
          [
            -116.91,
            -400.65
          ],
          [
            -119.79,
            -397.52
          ]
        ]
      },
      "properties": {
        "id": 769,
        "type": "EDGE",
        "edgeType": "INVISIBLE"
      }
    },
    {
      "type": "Feature",
      "geometry": {
        "type": "LineString",
        "coordinates": [
          [
            -119.79,
            -397.52
          ],
          [
            -127.07,
            -394.62
          ]
        ]
      },
      "properties": {
        "id": 770,
        "type": "EDGE",
        "edgeType": "INVISIBLE"
      }
    },
    {
      "type": "Feature",
      "geometry": {
        "type": "LineString",
        "coordinates": [
          [
            -127.07,
            -394.62
          ],
          [
            -133.37,
            -393.78
          ]
        ]
      },
      "properties": {
        "id": 771,
        "type": "EDGE",
        "edgeType": "INVISIBLE"
      }
    },
    {
      "type": "Feature",
      "geometry": {
        "type": "LineString",
        "coordinates": [
          [
            -147.34,
            -397.38
          ],
          [
            -150.03,
            -399.35
          ]
        ]
      },
      "properties": {
        "id": 772,
        "type": "EDGE",
        "edgeType": "INVISIBLE"
      }
    },
    {
      "type": "Feature",
      "geometry": {
        "type": "LineString",
        "coordinates": [
          [
            -150.03,
            -399.35
          ],
          [
            -152.72,
            -401.32
          ]
        ]
      },
      "properties": {
        "id": 773,
        "type": "EDGE",
        "edgeType": "INVISIBLE"
      }
    },
    {
      "type": "Feature",
      "geometry": {
        "type": "LineString",
        "coordinates": [
          [
            -253.47,
            -111.16
          ],
          [
            -285.74,
            -125.27
          ]
        ]
      },
      "properties": {
        "id": 774,
        "type": "EDGE",
        "edgeType": "MAIN_ROAD"
      }
    },
    {
      "type": "Feature",
      "geometry": {
        "type": "LineString",
        "coordinates": [
          [
            -285.74,
            -125.27
          ],
          [
            -318,
            -139.38
          ]
        ]
      },
      "properties": {
        "id": 775,
        "type": "EDGE",
        "edgeType": "MAIN_ROAD"
      }
    },
    {
      "type": "Feature",
      "geometry": {
        "type": "LineString",
        "coordinates": [
          [
            -150.03,
            -399.35
          ],
          [
            -156.43,
            -385.45
          ]
        ]
      },
      "properties": {
        "id": 776,
        "type": "EDGE",
        "edgeType": "INVISIBLE"
      }
    },
    {
      "type": "Feature",
      "geometry": {
        "type": "LineString",
        "coordinates": [
          [
            -156.43,
            -385.45
          ],
          [
            -162.42,
            -371.36
          ]
        ]
      },
      "properties": {
        "id": 777,
        "type": "EDGE",
        "edgeType": "INVISIBLE"
      }
    },
    {
      "type": "Feature",
      "geometry": {
        "type": "LineString",
        "coordinates": [
          [
            -162.42,
            -371.36
          ],
          [
            -168.66,
            -357.38
          ]
        ]
      },
      "properties": {
        "id": 778,
        "type": "EDGE",
        "edgeType": "INVISIBLE"
      }
    },
    {
      "type": "Feature",
      "geometry": {
        "type": "LineString",
        "coordinates": [
          [
            -168.66,
            -357.38
          ],
          [
            -175.62,
            -343.76
          ]
        ]
      },
      "properties": {
        "id": 779,
        "type": "EDGE",
        "edgeType": "INVISIBLE"
      }
    },
    {
      "type": "Feature",
      "geometry": {
        "type": "LineString",
        "coordinates": [
          [
            -175.62,
            -343.76
          ],
          [
            -182.96,
            -330.33
          ]
        ]
      },
      "properties": {
        "id": 780,
        "type": "EDGE",
        "edgeType": "INVISIBLE"
      }
    },
    {
      "type": "Feature",
      "geometry": {
        "type": "LineString",
        "coordinates": [
          [
            -182.96,
            -330.33
          ],
          [
            -189.62,
            -316.57
          ]
        ]
      },
      "properties": {
        "id": 781,
        "type": "EDGE",
        "edgeType": "INVISIBLE"
      }
    },
    {
      "type": "Feature",
      "geometry": {
        "type": "LineString",
        "coordinates": [
          [
            -189.62,
            -316.57
          ],
          [
            -195.28,
            -302.31
          ]
        ]
      },
      "properties": {
        "id": 782,
        "type": "EDGE",
        "edgeType": "INVISIBLE"
      }
    },
    {
      "type": "Feature",
      "geometry": {
        "type": "LineString",
        "coordinates": [
          [
            -195.28,
            -302.31
          ],
          [
            -199.96,
            -287.56
          ]
        ]
      },
      "properties": {
        "id": 783,
        "type": "EDGE",
        "edgeType": "INVISIBLE"
      }
    },
    {
      "type": "Feature",
      "geometry": {
        "type": "LineString",
        "coordinates": [
          [
            -199.96,
            -287.56
          ],
          [
            -204.01,
            -272.5
          ]
        ]
      },
      "properties": {
        "id": 784,
        "type": "EDGE",
        "edgeType": "INVISIBLE"
      }
    },
    {
      "type": "Feature",
      "geometry": {
        "type": "LineString",
        "coordinates": [
          [
            -204.01,
            -272.5
          ],
          [
            -209.22,
            -258.02
          ]
        ]
      },
      "properties": {
        "id": 785,
        "type": "EDGE",
        "edgeType": "INVISIBLE"
      }
    },
    {
      "type": "Feature",
      "geometry": {
        "type": "LineString",
        "coordinates": [
          [
            -209.22,
            -258.02
          ],
          [
            -216.12,
            -244.37
          ]
        ]
      },
      "properties": {
        "id": 786,
        "type": "EDGE",
        "edgeType": "INVISIBLE"
      }
    },
    {
      "type": "Feature",
      "geometry": {
        "type": "LineString",
        "coordinates": [
          [
            -216.12,
            -244.37
          ],
          [
            -222.44,
            -230.44
          ]
        ]
      },
      "properties": {
        "id": 787,
        "type": "EDGE",
        "edgeType": "INVISIBLE"
      }
    },
    {
      "type": "Feature",
      "geometry": {
        "type": "LineString",
        "coordinates": [
          [
            -222.44,
            -230.44
          ],
          [
            -227.96,
            -216.11
          ]
        ]
      },
      "properties": {
        "id": 788,
        "type": "EDGE",
        "edgeType": "INVISIBLE"
      }
    },
    {
      "type": "Feature",
      "geometry": {
        "type": "LineString",
        "coordinates": [
          [
            -227.96,
            -216.11
          ],
          [
            -237.52,
            -203.78
          ]
        ]
      },
      "properties": {
        "id": 789,
        "type": "EDGE",
        "edgeType": "INVISIBLE"
      }
    },
    {
      "type": "Feature",
      "geometry": {
        "type": "LineString",
        "coordinates": [
          [
            -237.52,
            -203.78
          ],
          [
            -251.78,
            -193.78
          ]
        ]
      },
      "properties": {
        "id": 790,
        "type": "EDGE",
        "edgeType": "INVISIBLE"
      }
    },
    {
      "type": "Feature",
      "geometry": {
        "type": "LineString",
        "coordinates": [
          [
            -251.78,
            -193.78
          ],
          [
            -262.17,
            -181.85
          ]
        ]
      },
      "properties": {
        "id": 791,
        "type": "EDGE",
        "edgeType": "INVISIBLE"
      }
    },
    {
      "type": "Feature",
      "geometry": {
        "type": "LineString",
        "coordinates": [
          [
            -262.17,
            -181.85
          ],
          [
            -268.14,
            -167.75
          ]
        ]
      },
      "properties": {
        "id": 792,
        "type": "EDGE",
        "edgeType": "INVISIBLE"
      }
    },
    {
      "type": "Feature",
      "geometry": {
        "type": "LineString",
        "coordinates": [
          [
            -268.14,
            -167.75
          ],
          [
            -273.39,
            -153.28
          ]
        ]
      },
      "properties": {
        "id": 793,
        "type": "EDGE",
        "edgeType": "INVISIBLE"
      }
    },
    {
      "type": "Feature",
      "geometry": {
        "type": "LineString",
        "coordinates": [
          [
            -273.39,
            -153.28
          ],
          [
            -278.98,
            -138.99
          ]
        ]
      },
      "properties": {
        "id": 794,
        "type": "EDGE",
        "edgeType": "INVISIBLE"
      }
    },
    {
      "type": "Feature",
      "geometry": {
        "type": "LineString",
        "coordinates": [
          [
            -278.98,
            -138.99
          ],
          [
            -285.74,
            -125.27
          ]
        ]
      },
      "properties": {
        "id": 795,
        "type": "EDGE",
        "edgeType": "INVISIBLE"
      }
    },
    {
      "type": "Feature",
      "geometry": {
        "type": "LineString",
        "coordinates": [
          [
            -897.62,
            329.24
          ],
          [
            -909.32,
            323.84
          ]
        ]
      },
      "properties": {
        "id": 796,
        "type": "EDGE",
        "edgeType": "INVISIBLE"
      }
    },
    {
      "type": "Feature",
      "geometry": {
        "type": "LineString",
        "coordinates": [
          [
            -909.32,
            323.84
          ],
          [
            -921.75,
            307.36
          ]
        ]
      },
      "properties": {
        "id": 797,
        "type": "EDGE",
        "edgeType": "INVISIBLE"
      }
    },
    {
      "type": "Feature",
      "geometry": {
        "type": "LineString",
        "coordinates": [
          [
            -921.75,
            307.36
          ],
          [
            -930.96,
            284.07
          ]
        ]
      },
      "properties": {
        "id": 798,
        "type": "EDGE",
        "edgeType": "INVISIBLE"
      }
    },
    {
      "type": "Feature",
      "geometry": {
        "type": "LineString",
        "coordinates": [
          [
            -930.96,
            284.07
          ],
          [
            -931.94,
            262.33
          ]
        ]
      },
      "properties": {
        "id": 799,
        "type": "EDGE",
        "edgeType": "INVISIBLE"
      }
    },
    {
      "type": "Feature",
      "geometry": {
        "type": "LineString",
        "coordinates": [
          [
            -931.94,
            262.33
          ],
          [
            -921.22,
            245.69
          ]
        ]
      },
      "properties": {
        "id": 800,
        "type": "EDGE",
        "edgeType": "INVISIBLE"
      }
    },
    {
      "type": "Feature",
      "geometry": {
        "type": "LineString",
        "coordinates": [
          [
            -906.87,
            235.06
          ],
          [
            -888.26,
            237.88
          ]
        ]
      },
      "properties": {
        "id": 801,
        "type": "EDGE",
        "edgeType": "INVISIBLE"
      }
    },
    {
      "type": "Feature",
      "geometry": {
        "type": "LineString",
        "coordinates": [
          [
            -888.26,
            237.88
          ],
          [
            -872.43,
            250.66
          ]
        ]
      },
      "properties": {
        "id": 802,
        "type": "EDGE",
        "edgeType": "INVISIBLE"
      }
    },
    {
      "type": "Feature",
      "geometry": {
        "type": "LineString",
        "coordinates": [
          [
            -872.43,
            250.66
          ],
          [
            -860.44,
            265.02
          ]
        ]
      },
      "properties": {
        "id": 803,
        "type": "EDGE",
        "edgeType": "INVISIBLE"
      }
    },
    {
      "type": "Feature",
      "geometry": {
        "type": "LineString",
        "coordinates": [
          [
            -860.44,
            265.02
          ],
          [
            -861.41,
            283.58
          ]
        ]
      },
      "properties": {
        "id": 804,
        "type": "EDGE",
        "edgeType": "INVISIBLE"
      }
    },
    {
      "type": "Feature",
      "geometry": {
        "type": "LineString",
        "coordinates": [
          [
            -861.41,
            283.58
          ],
          [
            -865.94,
            301.69
          ]
        ]
      },
      "properties": {
        "id": 805,
        "type": "EDGE",
        "edgeType": "INVISIBLE"
      }
    },
    {
      "type": "Feature",
      "geometry": {
        "type": "LineString",
        "coordinates": [
          [
            -865.94,
            301.69
          ],
          [
            -872.12,
            315.35
          ]
        ]
      },
      "properties": {
        "id": 806,
        "type": "EDGE",
        "edgeType": "INVISIBLE"
      }
    },
    {
      "type": "Feature",
      "geometry": {
        "type": "LineString",
        "coordinates": [
          [
            -872.12,
            315.35
          ],
          [
            -883.75,
            324.11
          ]
        ]
      },
      "properties": {
        "id": 807,
        "type": "EDGE",
        "edgeType": "INVISIBLE"
      }
    },
    {
      "type": "Feature",
      "geometry": {
        "type": "LineString",
        "coordinates": [
          [
            -883.75,
            324.11
          ],
          [
            -897.62,
            329.24
          ]
        ]
      },
      "properties": {
        "id": 808,
        "type": "EDGE",
        "edgeType": "INVISIBLE"
      }
    },
    {
      "type": "Feature",
      "geometry": {
        "type": "LineString",
        "coordinates": [
          [
            -921.22,
            245.69
          ],
          [
            -914.05,
            240.37
          ]
        ]
      },
      "properties": {
        "id": 809,
        "type": "EDGE",
        "edgeType": "INVISIBLE"
      }
    },
    {
      "type": "Feature",
      "geometry": {
        "type": "LineString",
        "coordinates": [
          [
            -914.05,
            240.37
          ],
          [
            -906.87,
            235.06
          ]
        ]
      },
      "properties": {
        "id": 810,
        "type": "EDGE",
        "edgeType": "INVISIBLE"
      }
    },
    {
      "type": "Feature",
      "geometry": {
        "type": "LineString",
        "coordinates": [
          [
            -887.96,
            112.31
          ],
          [
            -931.4,
            137.08
          ]
        ]
      },
      "properties": {
        "id": 811,
        "type": "EDGE",
        "edgeType": "MAIN_ROAD"
      }
    },
    {
      "type": "Feature",
      "geometry": {
        "type": "LineString",
        "coordinates": [
          [
            -931.4,
            137.08
          ],
          [
            -974.83,
            161.85
          ]
        ]
      },
      "properties": {
        "id": 812,
        "type": "EDGE",
        "edgeType": "MAIN_ROAD"
      }
    },
    {
      "type": "Feature",
      "geometry": {
        "type": "LineString",
        "coordinates": [
          [
            -914.05,
            240.37
          ],
          [
            -918.34,
            223.39
          ]
        ]
      },
      "properties": {
        "id": 813,
        "type": "EDGE",
        "edgeType": "TRAIL"
      }
    },
    {
      "type": "Feature",
      "geometry": {
        "type": "LineString",
        "coordinates": [
          [
            -918.34,
            223.39
          ],
          [
            -925.43,
            206.88
          ]
        ]
      },
      "properties": {
        "id": 814,
        "type": "EDGE",
        "edgeType": "TRAIL"
      }
    },
    {
      "type": "Feature",
      "geometry": {
        "type": "LineString",
        "coordinates": [
          [
            -925.43,
            206.88
          ],
          [
            -931.85,
            190.26
          ]
        ]
      },
      "properties": {
        "id": 815,
        "type": "EDGE",
        "edgeType": "TRAIL"
      }
    },
    {
      "type": "Feature",
      "geometry": {
        "type": "LineString",
        "coordinates": [
          [
            -931.85,
            190.26
          ],
          [
            -930.93,
            172.4
          ]
        ]
      },
      "properties": {
        "id": 816,
        "type": "EDGE",
        "edgeType": "TRAIL"
      }
    },
    {
      "type": "Feature",
      "geometry": {
        "type": "LineString",
        "coordinates": [
          [
            -930.93,
            172.4
          ],
          [
            -931.1,
            154.73
          ]
        ]
      },
      "properties": {
        "id": 817,
        "type": "EDGE",
        "edgeType": "TRAIL"
      }
    },
    {
      "type": "Feature",
      "geometry": {
        "type": "LineString",
        "coordinates": [
          [
            -931.1,
            154.73
          ],
          [
            -931.4,
            137.08
          ]
        ]
      },
      "properties": {
        "id": 818,
        "type": "EDGE",
        "edgeType": "TRAIL"
      }
    },
    {
      "type": "Feature",
      "geometry": {
        "type": "LineString",
        "coordinates": [
          [
            -899.08,
            -238.21
          ],
          [
            -913.19,
            -238.62
          ]
        ]
      },
      "properties": {
        "id": 819,
        "type": "EDGE",
        "edgeType": "INVISIBLE"
      }
    },
    {
      "type": "Feature",
      "geometry": {
        "type": "LineString",
        "coordinates": [
          [
            -913.19,
            -238.62
          ],
          [
            -932.92,
            -247.93
          ]
        ]
      },
      "properties": {
        "id": 820,
        "type": "EDGE",
        "edgeType": "INVISIBLE"
      }
    },
    {
      "type": "Feature",
      "geometry": {
        "type": "LineString",
        "coordinates": [
          [
            -932.92,
            -247.93
          ],
          [
            -955.02,
            -260.49
          ]
        ]
      },
      "properties": {
        "id": 821,
        "type": "EDGE",
        "edgeType": "INVISIBLE"
      }
    },
    {
      "type": "Feature",
      "geometry": {
        "type": "LineString",
        "coordinates": [
          [
            -955.02,
            -260.49
          ],
          [
            -974.2,
            -276.36
          ]
        ]
      },
      "properties": {
        "id": 822,
        "type": "EDGE",
        "edgeType": "INVISIBLE"
      }
    },
    {
      "type": "Feature",
      "geometry": {
        "type": "LineString",
        "coordinates": [
          [
            -974.2,
            -276.36
          ],
          [
            -991.43,
            -306.46
          ]
        ]
      },
      "properties": {
        "id": 823,
        "type": "EDGE",
        "edgeType": "INVISIBLE"
      }
    },
    {
      "type": "Feature",
      "geometry": {
        "type": "LineString",
        "coordinates": [
          [
            -980.27,
            -336.33
          ],
          [
            -955.79,
            -350.25
          ]
        ]
      },
      "properties": {
        "id": 824,
        "type": "EDGE",
        "edgeType": "INVISIBLE"
      }
    },
    {
      "type": "Feature",
      "geometry": {
        "type": "LineString",
        "coordinates": [
          [
            -955.79,
            -350.25
          ],
          [
            -928.01,
            -358.77
          ]
        ]
      },
      "properties": {
        "id": 825,
        "type": "EDGE",
        "edgeType": "INVISIBLE"
      }
    },
    {
      "type": "Feature",
      "geometry": {
        "type": "LineString",
        "coordinates": [
          [
            -928.01,
            -358.77
          ],
          [
            -897.58,
            -362.62
          ]
        ]
      },
      "properties": {
        "id": 826,
        "type": "EDGE",
        "edgeType": "INVISIBLE"
      }
    },
    {
      "type": "Feature",
      "geometry": {
        "type": "LineString",
        "coordinates": [
          [
            -897.58,
            -362.62
          ],
          [
            -864.17,
            -349.18
          ]
        ]
      },
      "properties": {
        "id": 827,
        "type": "EDGE",
        "edgeType": "INVISIBLE"
      }
    },
    {
      "type": "Feature",
      "geometry": {
        "type": "LineString",
        "coordinates": [
          [
            -864.17,
            -349.18
          ],
          [
            -857.62,
            -324.12
          ]
        ]
      },
      "properties": {
        "id": 828,
        "type": "EDGE",
        "edgeType": "INVISIBLE"
      }
    },
    {
      "type": "Feature",
      "geometry": {
        "type": "LineString",
        "coordinates": [
          [
            -857.62,
            -324.12
          ],
          [
            -860.57,
            -301.42
          ]
        ]
      },
      "properties": {
        "id": 829,
        "type": "EDGE",
        "edgeType": "INVISIBLE"
      }
    },
    {
      "type": "Feature",
      "geometry": {
        "type": "LineString",
        "coordinates": [
          [
            -860.57,
            -301.42
          ],
          [
            -866.25,
            -280.33
          ]
        ]
      },
      "properties": {
        "id": 830,
        "type": "EDGE",
        "edgeType": "INVISIBLE"
      }
    },
    {
      "type": "Feature",
      "geometry": {
        "type": "LineString",
        "coordinates": [
          [
            -866.25,
            -280.33
          ],
          [
            -872.24,
            -260.58
          ]
        ]
      },
      "properties": {
        "id": 831,
        "type": "EDGE",
        "edgeType": "INVISIBLE"
      }
    },
    {
      "type": "Feature",
      "geometry": {
        "type": "LineString",
        "coordinates": [
          [
            -872.24,
            -260.58
          ],
          [
            -884.05,
            -243.89
          ]
        ]
      },
      "properties": {
        "id": 832,
        "type": "EDGE",
        "edgeType": "INVISIBLE"
      }
    },
    {
      "type": "Feature",
      "geometry": {
        "type": "LineString",
        "coordinates": [
          [
            -884.05,
            -243.89
          ],
          [
            -899.08,
            -238.21
          ]
        ]
      },
      "properties": {
        "id": 833,
        "type": "EDGE",
        "edgeType": "INVISIBLE"
      }
    },
    {
      "type": "Feature",
      "geometry": {
        "type": "LineString",
        "coordinates": [
          [
            -991.43,
            -306.46
          ],
          [
            -985.85,
            -321.39
          ]
        ]
      },
      "properties": {
        "id": 834,
        "type": "EDGE",
        "edgeType": "INVISIBLE"
      }
    },
    {
      "type": "Feature",
      "geometry": {
        "type": "LineString",
        "coordinates": [
          [
            -985.85,
            -321.39
          ],
          [
            -980.27,
            -336.33
          ]
        ]
      },
      "properties": {
        "id": 835,
        "type": "EDGE",
        "edgeType": "INVISIBLE"
      }
    },
    {
      "type": "Feature",
      "geometry": {
        "type": "LineString",
        "coordinates": [
          [
            -1000,
            -415.03
          ],
          [
            -1000,
            -325.16
          ]
        ]
      },
      "properties": {
        "id": 836,
        "type": "EDGE",
        "edgeType": "BORDER"
      }
    },
    {
      "type": "Feature",
      "geometry": {
        "type": "LineString",
        "coordinates": [
          [
            -1000,
            -325.16
          ],
          [
            -1000,
            169.94
          ]
        ]
      },
      "properties": {
        "id": 837,
        "type": "EDGE",
        "edgeType": "BORDER"
      }
    },
    {
      "type": "Feature",
      "geometry": {
        "type": "LineString",
        "coordinates": [
          [
            -985.85,
            -321.39
          ],
          [
            -1000,
            -325.16
          ]
        ]
      },
      "properties": {
        "id": 838,
        "type": "EDGE",
        "edgeType": "INVISIBLE"
      }
    },
    {
      "type": "Feature",
      "geometry": {
        "type": "LineString",
        "coordinates": [
          [
            -162.42,
            -371.36
          ],
          [
            -89.08,
            -339.4
          ]
        ]
      },
      "properties": {
        "id": 839,
        "type": "EDGE",
        "edgeType": "INVISIBLE"
      }
    },
    {
      "type": "Feature",
      "geometry": {
        "type": "LineString",
        "coordinates": [
          [
            5.46,
            -306.81
          ],
          [
            74.58,
            -280.23
          ]
        ]
      },
      "properties": {
        "id": 840,
        "type": "EDGE",
        "edgeType": "INVISIBLE"
      }
    },
    {
      "type": "Feature",
      "geometry": {
        "type": "LineString",
        "coordinates": [
          [
            -120.9,
            -412.68
          ],
          [
            -56.76,
            -460.49
          ]
        ]
      },
      "properties": {
        "id": 841,
        "type": "EDGE",
        "edgeType": "INVISIBLE"
      }
    },
    {
      "type": "Feature",
      "geometry": {
        "type": "LineString",
        "coordinates": [
          [
            -56.76,
            -460.49
          ],
          [
            19.32,
            -525.39
          ]
        ]
      },
      "properties": {
        "id": 842,
        "type": "EDGE",
        "edgeType": "INVISIBLE"
      }
    },
    {
      "type": "Feature",
      "geometry": {
        "type": "LineString",
        "coordinates": [
          [
            19.32,
            -525.39
          ],
          [
            89.81,
            -596.32
          ]
        ]
      },
      "properties": {
        "id": 843,
        "type": "EDGE",
        "edgeType": "INVISIBLE"
      }
    },
    {
      "type": "Feature",
      "geometry": {
        "type": "LineString",
        "coordinates": [
          [
            89.81,
            -596.32
          ],
          [
            165.08,
            -662.16
          ]
        ]
      },
      "properties": {
        "id": 844,
        "type": "EDGE",
        "edgeType": "INVISIBLE"
      }
    },
    {
      "type": "Feature",
      "geometry": {
        "type": "LineString",
        "coordinates": [
          [
            165.08,
            -662.16
          ],
          [
            237.96,
            -730.64
          ]
        ]
      },
      "properties": {
        "id": 845,
        "type": "EDGE",
        "edgeType": "INVISIBLE"
      }
    },
    {
      "type": "Feature",
      "geometry": {
        "type": "LineString",
        "coordinates": [
          [
            237.96,
            -730.64
          ],
          [
            309.94,
            -800.05
          ]
        ]
      },
      "properties": {
        "id": 846,
        "type": "EDGE",
        "edgeType": "INVISIBLE"
      }
    },
    {
      "type": "Feature",
      "geometry": {
        "type": "LineString",
        "coordinates": [
          [
            309.94,
            -800.05
          ],
          [
            387.07,
            -863.7
          ]
        ]
      },
      "properties": {
        "id": 847,
        "type": "EDGE",
        "edgeType": "INVISIBLE"
      }
    },
    {
      "type": "Feature",
      "geometry": {
        "type": "LineString",
        "coordinates": [
          [
            387.07,
            -863.7
          ],
          [
            463.82,
            -927.8
          ]
        ]
      },
      "properties": {
        "id": 848,
        "type": "EDGE",
        "edgeType": "INVISIBLE"
      }
    },
    {
      "type": "Feature",
      "geometry": {
        "type": "LineString",
        "coordinates": [
          [
            536.53,
            -1000
          ],
          [
            -721.05,
            -1000
          ]
        ]
      },
      "properties": {
        "id": 849,
        "type": "EDGE",
        "edgeType": "BORDER"
      }
    },
    {
      "type": "Feature",
      "geometry": {
        "type": "LineString",
        "coordinates": [
          [
            463.82,
            -927.8
          ],
          [
            536.53,
            -1000
          ]
        ]
      },
      "properties": {
        "id": 850,
        "type": "EDGE",
        "edgeType": "INVISIBLE"
      }
    },
    {
      "type": "Feature",
      "geometry": {
        "type": "LineString",
        "coordinates": [
          [
            190.66,
            -250.59
          ],
          [
            235.54,
            -316.82
          ]
        ]
      },
      "properties": {
        "id": 851,
        "type": "EDGE",
        "edgeType": "INVISIBLE"
      }
    },
    {
      "type": "Feature",
      "geometry": {
        "type": "LineString",
        "coordinates": [
          [
            235.54,
            -316.82
          ],
          [
            292.17,
            -399.23
          ]
        ]
      },
      "properties": {
        "id": 852,
        "type": "EDGE",
        "edgeType": "INVISIBLE"
      }
    },
    {
      "type": "Feature",
      "geometry": {
        "type": "LineString",
        "coordinates": [
          [
            292.17,
            -399.23
          ],
          [
            351.19,
            -479.96
          ]
        ]
      },
      "properties": {
        "id": 853,
        "type": "EDGE",
        "edgeType": "INVISIBLE"
      }
    },
    {
      "type": "Feature",
      "geometry": {
        "type": "LineString",
        "coordinates": [
          [
            351.19,
            -479.96
          ],
          [
            410.75,
            -560.29
          ]
        ]
      },
      "properties": {
        "id": 854,
        "type": "EDGE",
        "edgeType": "INVISIBLE"
      }
    },
    {
      "type": "Feature",
      "geometry": {
        "type": "LineString",
        "coordinates": [
          [
            471.08,
            -640.04
          ],
          [
            528.17,
            -722.14
          ]
        ]
      },
      "properties": {
        "id": 855,
        "type": "EDGE",
        "edgeType": "INVISIBLE"
      }
    },
    {
      "type": "Feature",
      "geometry": {
        "type": "LineString",
        "coordinates": [
          [
            528.17,
            -722.14
          ],
          [
            579.77,
            -807.8
          ]
        ]
      },
      "properties": {
        "id": 856,
        "type": "EDGE",
        "edgeType": "INVISIBLE"
      }
    },
    {
      "type": "Feature",
      "geometry": {
        "type": "LineString",
        "coordinates": [
          [
            579.77,
            -807.8
          ],
          [
            632.37,
            -892.85
          ]
        ]
      },
      "properties": {
        "id": 857,
        "type": "EDGE",
        "edgeType": "INVISIBLE"
      }
    },
    {
      "type": "Feature",
      "geometry": {
        "type": "LineString",
        "coordinates": [
          [
            632.37,
            -892.85
          ],
          [
            679.37,
            -981.12
          ]
        ]
      },
      "properties": {
        "id": 858,
        "type": "EDGE",
        "edgeType": "INVISIBLE"
      }
    },
    {
      "type": "Feature",
      "geometry": {
        "type": "LineString",
        "coordinates": [
          [
            1000,
            -1000
          ],
          [
            688.16,
            -1000
          ]
        ]
      },
      "properties": {
        "id": 859,
        "type": "EDGE",
        "edgeType": "BORDER"
      }
    },
    {
      "type": "Feature",
      "geometry": {
        "type": "LineString",
        "coordinates": [
          [
            688.16,
            -1000
          ],
          [
            536.53,
            -1000
          ]
        ]
      },
      "properties": {
        "id": 860,
        "type": "EDGE",
        "edgeType": "BORDER"
      }
    },
    {
      "type": "Feature",
      "geometry": {
        "type": "LineString",
        "coordinates": [
          [
            679.37,
            -981.12
          ],
          [
            688.16,
            -1000
          ]
        ]
      },
      "properties": {
        "id": 861,
        "type": "EDGE",
        "edgeType": "INVISIBLE"
      }
    },
    {
      "type": "Feature",
      "geometry": {
        "type": "LineString",
        "coordinates": [
          [
            656.28,
            21.37
          ],
          [
            634.67,
            -55.66
          ]
        ]
      },
      "properties": {
        "id": 862,
        "type": "EDGE",
        "edgeType": "INVISIBLE"
      }
    },
    {
      "type": "Feature",
      "geometry": {
        "type": "LineString",
        "coordinates": [
          [
            634.67,
            -55.66
          ],
          [
            602.22,
            -150.25
          ]
        ]
      },
      "properties": {
        "id": 863,
        "type": "EDGE",
        "edgeType": "INVISIBLE"
      }
    },
    {
      "type": "Feature",
      "geometry": {
        "type": "LineString",
        "coordinates": [
          [
            602.22,
            -150.25
          ],
          [
            575.49,
            -246.61
          ]
        ]
      },
      "properties": {
        "id": 864,
        "type": "EDGE",
        "edgeType": "INVISIBLE"
      }
    },
    {
      "type": "Feature",
      "geometry": {
        "type": "LineString",
        "coordinates": [
          [
            575.49,
            -246.61
          ],
          [
            552.36,
            -343.9
          ]
        ]
      },
      "properties": {
        "id": 865,
        "type": "EDGE",
        "edgeType": "INVISIBLE"
      }
    },
    {
      "type": "Feature",
      "geometry": {
        "type": "LineString",
        "coordinates": [
          [
            552.36,
            -343.9
          ],
          [
            521.61,
            -439.06
          ]
        ]
      },
      "properties": {
        "id": 866,
        "type": "EDGE",
        "edgeType": "INVISIBLE"
      }
    },
    {
      "type": "Feature",
      "geometry": {
        "type": "LineString",
        "coordinates": [
          [
            410.75,
            -560.29
          ],
          [
            461.84,
            -627.82
          ]
        ]
      },
      "properties": {
        "id": 867,
        "type": "EDGE",
        "edgeType": "INVISIBLE"
      }
    },
    {
      "type": "Feature",
      "geometry": {
        "type": "LineString",
        "coordinates": [
          [
            461.84,
            -627.82
          ],
          [
            471.08,
            -640.04
          ]
        ]
      },
      "properties": {
        "id": 868,
        "type": "EDGE",
        "edgeType": "INVISIBLE"
      }
    },
    {
      "type": "Feature",
      "geometry": {
        "type": "LineString",
        "coordinates": [
          [
            491.66,
            -534.47
          ],
          [
            461.84,
            -627.82
          ]
        ]
      },
      "properties": {
        "id": 869,
        "type": "EDGE",
        "edgeType": "INVISIBLE"
      }
    },
    {
      "type": "Feature",
      "geometry": {
        "type": "LineString",
        "coordinates": [
          [
            -543.11,
            -175.56
          ],
          [
            -530.64,
            -251.59
          ]
        ]
      },
      "properties": {
        "id": 870,
        "type": "EDGE",
        "edgeType": "INVISIBLE"
      }
    },
    {
      "type": "Feature",
      "geometry": {
        "type": "LineString",
        "coordinates": [
          [
            -899.08,
            -238.21
          ],
          [
            -885.84,
            -159.32
          ]
        ]
      },
      "properties": {
        "id": 871,
        "type": "EDGE",
        "edgeType": "INVISIBLE"
      }
    },
    {
      "type": "Feature",
      "geometry": {
        "type": "LineString",
        "coordinates": [
          [
            -885.84,
            -159.32
          ],
          [
            -867.45,
            -61.02
          ]
        ]
      },
      "properties": {
        "id": 872,
        "type": "EDGE",
        "edgeType": "INVISIBLE"
      }
    },
    {
      "type": "Feature",
      "geometry": {
        "type": "LineString",
        "coordinates": [
          [
            -867.45,
            -61.02
          ],
          [
            -854.72,
            38.17
          ]
        ]
      },
      "properties": {
        "id": 873,
        "type": "EDGE",
        "edgeType": "INVISIBLE"
      }
    },
    {
      "type": "Feature",
      "geometry": {
        "type": "LineString",
        "coordinates": [
          [
            -807.96,
            52.31
          ],
          [
            -849.74,
            83.64
          ]
        ]
      },
      "properties": {
        "id": 874,
        "type": "EDGE",
        "edgeType": "MAIN_ROAD"
      }
    },
    {
      "type": "Feature",
      "geometry": {
        "type": "LineString",
        "coordinates": [
          [
            -849.74,
            83.64
          ],
          [
            -887.96,
            112.31
          ]
        ]
      },
      "properties": {
        "id": 875,
        "type": "EDGE",
        "edgeType": "MAIN_ROAD"
      }
    },
    {
      "type": "Feature",
      "geometry": {
        "type": "LineString",
        "coordinates": [
          [
            -854.72,
            38.17
          ],
          [
            -849.74,
            83.64
          ]
        ]
      },
      "properties": {
        "id": 876,
        "type": "EDGE",
        "edgeType": "INVISIBLE"
      }
    },
    {
      "type": "Feature",
      "geometry": {
        "type": "LineString",
        "coordinates": [
          [
            -88.04,
            55.5
          ],
          [
            -85.21,
            49.02
          ]
        ]
      },
      "properties": {
        "id": 877,
        "type": "EDGE",
        "edgeType": "INVISIBLE"
      }
    },
    {
      "type": "Feature",
      "geometry": {
        "type": "LineString",
        "coordinates": [
          [
            -85.21,
            49.02
          ],
          [
            -91.69,
            46.19
          ]
        ]
      },
      "properties": {
        "id": 878,
        "type": "EDGE",
        "edgeType": "INVISIBLE"
      }
    },
    {
      "type": "Feature",
      "geometry": {
        "type": "LineString",
        "coordinates": [
          [
            -91.69,
            46.19
          ],
          [
            -98.17,
            43.35
          ]
        ]
      },
      "properties": {
        "id": 879,
        "type": "EDGE",
        "edgeType": "INVISIBLE"
      }
    },
    {
      "type": "Feature",
      "geometry": {
        "type": "LineString",
        "coordinates": [
          [
            -98.17,
            43.35
          ],
          [
            -101,
            49.83
          ]
        ]
      },
      "properties": {
        "id": 880,
        "type": "EDGE",
        "edgeType": "INVISIBLE"
      }
    },
    {
      "type": "Feature",
      "geometry": {
        "type": "LineString",
        "coordinates": [
          [
            -101,
            49.83
          ],
          [
            -94.52,
            52.66
          ]
        ]
      },
      "properties": {
        "id": 881,
        "type": "EDGE",
        "edgeType": "INVISIBLE"
      }
    },
    {
      "type": "Feature",
      "geometry": {
        "type": "LineString",
        "coordinates": [
          [
            -94.52,
            52.66
          ],
          [
            -88.04,
            55.5
          ]
        ]
      },
      "properties": {
        "id": 882,
        "type": "EDGE",
        "edgeType": "INVISIBLE"
      }
    },
    {
      "type": "Feature",
      "geometry": {
        "type": "LineString",
        "coordinates": [
          [
            -91.69,
            46.19
          ],
          [
            -86.02,
            33.23
          ]
        ]
      },
      "properties": {
        "id": 883,
        "type": "EDGE",
        "edgeType": "SMALL_ROAD"
      }
    },
    {
      "type": "Feature",
      "geometry": {
        "type": "LineString",
        "coordinates": [
          [
            -86.02,
            33.23
          ],
          [
            -66.21,
            -14.85
          ]
        ]
      },
      "properties": {
        "id": 884,
        "type": "EDGE",
        "edgeType": "SMALL_ROAD"
      }
    },
    {
      "type": "Feature",
      "geometry": {
        "type": "LineString",
        "coordinates": [
          [
            -94.52,
            52.66
          ],
          [
            -90.27,
            76.66
          ]
        ]
      },
      "properties": {
        "id": 885,
        "type": "EDGE",
        "edgeType": "INVISIBLE"
      }
    },
    {
      "type": "Feature",
      "geometry": {
        "type": "LineString",
        "coordinates": [
          [
            -241.7,
            92.44
          ],
          [
            -238.87,
            85.96
          ]
        ]
      },
      "properties": {
        "id": 886,
        "type": "EDGE",
        "edgeType": "INVISIBLE"
      }
    },
    {
      "type": "Feature",
      "geometry": {
        "type": "LineString",
        "coordinates": [
          [
            -238.87,
            85.96
          ],
          [
            -245.34,
            83.12
          ]
        ]
      },
      "properties": {
        "id": 887,
        "type": "EDGE",
        "edgeType": "INVISIBLE"
      }
    },
    {
      "type": "Feature",
      "geometry": {
        "type": "LineString",
        "coordinates": [
          [
            -245.34,
            83.12
          ],
          [
            -251.82,
            80.29
          ]
        ]
      },
      "properties": {
        "id": 888,
        "type": "EDGE",
        "edgeType": "INVISIBLE"
      }
    },
    {
      "type": "Feature",
      "geometry": {
        "type": "LineString",
        "coordinates": [
          [
            -251.82,
            80.29
          ],
          [
            -254.66,
            86.77
          ]
        ]
      },
      "properties": {
        "id": 889,
        "type": "EDGE",
        "edgeType": "INVISIBLE"
      }
    },
    {
      "type": "Feature",
      "geometry": {
        "type": "LineString",
        "coordinates": [
          [
            -254.66,
            86.77
          ],
          [
            -248.18,
            89.6
          ]
        ]
      },
      "properties": {
        "id": 890,
        "type": "EDGE",
        "edgeType": "INVISIBLE"
      }
    },
    {
      "type": "Feature",
      "geometry": {
        "type": "LineString",
        "coordinates": [
          [
            -248.18,
            89.6
          ],
          [
            -241.7,
            92.44
          ]
        ]
      },
      "properties": {
        "id": 891,
        "type": "EDGE",
        "edgeType": "INVISIBLE"
      }
    },
    {
      "type": "Feature",
      "geometry": {
        "type": "LineString",
        "coordinates": [
          [
            -245.34,
            83.12
          ],
          [
            -239.68,
            70.17
          ]
        ]
      },
      "properties": {
        "id": 892,
        "type": "EDGE",
        "edgeType": "SMALL_ROAD"
      }
    },
    {
      "type": "Feature",
      "geometry": {
        "type": "LineString",
        "coordinates": [
          [
            -239.68,
            70.17
          ],
          [
            -214.02,
            25.44
          ]
        ]
      },
      "properties": {
        "id": 893,
        "type": "EDGE",
        "edgeType": "SMALL_ROAD"
      }
    },
    {
      "type": "Feature",
      "geometry": {
        "type": "LineString",
        "coordinates": [
          [
            -248.18,
            89.6
          ],
          [
            -253.84,
            102.56
          ]
        ]
      },
      "properties": {
        "id": 894,
        "type": "EDGE",
        "edgeType": "INVISIBLE"
      }
    },
    {
      "type": "Feature",
      "geometry": {
        "type": "LineString",
        "coordinates": [
          [
            -253.84,
            102.56
          ],
          [
            -273.96,
            148.34
          ]
        ]
      },
      "properties": {
        "id": 895,
        "type": "EDGE",
        "edgeType": "INVISIBLE"
      }
    },
    {
      "type": "Feature",
      "geometry": {
        "type": "LineString",
        "coordinates": [
          [
            -273.96,
            148.34
          ],
          [
            -291.94,
            194.99
          ]
        ]
      },
      "properties": {
        "id": 896,
        "type": "EDGE",
        "edgeType": "INVISIBLE"
      }
    },
    {
      "type": "Feature",
      "geometry": {
        "type": "LineString",
        "coordinates": [
          [
            -291.94,
            194.99
          ],
          [
            -318.29,
            249.24
          ]
        ]
      },
      "properties": {
        "id": 897,
        "type": "EDGE",
        "edgeType": "INVISIBLE"
      }
    },
    {
      "type": "Feature",
      "geometry": {
        "type": "LineString",
        "coordinates": [
          [
            -137.91,
            -268.3
          ],
          [
            -134.67,
            -266.88
          ]
        ]
      },
      "properties": {
        "id": 898,
        "type": "EDGE",
        "edgeType": "INVISIBLE"
      }
    },
    {
      "type": "Feature",
      "geometry": {
        "type": "LineString",
        "coordinates": [
          [
            -134.67,
            -266.88
          ],
          [
            -131.43,
            -265.46
          ]
        ]
      },
      "properties": {
        "id": 899,
        "type": "EDGE",
        "edgeType": "INVISIBLE"
      }
    },
    {
      "type": "Feature",
      "geometry": {
        "type": "LineString",
        "coordinates": [
          [
            -131.43,
            -265.46
          ],
          [
            -125.77,
            -278.42
          ]
        ]
      },
      "properties": {
        "id": 900,
        "type": "EDGE",
        "edgeType": "INVISIBLE"
      }
    },
    {
      "type": "Feature",
      "geometry": {
        "type": "LineString",
        "coordinates": [
          [
            -125.77,
            -278.42
          ],
          [
            -129.01,
            -279.84
          ]
        ]
      },
      "properties": {
        "id": 901,
        "type": "EDGE",
        "edgeType": "INVISIBLE"
      }
    },
    {
      "type": "Feature",
      "geometry": {
        "type": "LineString",
        "coordinates": [
          [
            -129.01,
            -279.84
          ],
          [
            -132.24,
            -281.25
          ]
        ]
      },
      "properties": {
        "id": 902,
        "type": "EDGE",
        "edgeType": "INVISIBLE"
      }
    },
    {
      "type": "Feature",
      "geometry": {
        "type": "LineString",
        "coordinates": [
          [
            -132.24,
            -281.25
          ],
          [
            -137.91,
            -268.3
          ]
        ]
      },
      "properties": {
        "id": 903,
        "type": "EDGE",
        "edgeType": "INVISIBLE"
      }
    },
    {
      "type": "Feature",
      "geometry": {
        "type": "LineString",
        "coordinates": [
          [
            -167.52,
            -242.43
          ],
          [
            -140.68,
            -253.15
          ]
        ]
      },
      "properties": {
        "id": 904,
        "type": "EDGE",
        "edgeType": "STONE_WALL"
      }
    },
    {
      "type": "Feature",
      "geometry": {
        "type": "LineString",
        "coordinates": [
          [
            -140.68,
            -253.15
          ],
          [
            -132.68,
            -256.34
          ]
        ]
      },
      "properties": {
        "id": 905,
        "type": "EDGE",
        "edgeType": "STONE_WALL"
      }
    },
    {
      "type": "Feature",
      "geometry": {
        "type": "LineString",
        "coordinates": [
          [
            -134.67,
            -266.88
          ],
          [
            -140.68,
            -253.15
          ]
        ]
      },
      "properties": {
        "id": 906,
        "type": "EDGE",
        "edgeType": "SMALL_ROAD"
      }
    },
    {
      "type": "Feature",
      "geometry": {
        "type": "LineString",
        "coordinates": [
          [
            -129.01,
            -279.84
          ],
          [
            -126.17,
            -286.32
          ]
        ]
      },
      "properties": {
        "id": 907,
        "type": "EDGE",
        "edgeType": "INVISIBLE"
      }
    },
    {
      "type": "Feature",
      "geometry": {
        "type": "LineString",
        "coordinates": [
          [
            -126.17,
            -286.32
          ],
          [
            -89.08,
            -339.4
          ]
        ]
      },
      "properties": {
        "id": 908,
        "type": "EDGE",
        "edgeType": "INVISIBLE"
      }
    },
    {
      "type": "Feature",
      "geometry": {
        "type": "LineString",
        "coordinates": [
          [
            429.02,
            -204.47
          ],
          [
            425.49,
            -204.74
          ]
        ]
      },
      "properties": {
        "id": 909,
        "type": "EDGE",
        "edgeType": "INVISIBLE"
      }
    },
    {
      "type": "Feature",
      "geometry": {
        "type": "LineString",
        "coordinates": [
          [
            425.49,
            -204.74
          ],
          [
            421.97,
            -205
          ]
        ]
      },
      "properties": {
        "id": 910,
        "type": "EDGE",
        "edgeType": "INVISIBLE"
      }
    },
    {
      "type": "Feature",
      "geometry": {
        "type": "LineString",
        "coordinates": [
          [
            421.97,
            -205
          ],
          [
            420.91,
            -190.9
          ]
        ]
      },
      "properties": {
        "id": 911,
        "type": "EDGE",
        "edgeType": "INVISIBLE"
      }
    },
    {
      "type": "Feature",
      "geometry": {
        "type": "LineString",
        "coordinates": [
          [
            420.91,
            -190.9
          ],
          [
            424.44,
            -190.63
          ]
        ]
      },
      "properties": {
        "id": 912,
        "type": "EDGE",
        "edgeType": "INVISIBLE"
      }
    },
    {
      "type": "Feature",
      "geometry": {
        "type": "LineString",
        "coordinates": [
          [
            424.44,
            -190.63
          ],
          [
            427.96,
            -190.37
          ]
        ]
      },
      "properties": {
        "id": 913,
        "type": "EDGE",
        "edgeType": "INVISIBLE"
      }
    },
    {
      "type": "Feature",
      "geometry": {
        "type": "LineString",
        "coordinates": [
          [
            427.96,
            -190.37
          ],
          [
            429.02,
            -204.47
          ]
        ]
      },
      "properties": {
        "id": 914,
        "type": "EDGE",
        "edgeType": "INVISIBLE"
      }
    },
    {
      "type": "Feature",
      "geometry": {
        "type": "LineString",
        "coordinates": [
          [
            425.49,
            -204.74
          ],
          [
            426.02,
            -211.79
          ]
        ]
      },
      "properties": {
        "id": 915,
        "type": "EDGE",
        "edgeType": "INVISIBLE"
      }
    },
    {
      "type": "Feature",
      "geometry": {
        "type": "LineString",
        "coordinates": [
          [
            426.02,
            -211.79
          ],
          [
            430.96,
            -261.54
          ]
        ]
      },
      "properties": {
        "id": 916,
        "type": "EDGE",
        "edgeType": "INVISIBLE"
      }
    },
    {
      "type": "Feature",
      "geometry": {
        "type": "LineString",
        "coordinates": [
          [
            430.96,
            -261.54
          ],
          [
            438.71,
            -310.94
          ]
        ]
      },
      "properties": {
        "id": 917,
        "type": "EDGE",
        "edgeType": "INVISIBLE"
      }
    },
    {
      "type": "Feature",
      "geometry": {
        "type": "LineString",
        "coordinates": [
          [
            438.71,
            -310.94
          ],
          [
            449.85,
            -359.68
          ]
        ]
      },
      "properties": {
        "id": 918,
        "type": "EDGE",
        "edgeType": "INVISIBLE"
      }
    },
    {
      "type": "Feature",
      "geometry": {
        "type": "LineString",
        "coordinates": [
          [
            449.85,
            -359.68
          ],
          [
            460.26,
            -408.59
          ]
        ]
      },
      "properties": {
        "id": 919,
        "type": "EDGE",
        "edgeType": "INVISIBLE"
      }
    },
    {
      "type": "Feature",
      "geometry": {
        "type": "LineString",
        "coordinates": [
          [
            460.26,
            -408.59
          ],
          [
            473.93,
            -456.68
          ]
        ]
      },
      "properties": {
        "id": 920,
        "type": "EDGE",
        "edgeType": "INVISIBLE"
      }
    },
    {
      "type": "Feature",
      "geometry": {
        "type": "LineString",
        "coordinates": [
          [
            473.93,
            -456.68
          ],
          [
            491.29,
            -503.57
          ]
        ]
      },
      "properties": {
        "id": 921,
        "type": "EDGE",
        "edgeType": "INVISIBLE"
      }
    },
    {
      "type": "Feature",
      "geometry": {
        "type": "LineString",
        "coordinates": [
          [
            521.61,
            -439.06
          ],
          [
            497.27,
            -516.61
          ]
        ]
      },
      "properties": {
        "id": 922,
        "type": "EDGE",
        "edgeType": "INVISIBLE"
      }
    },
    {
      "type": "Feature",
      "geometry": {
        "type": "LineString",
        "coordinates": [
          [
            497.27,
            -516.61
          ],
          [
            491.66,
            -534.47
          ]
        ]
      },
      "properties": {
        "id": 923,
        "type": "EDGE",
        "edgeType": "INVISIBLE"
      }
    },
    {
      "type": "Feature",
      "geometry": {
        "type": "LineString",
        "coordinates": [
          [
            491.29,
            -503.57
          ],
          [
            497.27,
            -516.61
          ]
        ]
      },
      "properties": {
        "id": 924,
        "type": "EDGE",
        "edgeType": "INVISIBLE"
      }
    },
    {
      "type": "Feature",
      "geometry": {
        "type": "LineString",
        "coordinates": [
          [
            424.44,
            -190.63
          ],
          [
            423.91,
            -183.58
          ]
        ]
      },
      "properties": {
        "id": 925,
        "type": "EDGE",
        "edgeType": "INVISIBLE"
      }
    },
    {
      "type": "Feature",
      "geometry": {
        "type": "LineString",
        "coordinates": [
          [
            423.91,
            -183.58
          ],
          [
            420.31,
            -133.71
          ]
        ]
      },
      "properties": {
        "id": 926,
        "type": "EDGE",
        "edgeType": "INVISIBLE"
      }
    },
    {
      "type": "Feature",
      "geometry": {
        "type": "LineString",
        "coordinates": [
          [
            420.31,
            -133.71
          ],
          [
            413.41,
            -84.19
          ]
        ]
      },
      "properties": {
        "id": 927,
        "type": "EDGE",
        "edgeType": "INVISIBLE"
      }
    },
    {
      "type": "Feature",
      "geometry": {
        "type": "LineString",
        "coordinates": [
          [
            413.41,
            -84.19
          ],
          [
            402.61,
            -35.37
          ]
        ]
      },
      "properties": {
        "id": 928,
        "type": "EDGE",
        "edgeType": "INVISIBLE"
      }
    },
    {
      "type": "Feature",
      "geometry": {
        "type": "LineString",
        "coordinates": [
          [
            402.61,
            -35.37
          ],
          [
            392.06,
            13.5
          ]
        ]
      },
      "properties": {
        "id": 929,
        "type": "EDGE",
        "edgeType": "INVISIBLE"
      }
    },
    {
      "type": "Feature",
      "geometry": {
        "type": "LineString",
        "coordinates": [
          [
            392.06,
            13.5
          ],
          [
            383.4,
            62.75
          ]
        ]
      },
      "properties": {
        "id": 930,
        "type": "EDGE",
        "edgeType": "INVISIBLE"
      }
    },
    {
      "type": "Feature",
      "geometry": {
        "type": "LineString",
        "coordinates": [
          [
            383.4,
            62.75
          ],
          [
            367.59,
            102.96
          ]
        ]
      },
      "properties": {
        "id": 931,
        "type": "EDGE",
        "edgeType": "INVISIBLE"
      }
    },
    {
      "type": "Feature",
      "geometry": {
        "type": "LineString",
        "coordinates": [
          [
            280.17,
            -599.87
          ],
          [
            277.95,
            -602.62
          ]
        ]
      },
      "properties": {
        "id": 932,
        "type": "EDGE",
        "edgeType": "INVISIBLE"
      }
    },
    {
      "type": "Feature",
      "geometry": {
        "type": "LineString",
        "coordinates": [
          [
            277.95,
            -602.62
          ],
          [
            275.74,
            -605.38
          ]
        ]
      },
      "properties": {
        "id": 933,
        "type": "EDGE",
        "edgeType": "INVISIBLE"
      }
    },
    {
      "type": "Feature",
      "geometry": {
        "type": "LineString",
        "coordinates": [
          [
            275.74,
            -605.38
          ],
          [
            264.71,
            -596.52
          ]
        ]
      },
      "properties": {
        "id": 934,
        "type": "EDGE",
        "edgeType": "INVISIBLE"
      }
    },
    {
      "type": "Feature",
      "geometry": {
        "type": "LineString",
        "coordinates": [
          [
            264.71,
            -596.52
          ],
          [
            266.93,
            -593.76
          ]
        ]
      },
      "properties": {
        "id": 935,
        "type": "EDGE",
        "edgeType": "INVISIBLE"
      }
    },
    {
      "type": "Feature",
      "geometry": {
        "type": "LineString",
        "coordinates": [
          [
            266.93,
            -593.76
          ],
          [
            269.14,
            -591.01
          ]
        ]
      },
      "properties": {
        "id": 936,
        "type": "EDGE",
        "edgeType": "INVISIBLE"
      }
    },
    {
      "type": "Feature",
      "geometry": {
        "type": "LineString",
        "coordinates": [
          [
            269.14,
            -591.01
          ],
          [
            280.17,
            -599.87
          ]
        ]
      },
      "properties": {
        "id": 937,
        "type": "EDGE",
        "edgeType": "INVISIBLE"
      }
    },
    {
      "type": "Feature",
      "geometry": {
        "type": "LineString",
        "coordinates": [
          [
            277.95,
            -602.62
          ],
          [
            283.46,
            -607.05
          ]
        ]
      },
      "properties": {
        "id": 938,
        "type": "EDGE",
        "edgeType": "INVISIBLE"
      }
    },
    {
      "type": "Feature",
      "geometry": {
        "type": "LineString",
        "coordinates": [
          [
            283.46,
            -607.05
          ],
          [
            320.42,
            -640.73
          ]
        ]
      },
      "properties": {
        "id": 939,
        "type": "EDGE",
        "edgeType": "INVISIBLE"
      }
    },
    {
      "type": "Feature",
      "geometry": {
        "type": "LineString",
        "coordinates": [
          [
            320.42,
            -640.73
          ],
          [
            356.44,
            -675.41
          ]
        ]
      },
      "properties": {
        "id": 940,
        "type": "EDGE",
        "edgeType": "INVISIBLE"
      }
    },
    {
      "type": "Feature",
      "geometry": {
        "type": "LineString",
        "coordinates": [
          [
            356.44,
            -675.41
          ],
          [
            395.33,
            -706.84
          ]
        ]
      },
      "properties": {
        "id": 941,
        "type": "EDGE",
        "edgeType": "INVISIBLE"
      }
    },
    {
      "type": "Feature",
      "geometry": {
        "type": "LineString",
        "coordinates": [
          [
            395.33,
            -706.84
          ],
          [
            434.5,
            -737.91
          ]
        ]
      },
      "properties": {
        "id": 942,
        "type": "EDGE",
        "edgeType": "INVISIBLE"
      }
    },
    {
      "type": "Feature",
      "geometry": {
        "type": "LineString",
        "coordinates": [
          [
            434.5,
            -737.91
          ],
          [
            471.61,
            -771.42
          ]
        ]
      },
      "properties": {
        "id": 943,
        "type": "EDGE",
        "edgeType": "INVISIBLE"
      }
    },
    {
      "type": "Feature",
      "geometry": {
        "type": "LineString",
        "coordinates": [
          [
            471.61,
            -771.42
          ],
          [
            506.77,
            -806.97
          ]
        ]
      },
      "properties": {
        "id": 944,
        "type": "EDGE",
        "edgeType": "INVISIBLE"
      }
    },
    {
      "type": "Feature",
      "geometry": {
        "type": "LineString",
        "coordinates": [
          [
            506.77,
            -806.97
          ],
          [
            539.01,
            -845.19
          ]
        ]
      },
      "properties": {
        "id": 945,
        "type": "EDGE",
        "edgeType": "INVISIBLE"
      }
    },
    {
      "type": "Feature",
      "geometry": {
        "type": "LineString",
        "coordinates": [
          [
            539.01,
            -845.19
          ],
          [
            573.26,
            -881.61
          ]
        ]
      },
      "properties": {
        "id": 946,
        "type": "EDGE",
        "edgeType": "INVISIBLE"
      }
    },
    {
      "type": "Feature",
      "geometry": {
        "type": "LineString",
        "coordinates": [
          [
            573.26,
            -881.61
          ],
          [
            605.88,
            -919.51
          ]
        ]
      },
      "properties": {
        "id": 947,
        "type": "EDGE",
        "edgeType": "INVISIBLE"
      }
    },
    {
      "type": "Feature",
      "geometry": {
        "type": "LineString",
        "coordinates": [
          [
            605.88,
            -919.51
          ],
          [
            641.21,
            -954.89
          ]
        ]
      },
      "properties": {
        "id": 948,
        "type": "EDGE",
        "edgeType": "INVISIBLE"
      }
    },
    {
      "type": "Feature",
      "geometry": {
        "type": "LineString",
        "coordinates": [
          [
            641.21,
            -954.89
          ],
          [
            688.16,
            -1000
          ]
        ]
      },
      "properties": {
        "id": 949,
        "type": "EDGE",
        "edgeType": "INVISIBLE"
      }
    },
    {
      "type": "Feature",
      "geometry": {
        "type": "LineString",
        "coordinates": [
          [
            266.93,
            -593.76
          ],
          [
            261.42,
            -589.33
          ]
        ]
      },
      "properties": {
        "id": 950,
        "type": "EDGE",
        "edgeType": "INVISIBLE"
      }
    },
    {
      "type": "Feature",
      "geometry": {
        "type": "LineString",
        "coordinates": [
          [
            261.42,
            -589.33
          ],
          [
            224.38,
            -555.75
          ]
        ]
      },
      "properties": {
        "id": 951,
        "type": "EDGE",
        "edgeType": "INVISIBLE"
      }
    },
    {
      "type": "Feature",
      "geometry": {
        "type": "LineString",
        "coordinates": [
          [
            224.38,
            -555.75
          ],
          [
            189.65,
            -519.77
          ]
        ]
      },
      "properties": {
        "id": 952,
        "type": "EDGE",
        "edgeType": "INVISIBLE"
      }
    },
    {
      "type": "Feature",
      "geometry": {
        "type": "LineString",
        "coordinates": [
          [
            189.65,
            -519.77
          ],
          [
            157.07,
            -481.85
          ]
        ]
      },
      "properties": {
        "id": 953,
        "type": "EDGE",
        "edgeType": "INVISIBLE"
      }
    },
    {
      "type": "Feature",
      "geometry": {
        "type": "LineString",
        "coordinates": [
          [
            157.07,
            -481.85
          ],
          [
            121.89,
            -446.32
          ]
        ]
      },
      "properties": {
        "id": 954,
        "type": "EDGE",
        "edgeType": "INVISIBLE"
      }
    },
    {
      "type": "Feature",
      "geometry": {
        "type": "LineString",
        "coordinates": [
          [
            121.89,
            -446.32
          ],
          [
            86.53,
            -410.97
          ]
        ]
      },
      "properties": {
        "id": 955,
        "type": "EDGE",
        "edgeType": "INVISIBLE"
      }
    },
    {
      "type": "Feature",
      "geometry": {
        "type": "LineString",
        "coordinates": [
          [
            86.53,
            -410.97
          ],
          [
            51.48,
            -375.31
          ]
        ]
      },
      "properties": {
        "id": 956,
        "type": "EDGE",
        "edgeType": "INVISIBLE"
      }
    },
    {
      "type": "Feature",
      "geometry": {
        "type": "LineString",
        "coordinates": [
          [
            51.48,
            -375.31
          ],
          [
            14.41,
            -341.76
          ]
        ]
      },
      "properties": {
        "id": 957,
        "type": "EDGE",
        "edgeType": "INVISIBLE"
      }
    },
    {
      "type": "Feature",
      "geometry": {
        "type": "LineString",
        "coordinates": [
          [
            -89.08,
            -339.4
          ],
          [
            -17.28,
            -314.65
          ]
        ]
      },
      "properties": {
        "id": 958,
        "type": "EDGE",
        "edgeType": "INVISIBLE"
      }
    },
    {
      "type": "Feature",
      "geometry": {
        "type": "LineString",
        "coordinates": [
          [
            -17.28,
            -314.65
          ],
          [
            5.46,
            -306.81
          ]
        ]
      },
      "properties": {
        "id": 959,
        "type": "EDGE",
        "edgeType": "INVISIBLE"
      }
    },
    {
      "type": "Feature",
      "geometry": {
        "type": "LineString",
        "coordinates": [
          [
            14.41,
            -341.76
          ],
          [
            -17.28,
            -314.65
          ]
        ]
      },
      "properties": {
        "id": 960,
        "type": "EDGE",
        "edgeType": "INVISIBLE"
      }
    },
    {
      "type": "Feature",
      "geometry": {
        "type": "LineString",
        "coordinates": [
          [
            -809.83,
            -475.69
          ],
          [
            -807.21,
            -478.06
          ]
        ]
      },
      "properties": {
        "id": 961,
        "type": "EDGE",
        "edgeType": "INVISIBLE"
      }
    },
    {
      "type": "Feature",
      "geometry": {
        "type": "LineString",
        "coordinates": [
          [
            -807.21,
            -478.06
          ],
          [
            -804.58,
            -480.42
          ]
        ]
      },
      "properties": {
        "id": 962,
        "type": "EDGE",
        "edgeType": "INVISIBLE"
      }
    },
    {
      "type": "Feature",
      "geometry": {
        "type": "LineString",
        "coordinates": [
          [
            -804.58,
            -480.42
          ],
          [
            -814.04,
            -490.94
          ]
        ]
      },
      "properties": {
        "id": 963,
        "type": "EDGE",
        "edgeType": "INVISIBLE"
      }
    },
    {
      "type": "Feature",
      "geometry": {
        "type": "LineString",
        "coordinates": [
          [
            -814.04,
            -490.94
          ],
          [
            -816.67,
            -488.57
          ]
        ]
      },
      "properties": {
        "id": 964,
        "type": "EDGE",
        "edgeType": "INVISIBLE"
      }
    },
    {
      "type": "Feature",
      "geometry": {
        "type": "LineString",
        "coordinates": [
          [
            -816.67,
            -488.57
          ],
          [
            -819.3,
            -486.21
          ]
        ]
      },
      "properties": {
        "id": 965,
        "type": "EDGE",
        "edgeType": "INVISIBLE"
      }
    },
    {
      "type": "Feature",
      "geometry": {
        "type": "LineString",
        "coordinates": [
          [
            -819.3,
            -486.21
          ],
          [
            -809.83,
            -475.69
          ]
        ]
      },
      "properties": {
        "id": 966,
        "type": "EDGE",
        "edgeType": "INVISIBLE"
      }
    },
    {
      "type": "Feature",
      "geometry": {
        "type": "LineString",
        "coordinates": [
          [
            -807.21,
            -478.06
          ],
          [
            -802.48,
            -472.8
          ]
        ]
      },
      "properties": {
        "id": 967,
        "type": "EDGE",
        "edgeType": "SMALL_ROAD"
      }
    },
    {
      "type": "Feature",
      "geometry": {
        "type": "LineString",
        "coordinates": [
          [
            -802.48,
            -472.8
          ],
          [
            -766.1,
            -438.5
          ]
        ]
      },
      "properties": {
        "id": 968,
        "type": "EDGE",
        "edgeType": "SMALL_ROAD"
      }
    },
    {
      "type": "Feature",
      "geometry": {
        "type": "LineString",
        "coordinates": [
          [
            -766.1,
            -438.5
          ],
          [
            -730.33,
            -403.57
          ]
        ]
      },
      "properties": {
        "id": 969,
        "type": "EDGE",
        "edgeType": "SMALL_ROAD"
      }
    },
    {
      "type": "Feature",
      "geometry": {
        "type": "LineString",
        "coordinates": [
          [
            -730.33,
            -403.57
          ],
          [
            -693.2,
            -370.08
          ]
        ]
      },
      "properties": {
        "id": 970,
        "type": "EDGE",
        "edgeType": "SMALL_ROAD"
      }
    },
    {
      "type": "Feature",
      "geometry": {
        "type": "LineString",
        "coordinates": [
          [
            -693.2,
            -370.08
          ],
          [
            -658.59,
            -333.99
          ]
        ]
      },
      "properties": {
        "id": 971,
        "type": "EDGE",
        "edgeType": "SMALL_ROAD"
      }
    },
    {
      "type": "Feature",
      "geometry": {
        "type": "LineString",
        "coordinates": [
          [
            -658.59,
            -333.99
          ],
          [
            -633.3,
            -303.35
          ]
        ]
      },
      "properties": {
        "id": 972,
        "type": "EDGE",
        "edgeType": "SMALL_ROAD"
      }
    },
    {
      "type": "Feature",
      "geometry": {
        "type": "LineString",
        "coordinates": [
          [
            -816.67,
            -488.57
          ],
          [
            -821.4,
            -493.83
          ]
        ]
      },
      "properties": {
        "id": 973,
        "type": "EDGE",
        "edgeType": "INVISIBLE"
      }
    },
    {
      "type": "Feature",
      "geometry": {
        "type": "LineString",
        "coordinates": [
          [
            -821.4,
            -493.83
          ],
          [
            -856.22,
            -529.71
          ]
        ]
      },
      "properties": {
        "id": 974,
        "type": "EDGE",
        "edgeType": "INVISIBLE"
      }
    },
    {
      "type": "Feature",
      "geometry": {
        "type": "LineString",
        "coordinates": [
          [
            -856.22,
            -529.71
          ],
          [
            -888.64,
            -567.78
          ]
        ]
      },
      "properties": {
        "id": 975,
        "type": "EDGE",
        "edgeType": "INVISIBLE"
      }
    },
    {
      "type": "Feature",
      "geometry": {
        "type": "LineString",
        "coordinates": [
          [
            -888.64,
            -567.78
          ],
          [
            -923.64,
            -603.48
          ]
        ]
      },
      "properties": {
        "id": 976,
        "type": "EDGE",
        "edgeType": "INVISIBLE"
      }
    },
    {
      "type": "Feature",
      "geometry": {
        "type": "LineString",
        "coordinates": [
          [
            -923.64,
            -603.48
          ],
          [
            -955.64,
            -641.9
          ]
        ]
      },
      "properties": {
        "id": 977,
        "type": "EDGE",
        "edgeType": "INVISIBLE"
      }
    },
    {
      "type": "Feature",
      "geometry": {
        "type": "LineString",
        "coordinates": [
          [
            -1000,
            -1000
          ],
          [
            -1000,
            -688.47
          ]
        ]
      },
      "properties": {
        "id": 978,
        "type": "EDGE",
        "edgeType": "BORDER"
      }
    },
    {
      "type": "Feature",
      "geometry": {
        "type": "LineString",
        "coordinates": [
          [
            -1000,
            -688.47
          ],
          [
            -1000,
            -415.03
          ]
        ]
      },
      "properties": {
        "id": 979,
        "type": "EDGE",
        "edgeType": "BORDER"
      }
    },
    {
      "type": "Feature",
      "geometry": {
        "type": "LineString",
        "coordinates": [
          [
            -955.64,
            -641.9
          ],
          [
            -1000,
            -688.47
          ]
        ]
      },
      "properties": {
        "id": 980,
        "type": "EDGE",
        "edgeType": "INVISIBLE"
      }
    },
    {
      "type": "Feature",
      "geometry": {
        "type": "LineString",
        "coordinates": [
          [
            -171.5,
            -205.09
          ],
          [
            -172.34,
            -201.75
          ]
        ]
      },
      "properties": {
        "id": 981,
        "type": "EDGE",
        "edgeType": "STONE_FENCE"
      }
    },
    {
      "type": "Feature",
      "geometry": {
        "type": "LineString",
        "coordinates": [
          [
            -172.34,
            -201.75
          ],
          [
            -171.07,
            -193
          ]
        ]
      },
      "properties": {
        "id": 982,
        "type": "EDGE",
        "edgeType": "STONE_FENCE"
      }
    },
    {
      "type": "Feature",
      "geometry": {
        "type": "LineString",
        "coordinates": [
          [
            -171.07,
            -193
          ],
          [
            -166.3,
            -184.71
          ]
        ]
      },
      "properties": {
        "id": 983,
        "type": "EDGE",
        "edgeType": "STONE_FENCE"
      }
    },
    {
      "type": "Feature",
      "geometry": {
        "type": "LineString",
        "coordinates": [
          [
            -166.3,
            -184.71
          ],
          [
            -157.74,
            -176.99
          ]
        ]
      },
      "properties": {
        "id": 984,
        "type": "EDGE",
        "edgeType": "STONE_FENCE"
      }
    },
    {
      "type": "Feature",
      "geometry": {
        "type": "LineString",
        "coordinates": [
          [
            -157.74,
            -176.99
          ],
          [
            -148.81,
            -169.4
          ]
        ]
      },
      "properties": {
        "id": 985,
        "type": "EDGE",
        "edgeType": "STONE_FENCE"
      }
    },
    {
      "type": "Feature",
      "geometry": {
        "type": "LineString",
        "coordinates": [
          [
            -148.81,
            -169.4
          ],
          [
            -144.01,
            -165.15
          ]
        ]
      },
      "properties": {
        "id": 986,
        "type": "EDGE",
        "edgeType": "STONE_FENCE"
      }
    },
    {
      "type": "Feature",
      "geometry": {
        "type": "LineString",
        "coordinates": [
          [
            -144.01,
            -165.15
          ],
          [
            -181.42,
            -174.59
          ]
        ]
      },
      "properties": {
        "id": 987,
        "type": "EDGE",
        "edgeType": "STONE_FENCE"
      }
    },
    {
      "type": "Feature",
      "geometry": {
        "type": "LineString",
        "coordinates": [
          [
            -181.42,
            -174.59
          ],
          [
            -173.59,
            -205.61
          ]
        ]
      },
      "properties": {
        "id": 988,
        "type": "EDGE",
        "edgeType": "STONE_FENCE"
      }
    },
    {
      "type": "Feature",
      "geometry": {
        "type": "LineString",
        "coordinates": [
          [
            -173.59,
            -205.61
          ],
          [
            -171.5,
            -205.09
          ]
        ]
      },
      "properties": {
        "id": 989,
        "type": "EDGE",
        "edgeType": "STONE_FENCE"
      }
    },
    {
      "type": "Feature",
      "geometry": {
        "type": "LineString",
        "coordinates": [
          [
            103.96,
            -236.6
          ],
          [
            95.04,
            -229.12
          ]
        ]
      },
      "properties": {
        "id": 990,
        "type": "EDGE",
        "edgeType": "STONE_FENCE"
      }
    },
    {
      "type": "Feature",
      "geometry": {
        "type": "LineString",
        "coordinates": [
          [
            95.04,
            -229.12
          ],
          [
            86.33,
            -220.6
          ]
        ]
      },
      "properties": {
        "id": 991,
        "type": "EDGE",
        "edgeType": "STONE_FENCE"
      }
    },
    {
      "type": "Feature",
      "geometry": {
        "type": "LineString",
        "coordinates": [
          [
            86.33,
            -220.6
          ],
          [
            80.66,
            -211.82
          ]
        ]
      },
      "properties": {
        "id": 992,
        "type": "EDGE",
        "edgeType": "STONE_FENCE"
      }
    },
    {
      "type": "Feature",
      "geometry": {
        "type": "LineString",
        "coordinates": [
          [
            80.66,
            -211.82
          ],
          [
            77.81,
            -203.71
          ]
        ]
      },
      "properties": {
        "id": 993,
        "type": "EDGE",
        "edgeType": "STONE_FENCE"
      }
    },
    {
      "type": "Feature",
      "geometry": {
        "type": "LineString",
        "coordinates": [
          [
            77.81,
            -203.71
          ],
          [
            77.94,
            -196.2
          ]
        ]
      },
      "properties": {
        "id": 994,
        "type": "EDGE",
        "edgeType": "STONE_FENCE"
      }
    },
    {
      "type": "Feature",
      "geometry": {
        "type": "LineString",
        "coordinates": [
          [
            77.94,
            -196.2
          ],
          [
            81.06,
            -189.86
          ]
        ]
      },
      "properties": {
        "id": 995,
        "type": "EDGE",
        "edgeType": "STONE_FENCE"
      }
    },
    {
      "type": "Feature",
      "geometry": {
        "type": "LineString",
        "coordinates": [
          [
            81.06,
            -189.86
          ],
          [
            84.29,
            -184.63
          ]
        ]
      },
      "properties": {
        "id": 996,
        "type": "EDGE",
        "edgeType": "STONE_FENCE"
      }
    },
    {
      "type": "Feature",
      "geometry": {
        "type": "LineString",
        "coordinates": [
          [
            84.29,
            -184.63
          ],
          [
            85.56,
            -180.26
          ]
        ]
      },
      "properties": {
        "id": 997,
        "type": "EDGE",
        "edgeType": "STONE_FENCE"
      }
    },
    {
      "type": "Feature",
      "geometry": {
        "type": "LineString",
        "coordinates": [
          [
            85.56,
            -180.26
          ],
          [
            84.7,
            -178.7
          ]
        ]
      },
      "properties": {
        "id": 998,
        "type": "EDGE",
        "edgeType": "STONE_FENCE"
      }
    },
    {
      "type": "Feature",
      "geometry": {
        "type": "LineString",
        "coordinates": [
          [
            84.7,
            -178.7
          ],
          [
            80.98,
            -178.08
          ]
        ]
      },
      "properties": {
        "id": 999,
        "type": "EDGE",
        "edgeType": "STONE_FENCE"
      }
    },
    {
      "type": "Feature",
      "geometry": {
        "type": "LineString",
        "coordinates": [
          [
            80.98,
            -178.08
          ],
          [
            73.24,
            -179.44
          ]
        ]
      },
      "properties": {
        "id": 1000,
        "type": "EDGE",
        "edgeType": "STONE_FENCE"
      }
    },
    {
      "type": "Feature",
      "geometry": {
        "type": "LineString",
        "coordinates": [
          [
            73.24,
            -179.44
          ],
          [
            64.27,
            -183.42
          ]
        ]
      },
      "properties": {
        "id": 1001,
        "type": "EDGE",
        "edgeType": "STONE_FENCE"
      }
    },
    {
      "type": "Feature",
      "geometry": {
        "type": "LineString",
        "coordinates": [
          [
            64.27,
            -183.42
          ],
          [
            54.25,
            -189.19
          ]
        ]
      },
      "properties": {
        "id": 1002,
        "type": "EDGE",
        "edgeType": "STONE_FENCE"
      }
    },
    {
      "type": "Feature",
      "geometry": {
        "type": "LineString",
        "coordinates": [
          [
            54.25,
            -189.19
          ],
          [
            44.85,
            -194.36
          ]
        ]
      },
      "properties": {
        "id": 1003,
        "type": "EDGE",
        "edgeType": "STONE_FENCE"
      }
    },
    {
      "type": "Feature",
      "geometry": {
        "type": "LineString",
        "coordinates": [
          [
            44.85,
            -194.36
          ],
          [
            36.17,
            -198.87
          ]
        ]
      },
      "properties": {
        "id": 1004,
        "type": "EDGE",
        "edgeType": "STONE_FENCE"
      }
    },
    {
      "type": "Feature",
      "geometry": {
        "type": "LineString",
        "coordinates": [
          [
            36.17,
            -198.87
          ],
          [
            28.29,
            -202.69
          ]
        ]
      },
      "properties": {
        "id": 1005,
        "type": "EDGE",
        "edgeType": "STONE_FENCE"
      }
    },
    {
      "type": "Feature",
      "geometry": {
        "type": "LineString",
        "coordinates": [
          [
            28.29,
            -202.69
          ],
          [
            20.57,
            -206.74
          ]
        ]
      },
      "properties": {
        "id": 1006,
        "type": "EDGE",
        "edgeType": "STONE_FENCE"
      }
    },
    {
      "type": "Feature",
      "geometry": {
        "type": "LineString",
        "coordinates": [
          [
            20.57,
            -206.74
          ],
          [
            12.21,
            -211.73
          ]
        ]
      },
      "properties": {
        "id": 1007,
        "type": "EDGE",
        "edgeType": "STONE_FENCE"
      }
    },
    {
      "type": "Feature",
      "geometry": {
        "type": "LineString",
        "coordinates": [
          [
            12.21,
            -211.73
          ],
          [
            3.54,
            -217.22
          ]
        ]
      },
      "properties": {
        "id": 1008,
        "type": "EDGE",
        "edgeType": "STONE_FENCE"
      }
    },
    {
      "type": "Feature",
      "geometry": {
        "type": "LineString",
        "coordinates": [
          [
            3.54,
            -217.22
          ],
          [
            -5.41,
            -223.22
          ]
        ]
      },
      "properties": {
        "id": 1009,
        "type": "EDGE",
        "edgeType": "STONE_FENCE"
      }
    },
    {
      "type": "Feature",
      "geometry": {
        "type": "LineString",
        "coordinates": [
          [
            -5.41,
            -223.22
          ],
          [
            -14.68,
            -229.74
          ]
        ]
      },
      "properties": {
        "id": 1010,
        "type": "EDGE",
        "edgeType": "STONE_FENCE"
      }
    },
    {
      "type": "Feature",
      "geometry": {
        "type": "LineString",
        "coordinates": [
          [
            -14.68,
            -229.74
          ],
          [
            -22.75,
            -235.26
          ]
        ]
      },
      "properties": {
        "id": 1011,
        "type": "EDGE",
        "edgeType": "STONE_FENCE"
      }
    },
    {
      "type": "Feature",
      "geometry": {
        "type": "LineString",
        "coordinates": [
          [
            -22.75,
            -235.26
          ],
          [
            106.61,
            -238.47
          ]
        ]
      },
      "properties": {
        "id": 1012,
        "type": "EDGE",
        "edgeType": "STONE_FENCE"
      }
    },
    {
      "type": "Feature",
      "geometry": {
        "type": "LineString",
        "coordinates": [
          [
            106.61,
            -238.47
          ],
          [
            103.96,
            -236.6
          ]
        ]
      },
      "properties": {
        "id": 1013,
        "type": "EDGE",
        "edgeType": "STONE_FENCE"
      }
    },
    {
      "type": "Feature",
      "geometry": {
        "type": "LineString",
        "coordinates": [
          [
            -403.84,
            -194.29
          ],
          [
            -413.64,
            -178.68
          ]
        ]
      },
      "properties": {
        "id": 1014,
        "type": "EDGE",
        "edgeType": "STONE_FENCE"
      }
    },
    {
      "type": "Feature",
      "geometry": {
        "type": "LineString",
        "coordinates": [
          [
            -413.64,
            -178.68
          ],
          [
            -422.4,
            -174.78
          ]
        ]
      },
      "properties": {
        "id": 1015,
        "type": "EDGE",
        "edgeType": "STONE_FENCE"
      }
    },
    {
      "type": "Feature",
      "geometry": {
        "type": "LineString",
        "coordinates": [
          [
            -422.4,
            -174.78
          ],
          [
            -430.45,
            -192.9
          ]
        ]
      },
      "properties": {
        "id": 1016,
        "type": "EDGE",
        "edgeType": "STONE_FENCE"
      }
    },
    {
      "type": "Feature",
      "geometry": {
        "type": "LineString",
        "coordinates": [
          [
            -430.45,
            -192.9
          ],
          [
            -444.33,
            -219.68
          ]
        ]
      },
      "properties": {
        "id": 1017,
        "type": "EDGE",
        "edgeType": "STONE_FENCE"
      }
    },
    {
      "type": "Feature",
      "geometry": {
        "type": "LineString",
        "coordinates": [
          [
            -444.33,
            -219.68
          ],
          [
            -403.84,
            -194.29
          ]
        ]
      },
      "properties": {
        "id": 1018,
        "type": "EDGE",
        "edgeType": "STONE_FENCE"
      }
    },
    {
      "type": "Feature",
      "geometry": {
        "type": "LineString",
        "coordinates": [
          [
            -240.3,
            2.06
          ],
          [
            -218.3,
            28.89
          ]
        ]
      },
      "properties": {
        "id": 1019,
        "type": "EDGE",
        "edgeType": "STONE_FENCE"
      }
    },
    {
      "type": "Feature",
      "geometry": {
        "type": "LineString",
        "coordinates": [
          [
            -218.3,
            28.89
          ],
          [
            -241.47,
            69.27
          ]
        ]
      },
      "properties": {
        "id": 1020,
        "type": "EDGE",
        "edgeType": "STONE_FENCE"
      }
    },
    {
      "type": "Feature",
      "geometry": {
        "type": "LineString",
        "coordinates": [
          [
            -241.47,
            69.27
          ],
          [
            -246.38,
            80.49
          ]
        ]
      },
      "properties": {
        "id": 1021,
        "type": "EDGE",
        "edgeType": "STONE_FENCE"
      }
    },
    {
      "type": "Feature",
      "geometry": {
        "type": "LineString",
        "coordinates": [
          [
            -246.38,
            80.49
          ],
          [
            -252.85,
            77.66
          ]
        ]
      },
      "properties": {
        "id": 1022,
        "type": "EDGE",
        "edgeType": "STONE_FENCE"
      }
    },
    {
      "type": "Feature",
      "geometry": {
        "type": "LineString",
        "coordinates": [
          [
            -252.85,
            77.66
          ],
          [
            -257.29,
            87.8
          ]
        ]
      },
      "properties": {
        "id": 1023,
        "type": "EDGE",
        "edgeType": "STONE_FENCE"
      }
    },
    {
      "type": "Feature",
      "geometry": {
        "type": "LineString",
        "coordinates": [
          [
            -257.29,
            87.8
          ],
          [
            -250.81,
            90.63
          ]
        ]
      },
      "properties": {
        "id": 1024,
        "type": "EDGE",
        "edgeType": "STONE_FENCE"
      }
    },
    {
      "type": "Feature",
      "geometry": {
        "type": "LineString",
        "coordinates": [
          [
            -250.81,
            90.63
          ],
          [
            -275.81,
            147.57
          ]
        ]
      },
      "properties": {
        "id": 1025,
        "type": "EDGE",
        "edgeType": "STONE_FENCE"
      }
    },
    {
      "type": "Feature",
      "geometry": {
        "type": "LineString",
        "coordinates": [
          [
            -275.81,
            147.57
          ],
          [
            -293.77,
            194.19
          ]
        ]
      },
      "properties": {
        "id": 1026,
        "type": "EDGE",
        "edgeType": "STONE_FENCE"
      }
    },
    {
      "type": "Feature",
      "geometry": {
        "type": "LineString",
        "coordinates": [
          [
            -293.77,
            194.19
          ],
          [
            -313.36,
            234.5
          ]
        ]
      },
      "properties": {
        "id": 1027,
        "type": "EDGE",
        "edgeType": "STONE_FENCE"
      }
    },
    {
      "type": "Feature",
      "geometry": {
        "type": "LineString",
        "coordinates": [
          [
            -313.36,
            234.5
          ],
          [
            -322.5,
            199.52
          ]
        ]
      },
      "properties": {
        "id": 1028,
        "type": "EDGE",
        "edgeType": "STONE_FENCE"
      }
    },
    {
      "type": "Feature",
      "geometry": {
        "type": "LineString",
        "coordinates": [
          [
            -322.5,
            199.52
          ],
          [
            -333.6,
            151.58
          ]
        ]
      },
      "properties": {
        "id": 1029,
        "type": "EDGE",
        "edgeType": "STONE_FENCE"
      }
    },
    {
      "type": "Feature",
      "geometry": {
        "type": "LineString",
        "coordinates": [
          [
            -333.6,
            151.58
          ],
          [
            -362.62,
            10.63
          ]
        ]
      },
      "properties": {
        "id": 1030,
        "type": "EDGE",
        "edgeType": "STONE_FENCE"
      }
    },
    {
      "type": "Feature",
      "geometry": {
        "type": "LineString",
        "coordinates": [
          [
            -362.62,
            10.63
          ],
          [
            -249.17,
            -13.29
          ]
        ]
      },
      "properties": {
        "id": 1031,
        "type": "EDGE",
        "edgeType": "STONE_FENCE"
      }
    },
    {
      "type": "Feature",
      "geometry": {
        "type": "LineString",
        "coordinates": [
          [
            -249.17,
            -13.29
          ],
          [
            -240.3,
            2.06
          ]
        ]
      },
      "properties": {
        "id": 1032,
        "type": "EDGE",
        "edgeType": "STONE_FENCE"
      }
    },
    {
      "type": "Feature",
      "geometry": {
        "type": "LineString",
        "coordinates": [
          [
            -319.71,
            -136.31
          ],
          [
            -259.71,
            -110.07
          ]
        ]
      },
      "properties": {
        "id": 1033,
        "type": "EDGE",
        "edgeType": "STONE_FENCE"
      }
    },
    {
      "type": "Feature",
      "geometry": {
        "type": "LineString",
        "coordinates": [
          [
            -259.71,
            -110.07
          ],
          [
            -261.26,
            -105.72
          ]
        ]
      },
      "properties": {
        "id": 1034,
        "type": "EDGE",
        "edgeType": "STONE_FENCE"
      }
    },
    {
      "type": "Feature",
      "geometry": {
        "type": "LineString",
        "coordinates": [
          [
            -261.26,
            -105.72
          ],
          [
            -265.29,
            -88.96
          ]
        ]
      },
      "properties": {
        "id": 1035,
        "type": "EDGE",
        "edgeType": "STONE_FENCE"
      }
    },
    {
      "type": "Feature",
      "geometry": {
        "type": "LineString",
        "coordinates": [
          [
            -265.29,
            -88.96
          ],
          [
            -265.97,
            -57.26
          ]
        ]
      },
      "properties": {
        "id": 1036,
        "type": "EDGE",
        "edgeType": "STONE_FENCE"
      }
    },
    {
      "type": "Feature",
      "geometry": {
        "type": "LineString",
        "coordinates": [
          [
            -265.97,
            -57.26
          ],
          [
            -256.93,
            -26.73
          ]
        ]
      },
      "properties": {
        "id": 1037,
        "type": "EDGE",
        "edgeType": "STONE_FENCE"
      }
    },
    {
      "type": "Feature",
      "geometry": {
        "type": "LineString",
        "coordinates": [
          [
            -256.93,
            -26.73
          ],
          [
            -251.27,
            -16.93
          ]
        ]
      },
      "properties": {
        "id": 1038,
        "type": "EDGE",
        "edgeType": "STONE_FENCE"
      }
    },
    {
      "type": "Feature",
      "geometry": {
        "type": "LineString",
        "coordinates": [
          [
            -251.27,
            -16.93
          ],
          [
            -363.44,
            6.72
          ]
        ]
      },
      "properties": {
        "id": 1039,
        "type": "EDGE",
        "edgeType": "STONE_FENCE"
      }
    },
    {
      "type": "Feature",
      "geometry": {
        "type": "LineString",
        "coordinates": [
          [
            -363.44,
            6.72
          ],
          [
            -364.07,
            3.74
          ]
        ]
      },
      "properties": {
        "id": 1040,
        "type": "EDGE",
        "edgeType": "STONE_FENCE"
      }
    },
    {
      "type": "Feature",
      "geometry": {
        "type": "LineString",
        "coordinates": [
          [
            -364.07,
            3.74
          ],
          [
            -376.34,
            -46.42
          ]
        ]
      },
      "properties": {
        "id": 1041,
        "type": "EDGE",
        "edgeType": "STONE_FENCE"
      }
    },
    {
      "type": "Feature",
      "geometry": {
        "type": "LineString",
        "coordinates": [
          [
            -376.34,
            -46.42
          ],
          [
            -391.26,
            -96.3
          ]
        ]
      },
      "properties": {
        "id": 1042,
        "type": "EDGE",
        "edgeType": "STONE_FENCE"
      }
    },
    {
      "type": "Feature",
      "geometry": {
        "type": "LineString",
        "coordinates": [
          [
            -391.26,
            -96.3
          ],
          [
            -409.3,
            -145.3
          ]
        ]
      },
      "properties": {
        "id": 1043,
        "type": "EDGE",
        "edgeType": "STONE_FENCE"
      }
    },
    {
      "type": "Feature",
      "geometry": {
        "type": "LineString",
        "coordinates": [
          [
            -409.3,
            -145.3
          ],
          [
            -420.77,
            -171.13
          ]
        ]
      },
      "properties": {
        "id": 1044,
        "type": "EDGE",
        "edgeType": "STONE_FENCE"
      }
    },
    {
      "type": "Feature",
      "geometry": {
        "type": "LineString",
        "coordinates": [
          [
            -420.77,
            -171.13
          ],
          [
            -410.9,
            -175.52
          ]
        ]
      },
      "properties": {
        "id": 1045,
        "type": "EDGE",
        "edgeType": "STONE_FENCE"
      }
    },
    {
      "type": "Feature",
      "geometry": {
        "type": "LineString",
        "coordinates": [
          [
            -410.9,
            -175.52
          ],
          [
            -400.5,
            -192.09
          ]
        ]
      },
      "properties": {
        "id": 1046,
        "type": "EDGE",
        "edgeType": "STONE_FENCE"
      }
    },
    {
      "type": "Feature",
      "geometry": {
        "type": "LineString",
        "coordinates": [
          [
            -400.5,
            -192.09
          ],
          [
            -319.71,
            -136.31
          ]
        ]
      },
      "properties": {
        "id": 1047,
        "type": "EDGE",
        "edgeType": "STONE_FENCE"
      }
    },
    {
      "type": "Feature",
      "geometry": {
        "type": "LineString",
        "coordinates": [
          [
            -156.82,
            244.62
          ],
          [
            -298.73,
            286.01
          ]
        ]
      },
      "properties": {
        "id": 1048,
        "type": "EDGE",
        "edgeType": "STONE_FENCE"
      }
    },
    {
      "type": "Feature",
      "geometry": {
        "type": "LineString",
        "coordinates": [
          [
            -298.73,
            286.01
          ],
          [
            -311.93,
            240.71
          ]
        ]
      },
      "properties": {
        "id": 1049,
        "type": "EDGE",
        "edgeType": "STONE_FENCE"
      }
    },
    {
      "type": "Feature",
      "geometry": {
        "type": "LineString",
        "coordinates": [
          [
            -311.93,
            240.71
          ],
          [
            -290.1,
            195.79
          ]
        ]
      },
      "properties": {
        "id": 1050,
        "type": "EDGE",
        "edgeType": "STONE_FENCE"
      }
    },
    {
      "type": "Feature",
      "geometry": {
        "type": "LineString",
        "coordinates": [
          [
            -290.1,
            195.79
          ],
          [
            -272.11,
            149.1
          ]
        ]
      },
      "properties": {
        "id": 1051,
        "type": "EDGE",
        "edgeType": "STONE_FENCE"
      }
    },
    {
      "type": "Feature",
      "geometry": {
        "type": "LineString",
        "coordinates": [
          [
            -272.11,
            149.1
          ],
          [
            -247.15,
            92.24
          ]
        ]
      },
      "properties": {
        "id": 1052,
        "type": "EDGE",
        "edgeType": "STONE_FENCE"
      }
    },
    {
      "type": "Feature",
      "geometry": {
        "type": "LineString",
        "coordinates": [
          [
            -247.15,
            92.24
          ],
          [
            -240.67,
            95.07
          ]
        ]
      },
      "properties": {
        "id": 1053,
        "type": "EDGE",
        "edgeType": "STONE_FENCE"
      }
    },
    {
      "type": "Feature",
      "geometry": {
        "type": "LineString",
        "coordinates": [
          [
            -240.67,
            95.07
          ],
          [
            -236.23,
            84.93
          ]
        ]
      },
      "properties": {
        "id": 1054,
        "type": "EDGE",
        "edgeType": "STONE_FENCE"
      }
    },
    {
      "type": "Feature",
      "geometry": {
        "type": "LineString",
        "coordinates": [
          [
            -236.23,
            84.93
          ],
          [
            -242.71,
            82.09
          ]
        ]
      },
      "properties": {
        "id": 1055,
        "type": "EDGE",
        "edgeType": "STONE_FENCE"
      }
    },
    {
      "type": "Feature",
      "geometry": {
        "type": "LineString",
        "coordinates": [
          [
            -242.71,
            82.09
          ],
          [
            -237.89,
            71.07
          ]
        ]
      },
      "properties": {
        "id": 1056,
        "type": "EDGE",
        "edgeType": "STONE_FENCE"
      }
    },
    {
      "type": "Feature",
      "geometry": {
        "type": "LineString",
        "coordinates": [
          [
            -237.89,
            71.07
          ],
          [
            -217.58,
            35.68
          ]
        ]
      },
      "properties": {
        "id": 1057,
        "type": "EDGE",
        "edgeType": "STONE_FENCE"
      }
    },
    {
      "type": "Feature",
      "geometry": {
        "type": "LineString",
        "coordinates": [
          [
            -217.58,
            35.68
          ],
          [
            -156.82,
            244.62
          ]
        ]
      },
      "properties": {
        "id": 1058,
        "type": "EDGE",
        "edgeType": "STONE_FENCE"
      }
    },
    {
      "type": "Feature",
      "geometry": {
        "type": "LineString",
        "coordinates": [
          [
            -92.12,
            -338.54
          ],
          [
            -127.92,
            -287.3
          ]
        ]
      },
      "properties": {
        "id": 1059,
        "type": "EDGE",
        "edgeType": "STONE_FENCE"
      }
    },
    {
      "type": "Feature",
      "geometry": {
        "type": "LineString",
        "coordinates": [
          [
            -127.92,
            -287.3
          ],
          [
            -130.04,
            -282.47
          ]
        ]
      },
      "properties": {
        "id": 1060,
        "type": "EDGE",
        "edgeType": "STONE_FENCE"
      }
    },
    {
      "type": "Feature",
      "geometry": {
        "type": "LineString",
        "coordinates": [
          [
            -130.04,
            -282.47
          ],
          [
            -133.28,
            -283.89
          ]
        ]
      },
      "properties": {
        "id": 1061,
        "type": "EDGE",
        "edgeType": "STONE_FENCE"
      }
    },
    {
      "type": "Feature",
      "geometry": {
        "type": "LineString",
        "coordinates": [
          [
            -133.28,
            -283.89
          ],
          [
            -140.55,
            -267.27
          ]
        ]
      },
      "properties": {
        "id": 1062,
        "type": "EDGE",
        "edgeType": "STONE_FENCE"
      }
    },
    {
      "type": "Feature",
      "geometry": {
        "type": "LineString",
        "coordinates": [
          [
            -140.55,
            -267.27
          ],
          [
            -137.31,
            -265.85
          ]
        ]
      },
      "properties": {
        "id": 1063,
        "type": "EDGE",
        "edgeType": "STONE_FENCE"
      }
    },
    {
      "type": "Feature",
      "geometry": {
        "type": "LineString",
        "coordinates": [
          [
            -137.31,
            -265.85
          ],
          [
            -140.18,
            -259.27
          ]
        ]
      },
      "properties": {
        "id": 1064,
        "type": "EDGE",
        "edgeType": "STONE_FENCE"
      }
    },
    {
      "type": "Feature",
      "geometry": {
        "type": "LineString",
        "coordinates": [
          [
            -140.18,
            -259.27
          ],
          [
            -170.67,
            -247.09
          ]
        ]
      },
      "properties": {
        "id": 1065,
        "type": "EDGE",
        "edgeType": "STONE_FENCE"
      }
    },
    {
      "type": "Feature",
      "geometry": {
        "type": "LineString",
        "coordinates": [
          [
            -170.67,
            -247.09
          ],
          [
            -194.39,
            -222.17
          ]
        ]
      },
      "properties": {
        "id": 1066,
        "type": "EDGE",
        "edgeType": "STONE_FENCE"
      }
    },
    {
      "type": "Feature",
      "geometry": {
        "type": "LineString",
        "coordinates": [
          [
            -194.39,
            -222.17
          ],
          [
            -215.41,
            -195.89
          ]
        ]
      },
      "properties": {
        "id": 1067,
        "type": "EDGE",
        "edgeType": "STONE_FENCE"
      }
    },
    {
      "type": "Feature",
      "geometry": {
        "type": "LineString",
        "coordinates": [
          [
            -215.41,
            -195.89
          ],
          [
            -234.26,
            -167.57
          ]
        ]
      },
      "properties": {
        "id": 1068,
        "type": "EDGE",
        "edgeType": "STONE_FENCE"
      }
    },
    {
      "type": "Feature",
      "geometry": {
        "type": "LineString",
        "coordinates": [
          [
            -234.26,
            -167.57
          ],
          [
            -249.92,
            -137.39
          ]
        ]
      },
      "properties": {
        "id": 1069,
        "type": "EDGE",
        "edgeType": "STONE_FENCE"
      }
    },
    {
      "type": "Feature",
      "geometry": {
        "type": "LineString",
        "coordinates": [
          [
            -249.92,
            -137.39
          ],
          [
            -257.34,
            -116.67
          ]
        ]
      },
      "properties": {
        "id": 1070,
        "type": "EDGE",
        "edgeType": "STONE_FENCE"
      }
    },
    {
      "type": "Feature",
      "geometry": {
        "type": "LineString",
        "coordinates": [
          [
            -257.34,
            -116.67
          ],
          [
            -282.35,
            -127.61
          ]
        ]
      },
      "properties": {
        "id": 1071,
        "type": "EDGE",
        "edgeType": "STONE_FENCE"
      }
    },
    {
      "type": "Feature",
      "geometry": {
        "type": "LineString",
        "coordinates": [
          [
            -282.35,
            -127.61
          ],
          [
            -277.14,
            -138.18
          ]
        ]
      },
      "properties": {
        "id": 1072,
        "type": "EDGE",
        "edgeType": "STONE_FENCE"
      }
    },
    {
      "type": "Feature",
      "geometry": {
        "type": "LineString",
        "coordinates": [
          [
            -277.14,
            -138.18
          ],
          [
            -271.51,
            -152.58
          ]
        ]
      },
      "properties": {
        "id": 1073,
        "type": "EDGE",
        "edgeType": "STONE_FENCE"
      }
    },
    {
      "type": "Feature",
      "geometry": {
        "type": "LineString",
        "coordinates": [
          [
            -271.51,
            -152.58
          ],
          [
            -266.28,
            -167.02
          ]
        ]
      },
      "properties": {
        "id": 1074,
        "type": "EDGE",
        "edgeType": "STONE_FENCE"
      }
    },
    {
      "type": "Feature",
      "geometry": {
        "type": "LineString",
        "coordinates": [
          [
            -266.28,
            -167.02
          ],
          [
            -260.45,
            -180.78
          ]
        ]
      },
      "properties": {
        "id": 1075,
        "type": "EDGE",
        "edgeType": "STONE_FENCE"
      }
    },
    {
      "type": "Feature",
      "geometry": {
        "type": "LineString",
        "coordinates": [
          [
            -260.45,
            -180.78
          ],
          [
            -250.43,
            -192.28
          ]
        ]
      },
      "properties": {
        "id": 1076,
        "type": "EDGE",
        "edgeType": "STONE_FENCE"
      }
    },
    {
      "type": "Feature",
      "geometry": {
        "type": "LineString",
        "coordinates": [
          [
            -250.43,
            -192.28
          ],
          [
            -236.12,
            -202.31
          ]
        ]
      },
      "properties": {
        "id": 1077,
        "type": "EDGE",
        "edgeType": "STONE_FENCE"
      }
    },
    {
      "type": "Feature",
      "geometry": {
        "type": "LineString",
        "coordinates": [
          [
            -236.12,
            -202.31
          ],
          [
            -226.2,
            -215.11
          ]
        ]
      },
      "properties": {
        "id": 1078,
        "type": "EDGE",
        "edgeType": "STONE_FENCE"
      }
    },
    {
      "type": "Feature",
      "geometry": {
        "type": "LineString",
        "coordinates": [
          [
            -226.2,
            -215.11
          ],
          [
            -220.59,
            -229.67
          ]
        ]
      },
      "properties": {
        "id": 1079,
        "type": "EDGE",
        "edgeType": "STONE_FENCE"
      }
    },
    {
      "type": "Feature",
      "geometry": {
        "type": "LineString",
        "coordinates": [
          [
            -220.59,
            -229.67
          ],
          [
            -214.32,
            -243.51
          ]
        ]
      },
      "properties": {
        "id": 1080,
        "type": "EDGE",
        "edgeType": "STONE_FENCE"
      }
    },
    {
      "type": "Feature",
      "geometry": {
        "type": "LineString",
        "coordinates": [
          [
            -214.32,
            -243.51
          ],
          [
            -207.38,
            -257.22
          ]
        ]
      },
      "properties": {
        "id": 1081,
        "type": "EDGE",
        "edgeType": "STONE_FENCE"
      }
    },
    {
      "type": "Feature",
      "geometry": {
        "type": "LineString",
        "coordinates": [
          [
            -207.38,
            -257.22
          ],
          [
            -202.1,
            -271.9
          ]
        ]
      },
      "properties": {
        "id": 1082,
        "type": "EDGE",
        "edgeType": "STONE_FENCE"
      }
    },
    {
      "type": "Feature",
      "geometry": {
        "type": "LineString",
        "coordinates": [
          [
            -202.1,
            -271.9
          ],
          [
            -198.04,
            -287
          ]
        ]
      },
      "properties": {
        "id": 1083,
        "type": "EDGE",
        "edgeType": "STONE_FENCE"
      }
    },
    {
      "type": "Feature",
      "geometry": {
        "type": "LineString",
        "coordinates": [
          [
            -198.04,
            -287
          ],
          [
            -193.4,
            -301.64
          ]
        ]
      },
      "properties": {
        "id": 1084,
        "type": "EDGE",
        "edgeType": "STONE_FENCE"
      }
    },
    {
      "type": "Feature",
      "geometry": {
        "type": "LineString",
        "coordinates": [
          [
            -193.4,
            -301.64
          ],
          [
            -187.79,
            -315.77
          ]
        ]
      },
      "properties": {
        "id": 1085,
        "type": "EDGE",
        "edgeType": "STONE_FENCE"
      }
    },
    {
      "type": "Feature",
      "geometry": {
        "type": "LineString",
        "coordinates": [
          [
            -187.79,
            -315.77
          ],
          [
            -181.18,
            -329.42
          ]
        ]
      },
      "properties": {
        "id": 1086,
        "type": "EDGE",
        "edgeType": "STONE_FENCE"
      }
    },
    {
      "type": "Feature",
      "geometry": {
        "type": "LineString",
        "coordinates": [
          [
            -181.18,
            -329.42
          ],
          [
            -173.85,
            -342.83
          ]
        ]
      },
      "properties": {
        "id": 1087,
        "type": "EDGE",
        "edgeType": "STONE_FENCE"
      }
    },
    {
      "type": "Feature",
      "geometry": {
        "type": "LineString",
        "coordinates": [
          [
            -173.85,
            -342.83
          ],
          [
            -166.86,
            -356.52
          ]
        ]
      },
      "properties": {
        "id": 1088,
        "type": "EDGE",
        "edgeType": "STONE_FENCE"
      }
    },
    {
      "type": "Feature",
      "geometry": {
        "type": "LineString",
        "coordinates": [
          [
            -166.86,
            -356.52
          ],
          [
            -161.4,
            -368.73
          ]
        ]
      },
      "properties": {
        "id": 1089,
        "type": "EDGE",
        "edgeType": "STONE_FENCE"
      }
    },
    {
      "type": "Feature",
      "geometry": {
        "type": "LineString",
        "coordinates": [
          [
            -161.4,
            -368.73
          ],
          [
            -92.12,
            -338.54
          ]
        ]
      },
      "properties": {
        "id": 1090,
        "type": "EDGE",
        "edgeType": "STONE_FENCE"
      }
    },
    {
      "type": "Feature",
      "geometry": {
        "type": "LineString",
        "coordinates": [
          [
            443.4,
            -340.45
          ],
          [
            436.74,
            -311.32
          ]
        ]
      },
      "properties": {
        "id": 1091,
        "type": "EDGE",
        "edgeType": "STONE_FENCE"
      }
    },
    {
      "type": "Feature",
      "geometry": {
        "type": "LineString",
        "coordinates": [
          [
            436.74,
            -311.32
          ],
          [
            428.98,
            -261.8
          ]
        ]
      },
      "properties": {
        "id": 1092,
        "type": "EDGE",
        "edgeType": "STONE_FENCE"
      }
    },
    {
      "type": "Feature",
      "geometry": {
        "type": "LineString",
        "coordinates": [
          [
            428.98,
            -261.8
          ],
          [
            427.13,
            -243.23
          ]
        ]
      },
      "properties": {
        "id": 1093,
        "type": "EDGE",
        "edgeType": "STONE_FENCE"
      }
    },
    {
      "type": "Feature",
      "geometry": {
        "type": "LineString",
        "coordinates": [
          [
            427.13,
            -243.23
          ],
          [
            203.15,
            -265.45
          ]
        ]
      },
      "properties": {
        "id": 1094,
        "type": "EDGE",
        "edgeType": "STONE_FENCE"
      }
    },
    {
      "type": "Feature",
      "geometry": {
        "type": "LineString",
        "coordinates": [
          [
            203.15,
            -265.45
          ],
          [
            293.81,
            -398.08
          ]
        ]
      },
      "properties": {
        "id": 1095,
        "type": "EDGE",
        "edgeType": "STONE_FENCE"
      }
    },
    {
      "type": "Feature",
      "geometry": {
        "type": "LineString",
        "coordinates": [
          [
            293.81,
            -398.08
          ],
          [
            318.45,
            -431.79
          ]
        ]
      },
      "properties": {
        "id": 1096,
        "type": "EDGE",
        "edgeType": "STONE_FENCE"
      }
    },
    {
      "type": "Feature",
      "geometry": {
        "type": "LineString",
        "coordinates": [
          [
            318.45,
            -431.79
          ],
          [
            443.4,
            -340.45
          ]
        ]
      },
      "properties": {
        "id": 1097,
        "type": "EDGE",
        "edgeType": "STONE_FENCE"
      }
    },
    {
      "type": "Feature",
      "geometry": {
        "type": "LineString",
        "coordinates": [
          [
            495.13,
            -516.74
          ],
          [
            489.44,
            -504.33
          ]
        ]
      },
      "properties": {
        "id": 1098,
        "type": "EDGE",
        "edgeType": "STONE_FENCE"
      }
    },
    {
      "type": "Feature",
      "geometry": {
        "type": "LineString",
        "coordinates": [
          [
            489.44,
            -504.33
          ],
          [
            472.02,
            -457.3
          ]
        ]
      },
      "properties": {
        "id": 1099,
        "type": "EDGE",
        "edgeType": "STONE_FENCE"
      }
    },
    {
      "type": "Feature",
      "geometry": {
        "type": "LineString",
        "coordinates": [
          [
            472.02,
            -457.3
          ],
          [
            458.31,
            -409.07
          ]
        ]
      },
      "properties": {
        "id": 1100,
        "type": "EDGE",
        "edgeType": "STONE_FENCE"
      }
    },
    {
      "type": "Feature",
      "geometry": {
        "type": "LineString",
        "coordinates": [
          [
            458.31,
            -409.07
          ],
          [
            447.9,
            -360.11
          ]
        ]
      },
      "properties": {
        "id": 1101,
        "type": "EDGE",
        "edgeType": "STONE_FENCE"
      }
    },
    {
      "type": "Feature",
      "geometry": {
        "type": "LineString",
        "coordinates": [
          [
            447.9,
            -360.11
          ],
          [
            444.37,
            -344.7
          ]
        ]
      },
      "properties": {
        "id": 1102,
        "type": "EDGE",
        "edgeType": "STONE_FENCE"
      }
    },
    {
      "type": "Feature",
      "geometry": {
        "type": "LineString",
        "coordinates": [
          [
            444.37,
            -344.7
          ],
          [
            320.82,
            -435.02
          ]
        ]
      },
      "properties": {
        "id": 1103,
        "type": "EDGE",
        "edgeType": "STONE_FENCE"
      }
    },
    {
      "type": "Feature",
      "geometry": {
        "type": "LineString",
        "coordinates": [
          [
            320.82,
            -435.02
          ],
          [
            412.35,
            -559.09
          ]
        ]
      },
      "properties": {
        "id": 1104,
        "type": "EDGE",
        "edgeType": "STONE_FENCE"
      }
    },
    {
      "type": "Feature",
      "geometry": {
        "type": "LineString",
        "coordinates": [
          [
            412.35,
            -559.09
          ],
          [
            461.1,
            -623.53
          ]
        ]
      },
      "properties": {
        "id": 1105,
        "type": "EDGE",
        "edgeType": "STONE_FENCE"
      }
    },
    {
      "type": "Feature",
      "geometry": {
        "type": "LineString",
        "coordinates": [
          [
            461.1,
            -623.53
          ],
          [
            495.13,
            -516.74
          ]
        ]
      },
      "properties": {
        "id": 1106,
        "type": "EDGE",
        "edgeType": "STONE_FENCE"
      }
    },
    {
      "type": "Feature",
      "geometry": {
        "type": "LineString",
        "coordinates": [
          [
            312.07,
            -250.62
          ],
          [
            300.78,
            -136.79
          ]
        ]
      },
      "properties": {
        "id": 1107,
        "type": "EDGE",
        "edgeType": "STONE_FENCE"
      }
    },
    {
      "type": "Feature",
      "geometry": {
        "type": "LineString",
        "coordinates": [
          [
            300.78,
            -136.79
          ],
          [
            294.31,
            -152.39
          ]
        ]
      },
      "properties": {
        "id": 1108,
        "type": "EDGE",
        "edgeType": "STONE_FENCE"
      }
    },
    {
      "type": "Feature",
      "geometry": {
        "type": "LineString",
        "coordinates": [
          [
            294.31,
            -152.39
          ],
          [
            274.11,
            -182.32
          ]
        ]
      },
      "properties": {
        "id": 1109,
        "type": "EDGE",
        "edgeType": "STONE_FENCE"
      }
    },
    {
      "type": "Feature",
      "geometry": {
        "type": "LineString",
        "coordinates": [
          [
            274.11,
            -182.32
          ],
          [
            249.2,
            -209.74
          ]
        ]
      },
      "properties": {
        "id": 1110,
        "type": "EDGE",
        "edgeType": "STONE_FENCE"
      }
    },
    {
      "type": "Feature",
      "geometry": {
        "type": "LineString",
        "coordinates": [
          [
            249.2,
            -209.74
          ],
          [
            221.73,
            -234.18
          ]
        ]
      },
      "properties": {
        "id": 1111,
        "type": "EDGE",
        "edgeType": "STONE_FENCE"
      }
    },
    {
      "type": "Feature",
      "geometry": {
        "type": "LineString",
        "coordinates": [
          [
            221.73,
            -234.18
          ],
          [
            195.35,
            -253.95
          ]
        ]
      },
      "properties": {
        "id": 1112,
        "type": "EDGE",
        "edgeType": "STONE_FENCE"
      }
    },
    {
      "type": "Feature",
      "geometry": {
        "type": "LineString",
        "coordinates": [
          [
            195.35,
            -253.95
          ],
          [
            200.59,
            -261.68
          ]
        ]
      },
      "properties": {
        "id": 1113,
        "type": "EDGE",
        "edgeType": "STONE_FENCE"
      }
    },
    {
      "type": "Feature",
      "geometry": {
        "type": "LineString",
        "coordinates": [
          [
            200.59,
            -261.68
          ],
          [
            312.07,
            -250.62
          ]
        ]
      },
      "properties": {
        "id": 1114,
        "type": "EDGE",
        "edgeType": "STONE_FENCE"
      }
    },
    {
      "type": "Feature",
      "geometry": {
        "type": "LineString",
        "coordinates": [
          [
            405.11,
            -55.91
          ],
          [
            390.1,
            13.12
          ]
        ]
      },
      "properties": {
        "id": 1115,
        "type": "EDGE",
        "edgeType": "STONE_FENCE"
      }
    },
    {
      "type": "Feature",
      "geometry": {
        "type": "LineString",
        "coordinates": [
          [
            390.1,
            13.12
          ],
          [
            381.46,
            62.2
          ]
        ]
      },
      "properties": {
        "id": 1116,
        "type": "EDGE",
        "edgeType": "STONE_FENCE"
      }
    },
    {
      "type": "Feature",
      "geometry": {
        "type": "LineString",
        "coordinates": [
          [
            381.46,
            62.2
          ],
          [
            369.08,
            93.69
          ]
        ]
      },
      "properties": {
        "id": 1117,
        "type": "EDGE",
        "edgeType": "STONE_FENCE"
      }
    },
    {
      "type": "Feature",
      "geometry": {
        "type": "LineString",
        "coordinates": [
          [
            369.08,
            93.69
          ],
          [
            253.99,
            126.56
          ]
        ]
      },
      "properties": {
        "id": 1118,
        "type": "EDGE",
        "edgeType": "STONE_FENCE"
      }
    },
    {
      "type": "Feature",
      "geometry": {
        "type": "LineString",
        "coordinates": [
          [
            253.99,
            126.56
          ],
          [
            262.55,
            110.57
          ]
        ]
      },
      "properties": {
        "id": 1119,
        "type": "EDGE",
        "edgeType": "STONE_FENCE"
      }
    },
    {
      "type": "Feature",
      "geometry": {
        "type": "LineString",
        "coordinates": [
          [
            262.55,
            110.57
          ],
          [
            275.32,
            79.04
          ]
        ]
      },
      "properties": {
        "id": 1120,
        "type": "EDGE",
        "edgeType": "STONE_FENCE"
      }
    },
    {
      "type": "Feature",
      "geometry": {
        "type": "LineString",
        "coordinates": [
          [
            275.32,
            79.04
          ],
          [
            285.53,
            46.3
          ]
        ]
      },
      "properties": {
        "id": 1121,
        "type": "EDGE",
        "edgeType": "STONE_FENCE"
      }
    },
    {
      "type": "Feature",
      "geometry": {
        "type": "LineString",
        "coordinates": [
          [
            285.53,
            46.3
          ],
          [
            293.74,
            12.9
          ]
        ]
      },
      "properties": {
        "id": 1122,
        "type": "EDGE",
        "edgeType": "STONE_FENCE"
      }
    },
    {
      "type": "Feature",
      "geometry": {
        "type": "LineString",
        "coordinates": [
          [
            293.74,
            12.9
          ],
          [
            300.53,
            -20.61
          ]
        ]
      },
      "properties": {
        "id": 1123,
        "type": "EDGE",
        "edgeType": "STONE_FENCE"
      }
    },
    {
      "type": "Feature",
      "geometry": {
        "type": "LineString",
        "coordinates": [
          [
            300.53,
            -20.61
          ],
          [
            306.48,
            -53.75
          ]
        ]
      },
      "properties": {
        "id": 1124,
        "type": "EDGE",
        "edgeType": "STONE_FENCE"
      }
    },
    {
      "type": "Feature",
      "geometry": {
        "type": "LineString",
        "coordinates": [
          [
            306.48,
            -53.75
          ],
          [
            308.95,
            -70.28
          ]
        ]
      },
      "properties": {
        "id": 1125,
        "type": "EDGE",
        "edgeType": "STONE_FENCE"
      }
    },
    {
      "type": "Feature",
      "geometry": {
        "type": "LineString",
        "coordinates": [
          [
            308.95,
            -70.28
          ],
          [
            405.11,
            -55.91
          ]
        ]
      },
      "properties": {
        "id": 1126,
        "type": "EDGE",
        "edgeType": "STONE_FENCE"
      }
    },
    {
      "type": "Feature",
      "geometry": {
        "type": "LineString",
        "coordinates": [
          [
            426.74,
            -239.24
          ],
          [
            424.03,
            -211.96
          ]
        ]
      },
      "properties": {
        "id": 1127,
        "type": "EDGE",
        "edgeType": "STONE_FENCE"
      }
    },
    {
      "type": "Feature",
      "geometry": {
        "type": "LineString",
        "coordinates": [
          [
            424.03,
            -211.96
          ],
          [
            423.65,
            -206.88
          ]
        ]
      },
      "properties": {
        "id": 1128,
        "type": "EDGE",
        "edgeType": "STONE_FENCE"
      }
    },
    {
      "type": "Feature",
      "geometry": {
        "type": "LineString",
        "coordinates": [
          [
            423.65,
            -206.88
          ],
          [
            420.12,
            -207.14
          ]
        ]
      },
      "properties": {
        "id": 1129,
        "type": "EDGE",
        "edgeType": "STONE_FENCE"
      }
    },
    {
      "type": "Feature",
      "geometry": {
        "type": "LineString",
        "coordinates": [
          [
            420.12,
            -207.14
          ],
          [
            418.77,
            -189.05
          ]
        ]
      },
      "properties": {
        "id": 1130,
        "type": "EDGE",
        "edgeType": "STONE_FENCE"
      }
    },
    {
      "type": "Feature",
      "geometry": {
        "type": "LineString",
        "coordinates": [
          [
            418.77,
            -189.05
          ],
          [
            422.3,
            -188.79
          ]
        ]
      },
      "properties": {
        "id": 1131,
        "type": "EDGE",
        "edgeType": "STONE_FENCE"
      }
    },
    {
      "type": "Feature",
      "geometry": {
        "type": "LineString",
        "coordinates": [
          [
            422.3,
            -188.79
          ],
          [
            418.32,
            -133.92
          ]
        ]
      },
      "properties": {
        "id": 1132,
        "type": "EDGE",
        "edgeType": "STONE_FENCE"
      }
    },
    {
      "type": "Feature",
      "geometry": {
        "type": "LineString",
        "coordinates": [
          [
            418.32,
            -133.92
          ],
          [
            411.44,
            -84.54
          ]
        ]
      },
      "properties": {
        "id": 1133,
        "type": "EDGE",
        "edgeType": "STONE_FENCE"
      }
    },
    {
      "type": "Feature",
      "geometry": {
        "type": "LineString",
        "coordinates": [
          [
            411.44,
            -84.54
          ],
          [
            405.97,
            -59.82
          ]
        ]
      },
      "properties": {
        "id": 1134,
        "type": "EDGE",
        "edgeType": "STONE_FENCE"
      }
    },
    {
      "type": "Feature",
      "geometry": {
        "type": "LineString",
        "coordinates": [
          [
            405.97,
            -59.82
          ],
          [
            309.54,
            -74.24
          ]
        ]
      },
      "properties": {
        "id": 1135,
        "type": "EDGE",
        "edgeType": "STONE_FENCE"
      }
    },
    {
      "type": "Feature",
      "geometry": {
        "type": "LineString",
        "coordinates": [
          [
            309.54,
            -74.24
          ],
          [
            311.46,
            -87.08
          ]
        ]
      },
      "properties": {
        "id": 1136,
        "type": "EDGE",
        "edgeType": "STONE_FENCE"
      }
    },
    {
      "type": "Feature",
      "geometry": {
        "type": "LineString",
        "coordinates": [
          [
            311.46,
            -87.08
          ],
          [
            307.58,
            -120.4
          ]
        ]
      },
      "properties": {
        "id": 1137,
        "type": "EDGE",
        "edgeType": "STONE_FENCE"
      }
    },
    {
      "type": "Feature",
      "geometry": {
        "type": "LineString",
        "coordinates": [
          [
            307.58,
            -120.4
          ],
          [
            304.02,
            -128.96
          ]
        ]
      },
      "properties": {
        "id": 1138,
        "type": "EDGE",
        "edgeType": "STONE_FENCE"
      }
    },
    {
      "type": "Feature",
      "geometry": {
        "type": "LineString",
        "coordinates": [
          [
            304.02,
            -128.96
          ],
          [
            316.06,
            -250.23
          ]
        ]
      },
      "properties": {
        "id": 1139,
        "type": "EDGE",
        "edgeType": "STONE_FENCE"
      }
    },
    {
      "type": "Feature",
      "geometry": {
        "type": "LineString",
        "coordinates": [
          [
            316.06,
            -250.23
          ],
          [
            426.74,
            -239.24
          ]
        ]
      },
      "properties": {
        "id": 1140,
        "type": "EDGE",
        "edgeType": "STONE_FENCE"
      }
    },
    {
      "type": "Feature",
      "geometry": {
        "type": "LineString",
        "coordinates": [
          [
            510.02,
            -140.62
          ],
          [
            503.08,
            -44.36
          ]
        ]
      },
      "properties": {
        "id": 1141,
        "type": "EDGE",
        "edgeType": "STONE_FENCE"
      }
    },
    {
      "type": "Feature",
      "geometry": {
        "type": "LineString",
        "coordinates": [
          [
            503.08,
            -44.36
          ],
          [
            529.26,
            48.27
          ]
        ]
      },
      "properties": {
        "id": 1142,
        "type": "EDGE",
        "edgeType": "STONE_FENCE"
      }
    },
    {
      "type": "Feature",
      "geometry": {
        "type": "LineString",
        "coordinates": [
          [
            529.26,
            48.27
          ],
          [
            373.92,
            92.33
          ]
        ]
      },
      "properties": {
        "id": 1143,
        "type": "EDGE",
        "edgeType": "STONE_FENCE"
      }
    },
    {
      "type": "Feature",
      "geometry": {
        "type": "LineString",
        "coordinates": [
          [
            373.92,
            92.33
          ],
          [
            385.33,
            63.29
          ]
        ]
      },
      "properties": {
        "id": 1144,
        "type": "EDGE",
        "edgeType": "STONE_FENCE"
      }
    },
    {
      "type": "Feature",
      "geometry": {
        "type": "LineString",
        "coordinates": [
          [
            385.33,
            63.29
          ],
          [
            394.02,
            13.89
          ]
        ]
      },
      "properties": {
        "id": 1145,
        "type": "EDGE",
        "edgeType": "STONE_FENCE"
      }
    },
    {
      "type": "Feature",
      "geometry": {
        "type": "LineString",
        "coordinates": [
          [
            394.02,
            13.89
          ],
          [
            415.38,
            -83.84
          ]
        ]
      },
      "properties": {
        "id": 1146,
        "type": "EDGE",
        "edgeType": "STONE_FENCE"
      }
    },
    {
      "type": "Feature",
      "geometry": {
        "type": "LineString",
        "coordinates": [
          [
            415.38,
            -83.84
          ],
          [
            422.3,
            -133.5
          ]
        ]
      },
      "properties": {
        "id": 1147,
        "type": "EDGE",
        "edgeType": "STONE_FENCE"
      }
    },
    {
      "type": "Feature",
      "geometry": {
        "type": "LineString",
        "coordinates": [
          [
            422.3,
            -133.5
          ],
          [
            423.26,
            -146.88
          ]
        ]
      },
      "properties": {
        "id": 1148,
        "type": "EDGE",
        "edgeType": "STONE_FENCE"
      }
    },
    {
      "type": "Feature",
      "geometry": {
        "type": "LineString",
        "coordinates": [
          [
            423.26,
            -146.88
          ],
          [
            510.02,
            -140.62
          ]
        ]
      },
      "properties": {
        "id": 1149,
        "type": "EDGE",
        "edgeType": "STONE_FENCE"
      }
    },
    {
      "type": "Feature",
      "geometry": {
        "type": "LineString",
        "coordinates": [
          [
            535.9,
            -925.09
          ],
          [
            201.25,
            -592.78
          ]
        ]
      },
      "properties": {
        "id": 1150,
        "type": "EDGE",
        "edgeType": "STONE_FENCE"
      }
    },
    {
      "type": "Feature",
      "geometry": {
        "type": "LineString",
        "coordinates": [
          [
            201.25,
            -592.78
          ],
          [
            152.51,
            -648.5
          ]
        ]
      },
      "properties": {
        "id": 1151,
        "type": "EDGE",
        "edgeType": "STONE_FENCE"
      }
    },
    {
      "type": "Feature",
      "geometry": {
        "type": "LineString",
        "coordinates": [
          [
            152.51,
            -648.5
          ],
          [
            166.42,
            -660.68
          ]
        ]
      },
      "properties": {
        "id": 1152,
        "type": "EDGE",
        "edgeType": "STONE_FENCE"
      }
    },
    {
      "type": "Feature",
      "geometry": {
        "type": "LineString",
        "coordinates": [
          [
            166.42,
            -660.68
          ],
          [
            239.34,
            -729.19
          ]
        ]
      },
      "properties": {
        "id": 1153,
        "type": "EDGE",
        "edgeType": "STONE_FENCE"
      }
    },
    {
      "type": "Feature",
      "geometry": {
        "type": "LineString",
        "coordinates": [
          [
            239.34,
            -729.19
          ],
          [
            311.28,
            -798.56
          ]
        ]
      },
      "properties": {
        "id": 1154,
        "type": "EDGE",
        "edgeType": "STONE_FENCE"
      }
    },
    {
      "type": "Feature",
      "geometry": {
        "type": "LineString",
        "coordinates": [
          [
            311.28,
            -798.56
          ],
          [
            465.17,
            -926.32
          ]
        ]
      },
      "properties": {
        "id": 1155,
        "type": "EDGE",
        "edgeType": "STONE_FENCE"
      }
    },
    {
      "type": "Feature",
      "geometry": {
        "type": "LineString",
        "coordinates": [
          [
            465.17,
            -926.32
          ],
          [
            500.17,
            -961.07
          ]
        ]
      },
      "properties": {
        "id": 1156,
        "type": "EDGE",
        "edgeType": "STONE_FENCE"
      }
    },
    {
      "type": "Feature",
      "geometry": {
        "type": "LineString",
        "coordinates": [
          [
            500.17,
            -961.07
          ],
          [
            535.9,
            -925.09
          ]
        ]
      },
      "properties": {
        "id": 1157,
        "type": "EDGE",
        "edgeType": "STONE_FENCE"
      }
    },
    {
      "type": "Feature",
      "geometry": {
        "type": "LineString",
        "coordinates": [
          [
            677.58,
            -982.01
          ],
          [
            630.63,
            -893.85
          ]
        ]
      },
      "properties": {
        "id": 1158,
        "type": "EDGE",
        "edgeType": "STONE_FENCE"
      }
    },
    {
      "type": "Feature",
      "geometry": {
        "type": "LineString",
        "coordinates": [
          [
            630.63,
            -893.85
          ],
          [
            578.06,
            -808.85
          ]
        ]
      },
      "properties": {
        "id": 1159,
        "type": "EDGE",
        "edgeType": "STONE_FENCE"
      }
    },
    {
      "type": "Feature",
      "geometry": {
        "type": "LineString",
        "coordinates": [
          [
            578.06,
            -808.85
          ],
          [
            526.5,
            -723.23
          ]
        ]
      },
      "properties": {
        "id": 1160,
        "type": "EDGE",
        "edgeType": "STONE_FENCE"
      }
    },
    {
      "type": "Feature",
      "geometry": {
        "type": "LineString",
        "coordinates": [
          [
            526.5,
            -723.23
          ],
          [
            469.47,
            -641.21
          ]
        ]
      },
      "properties": {
        "id": 1161,
        "type": "EDGE",
        "edgeType": "STONE_FENCE"
      }
    },
    {
      "type": "Feature",
      "geometry": {
        "type": "LineString",
        "coordinates": [
          [
            469.47,
            -641.21
          ],
          [
            419.93,
            -575.74
          ]
        ]
      },
      "properties": {
        "id": 1162,
        "type": "EDGE",
        "edgeType": "STONE_FENCE"
      }
    },
    {
      "type": "Feature",
      "geometry": {
        "type": "LineString",
        "coordinates": [
          [
            419.93,
            -575.74
          ],
          [
            374.55,
            -610.07
          ]
        ]
      },
      "properties": {
        "id": 1163,
        "type": "EDGE",
        "edgeType": "STONE_FENCE"
      }
    },
    {
      "type": "Feature",
      "geometry": {
        "type": "LineString",
        "coordinates": [
          [
            374.55,
            -610.07
          ],
          [
            334.58,
            -651.58
          ]
        ]
      },
      "properties": {
        "id": 1164,
        "type": "EDGE",
        "edgeType": "STONE_FENCE"
      }
    },
    {
      "type": "Feature",
      "geometry": {
        "type": "LineString",
        "coordinates": [
          [
            334.58,
            -651.58
          ],
          [
            357.76,
            -673.91
          ]
        ]
      },
      "properties": {
        "id": 1165,
        "type": "EDGE",
        "edgeType": "STONE_FENCE"
      }
    },
    {
      "type": "Feature",
      "geometry": {
        "type": "LineString",
        "coordinates": [
          [
            357.76,
            -673.91
          ],
          [
            435.8,
            -736.39
          ]
        ]
      },
      "properties": {
        "id": 1166,
        "type": "EDGE",
        "edgeType": "STONE_FENCE"
      }
    },
    {
      "type": "Feature",
      "geometry": {
        "type": "LineString",
        "coordinates": [
          [
            435.8,
            -736.39
          ],
          [
            472.99,
            -769.97
          ]
        ]
      },
      "properties": {
        "id": 1167,
        "type": "EDGE",
        "edgeType": "STONE_FENCE"
      }
    },
    {
      "type": "Feature",
      "geometry": {
        "type": "LineString",
        "coordinates": [
          [
            472.99,
            -769.97
          ],
          [
            508.25,
            -805.62
          ]
        ]
      },
      "properties": {
        "id": 1168,
        "type": "EDGE",
        "edgeType": "STONE_FENCE"
      }
    },
    {
      "type": "Feature",
      "geometry": {
        "type": "LineString",
        "coordinates": [
          [
            508.25,
            -805.62
          ],
          [
            540.5,
            -843.85
          ]
        ]
      },
      "properties": {
        "id": 1169,
        "type": "EDGE",
        "edgeType": "STONE_FENCE"
      }
    },
    {
      "type": "Feature",
      "geometry": {
        "type": "LineString",
        "coordinates": [
          [
            540.5,
            -843.85
          ],
          [
            574.75,
            -880.27
          ]
        ]
      },
      "properties": {
        "id": 1170,
        "type": "EDGE",
        "edgeType": "STONE_FENCE"
      }
    },
    {
      "type": "Feature",
      "geometry": {
        "type": "LineString",
        "coordinates": [
          [
            574.75,
            -880.27
          ],
          [
            607.34,
            -918.15
          ]
        ]
      },
      "properties": {
        "id": 1171,
        "type": "EDGE",
        "edgeType": "STONE_FENCE"
      }
    },
    {
      "type": "Feature",
      "geometry": {
        "type": "LineString",
        "coordinates": [
          [
            607.34,
            -918.15
          ],
          [
            642.61,
            -953.46
          ]
        ]
      },
      "properties": {
        "id": 1172,
        "type": "EDGE",
        "edgeType": "STONE_FENCE"
      }
    },
    {
      "type": "Feature",
      "geometry": {
        "type": "LineString",
        "coordinates": [
          [
            642.61,
            -953.46
          ],
          [
            681.83,
            -991.14
          ]
        ]
      },
      "properties": {
        "id": 1173,
        "type": "EDGE",
        "edgeType": "STONE_FENCE"
      }
    },
    {
      "type": "Feature",
      "geometry": {
        "type": "LineString",
        "coordinates": [
          [
            681.83,
            -991.14
          ],
          [
            677.58,
            -982.01
          ]
        ]
      },
      "properties": {
        "id": 1174,
        "type": "EDGE",
        "edgeType": "STONE_FENCE"
      }
    },
    {
      "type": "Feature",
      "geometry": {
        "type": "LineString",
        "coordinates": [
          [
            -780.7,
            -998
          ],
          [
            -776.32,
            -911.79
          ]
        ]
      },
      "properties": {
        "id": 1175,
        "type": "EDGE",
        "edgeType": "STONE_FENCE"
      }
    },
    {
      "type": "Feature",
      "geometry": {
        "type": "LineString",
        "coordinates": [
          [
            -776.32,
            -911.79
          ],
          [
            -774.07,
            -876.84
          ]
        ]
      },
      "properties": {
        "id": 1176,
        "type": "EDGE",
        "edgeType": "STONE_FENCE"
      }
    },
    {
      "type": "Feature",
      "geometry": {
        "type": "LineString",
        "coordinates": [
          [
            -774.07,
            -876.84
          ],
          [
            -998,
            -876.84
          ]
        ]
      },
      "properties": {
        "id": 1177,
        "type": "EDGE",
        "edgeType": "STONE_FENCE"
      }
    },
    {
      "type": "Feature",
      "geometry": {
        "type": "LineString",
        "coordinates": [
          [
            -998,
            -876.84
          ],
          [
            -998,
            -998
          ]
        ]
      },
      "properties": {
        "id": 1178,
        "type": "EDGE",
        "edgeType": "STONE_FENCE"
      }
    },
    {
      "type": "Feature",
      "geometry": {
        "type": "LineString",
        "coordinates": [
          [
            -998,
            -998
          ],
          [
            -780.7,
            -998
          ]
        ]
      },
      "properties": {
        "id": 1179,
        "type": "EDGE",
        "edgeType": "STONE_FENCE"
      }
    },
    {
      "type": "Feature",
      "geometry": {
        "type": "LineString",
        "coordinates": [
          [
            -728.27,
            -480.1
          ],
          [
            -766.16,
            -441.3
          ]
        ]
      },
      "properties": {
        "id": 1180,
        "type": "EDGE",
        "edgeType": "STONE_FENCE"
      }
    },
    {
      "type": "Feature",
      "geometry": {
        "type": "LineString",
        "coordinates": [
          [
            -766.16,
            -441.3
          ],
          [
            -801.04,
            -474.2
          ]
        ]
      },
      "properties": {
        "id": 1181,
        "type": "EDGE",
        "edgeType": "STONE_FENCE"
      }
    },
    {
      "type": "Feature",
      "geometry": {
        "type": "LineString",
        "coordinates": [
          [
            -801.04,
            -474.2
          ],
          [
            -804.38,
            -477.91
          ]
        ]
      },
      "properties": {
        "id": 1182,
        "type": "EDGE",
        "edgeType": "STONE_FENCE"
      }
    },
    {
      "type": "Feature",
      "geometry": {
        "type": "LineString",
        "coordinates": [
          [
            -804.38,
            -477.91
          ],
          [
            -801.75,
            -480.28
          ]
        ]
      },
      "properties": {
        "id": 1183,
        "type": "EDGE",
        "edgeType": "STONE_FENCE"
      }
    },
    {
      "type": "Feature",
      "geometry": {
        "type": "LineString",
        "coordinates": [
          [
            -801.75,
            -480.28
          ],
          [
            -813.89,
            -493.76
          ]
        ]
      },
      "properties": {
        "id": 1184,
        "type": "EDGE",
        "edgeType": "STONE_FENCE"
      }
    },
    {
      "type": "Feature",
      "geometry": {
        "type": "LineString",
        "coordinates": [
          [
            -813.89,
            -493.76
          ],
          [
            -816.52,
            -491.4
          ]
        ]
      },
      "properties": {
        "id": 1185,
        "type": "EDGE",
        "edgeType": "STONE_FENCE"
      }
    },
    {
      "type": "Feature",
      "geometry": {
        "type": "LineString",
        "coordinates": [
          [
            -816.52,
            -491.4
          ],
          [
            -819.94,
            -495.19
          ]
        ]
      },
      "properties": {
        "id": 1186,
        "type": "EDGE",
        "edgeType": "STONE_FENCE"
      }
    },
    {
      "type": "Feature",
      "geometry": {
        "type": "LineString",
        "coordinates": [
          [
            -819.94,
            -495.19
          ],
          [
            -854.74,
            -531.05
          ]
        ]
      },
      "properties": {
        "id": 1187,
        "type": "EDGE",
        "edgeType": "STONE_FENCE"
      }
    },
    {
      "type": "Feature",
      "geometry": {
        "type": "LineString",
        "coordinates": [
          [
            -854.74,
            -531.05
          ],
          [
            -887.16,
            -569.13
          ]
        ]
      },
      "properties": {
        "id": 1188,
        "type": "EDGE",
        "edgeType": "STONE_FENCE"
      }
    },
    {
      "type": "Feature",
      "geometry": {
        "type": "LineString",
        "coordinates": [
          [
            -887.16,
            -569.13
          ],
          [
            -922.15,
            -604.83
          ]
        ]
      },
      "properties": {
        "id": 1189,
        "type": "EDGE",
        "edgeType": "STONE_FENCE"
      }
    },
    {
      "type": "Feature",
      "geometry": {
        "type": "LineString",
        "coordinates": [
          [
            -922.15,
            -604.83
          ],
          [
            -954.14,
            -643.23
          ]
        ]
      },
      "properties": {
        "id": 1190,
        "type": "EDGE",
        "edgeType": "STONE_FENCE"
      }
    },
    {
      "type": "Feature",
      "geometry": {
        "type": "LineString",
        "coordinates": [
          [
            -954.14,
            -643.23
          ],
          [
            -998,
            -689.27
          ]
        ]
      },
      "properties": {
        "id": 1191,
        "type": "EDGE",
        "edgeType": "STONE_FENCE"
      }
    },
    {
      "type": "Feature",
      "geometry": {
        "type": "LineString",
        "coordinates": [
          [
            -998,
            -689.27
          ],
          [
            -998,
            -743.51
          ]
        ]
      },
      "properties": {
        "id": 1192,
        "type": "EDGE",
        "edgeType": "STONE_FENCE"
      }
    },
    {
      "type": "Feature",
      "geometry": {
        "type": "LineString",
        "coordinates": [
          [
            -998,
            -743.51
          ],
          [
            -728.27,
            -480.1
          ]
        ]
      },
      "properties": {
        "id": 1193,
        "type": "EDGE",
        "edgeType": "STONE_FENCE"
      }
    },
    {
      "type": "Feature",
      "geometry": {
        "type": "LineString",
        "coordinates": [
          [
            -685.66,
            -64.65
          ],
          [
            -735.02,
            -16.04
          ]
        ]
      },
      "properties": {
        "id": 1194,
        "type": "EDGE",
        "edgeType": "STONE_FENCE"
      }
    },
    {
      "type": "Feature",
      "geometry": {
        "type": "LineString",
        "coordinates": [
          [
            -735.02,
            -16.04
          ],
          [
            -810.17,
            49.59
          ]
        ]
      },
      "properties": {
        "id": 1195,
        "type": "EDGE",
        "edgeType": "STONE_FENCE"
      }
    },
    {
      "type": "Feature",
      "geometry": {
        "type": "LineString",
        "coordinates": [
          [
            -810.17,
            49.59
          ],
          [
            -848.32,
            78.21
          ]
        ]
      },
      "properties": {
        "id": 1196,
        "type": "EDGE",
        "edgeType": "STONE_FENCE"
      }
    },
    {
      "type": "Feature",
      "geometry": {
        "type": "LineString",
        "coordinates": [
          [
            -848.32,
            78.21
          ],
          [
            -852.73,
            37.93
          ]
        ]
      },
      "properties": {
        "id": 1197,
        "type": "EDGE",
        "edgeType": "STONE_FENCE"
      }
    },
    {
      "type": "Feature",
      "geometry": {
        "type": "LineString",
        "coordinates": [
          [
            -852.73,
            37.93
          ],
          [
            -865.48,
            -61.33
          ]
        ]
      },
      "properties": {
        "id": 1198,
        "type": "EDGE",
        "edgeType": "STONE_FENCE"
      }
    },
    {
      "type": "Feature",
      "geometry": {
        "type": "LineString",
        "coordinates": [
          [
            -865.48,
            -61.33
          ],
          [
            -883.87,
            -159.67
          ]
        ]
      },
      "properties": {
        "id": 1199,
        "type": "EDGE",
        "edgeType": "STONE_FENCE"
      }
    },
    {
      "type": "Feature",
      "geometry": {
        "type": "LineString",
        "coordinates": [
          [
            -883.87,
            -159.67
          ],
          [
            -896.84,
            -236.92
          ]
        ]
      },
      "properties": {
        "id": 1200,
        "type": "EDGE",
        "edgeType": "STONE_FENCE"
      }
    },
    {
      "type": "Feature",
      "geometry": {
        "type": "LineString",
        "coordinates": [
          [
            -896.84,
            -236.92
          ],
          [
            -882.77,
            -242.24
          ]
        ]
      },
      "properties": {
        "id": 1201,
        "type": "EDGE",
        "edgeType": "STONE_FENCE"
      }
    },
    {
      "type": "Feature",
      "geometry": {
        "type": "LineString",
        "coordinates": [
          [
            -882.77,
            -242.24
          ],
          [
            -873.48,
            -255.37
          ]
        ]
      },
      "properties": {
        "id": 1202,
        "type": "EDGE",
        "edgeType": "STONE_FENCE"
      }
    },
    {
      "type": "Feature",
      "geometry": {
        "type": "LineString",
        "coordinates": [
          [
            -873.48,
            -255.37
          ],
          [
            -685.66,
            -64.65
          ]
        ]
      },
      "properties": {
        "id": 1203,
        "type": "EDGE",
        "edgeType": "STONE_FENCE"
      }
    },
    {
      "type": "Feature",
      "geometry": {
        "type": "LineString",
        "coordinates": [
          [
            -957.13,
            -640.57
          ],
          [
            -925.12,
            -602.14
          ]
        ]
      },
      "properties": {
        "id": 1204,
        "type": "EDGE",
        "edgeType": "STONE_FENCE"
      }
    },
    {
      "type": "Feature",
      "geometry": {
        "type": "LineString",
        "coordinates": [
          [
            -925.12,
            -602.14
          ],
          [
            -890.11,
            -566.43
          ]
        ]
      },
      "properties": {
        "id": 1205,
        "type": "EDGE",
        "edgeType": "STONE_FENCE"
      }
    },
    {
      "type": "Feature",
      "geometry": {
        "type": "LineString",
        "coordinates": [
          [
            -890.11,
            -566.43
          ],
          [
            -857.7,
            -528.36
          ]
        ]
      },
      "properties": {
        "id": 1206,
        "type": "EDGE",
        "edgeType": "STONE_FENCE"
      }
    },
    {
      "type": "Feature",
      "geometry": {
        "type": "LineString",
        "coordinates": [
          [
            -857.7,
            -528.36
          ],
          [
            -822.86,
            -492.46
          ]
        ]
      },
      "properties": {
        "id": 1207,
        "type": "EDGE",
        "edgeType": "STONE_FENCE"
      }
    },
    {
      "type": "Feature",
      "geometry": {
        "type": "LineString",
        "coordinates": [
          [
            -822.86,
            -492.46
          ],
          [
            -819.49,
            -488.72
          ]
        ]
      },
      "properties": {
        "id": 1208,
        "type": "EDGE",
        "edgeType": "STONE_FENCE"
      }
    },
    {
      "type": "Feature",
      "geometry": {
        "type": "LineString",
        "coordinates": [
          [
            -819.49,
            -488.72
          ],
          [
            -822.12,
            -486.35
          ]
        ]
      },
      "properties": {
        "id": 1209,
        "type": "EDGE",
        "edgeType": "STONE_FENCE"
      }
    },
    {
      "type": "Feature",
      "geometry": {
        "type": "LineString",
        "coordinates": [
          [
            -822.12,
            -486.35
          ],
          [
            -820.8,
            -484.89
          ]
        ]
      },
      "properties": {
        "id": 1210,
        "type": "EDGE",
        "edgeType": "STONE_FENCE"
      }
    },
    {
      "type": "Feature",
      "geometry": {
        "type": "LineString",
        "coordinates": [
          [
            -820.8,
            -484.89
          ],
          [
            -873.1,
            -354.92
          ]
        ]
      },
      "properties": {
        "id": 1211,
        "type": "EDGE",
        "edgeType": "STONE_FENCE"
      }
    },
    {
      "type": "Feature",
      "geometry": {
        "type": "LineString",
        "coordinates": [
          [
            -873.1,
            -354.92
          ],
          [
            -897.32,
            -364.67
          ]
        ]
      },
      "properties": {
        "id": 1212,
        "type": "EDGE",
        "edgeType": "STONE_FENCE"
      }
    },
    {
      "type": "Feature",
      "geometry": {
        "type": "LineString",
        "coordinates": [
          [
            -897.32,
            -364.67
          ],
          [
            -928.43,
            -360.74
          ]
        ]
      },
      "properties": {
        "id": 1213,
        "type": "EDGE",
        "edgeType": "STONE_FENCE"
      }
    },
    {
      "type": "Feature",
      "geometry": {
        "type": "LineString",
        "coordinates": [
          [
            -928.43,
            -360.74
          ],
          [
            -956.59,
            -352.1
          ]
        ]
      },
      "properties": {
        "id": 1214,
        "type": "EDGE",
        "edgeType": "STONE_FENCE"
      }
    },
    {
      "type": "Feature",
      "geometry": {
        "type": "LineString",
        "coordinates": [
          [
            -956.59,
            -352.1
          ],
          [
            -981.89,
            -337.71
          ]
        ]
      },
      "properties": {
        "id": 1215,
        "type": "EDGE",
        "edgeType": "STONE_FENCE"
      }
    },
    {
      "type": "Feature",
      "geometry": {
        "type": "LineString",
        "coordinates": [
          [
            -981.89,
            -337.71
          ],
          [
            -987.09,
            -323.79
          ]
        ]
      },
      "properties": {
        "id": 1216,
        "type": "EDGE",
        "edgeType": "STONE_FENCE"
      }
    },
    {
      "type": "Feature",
      "geometry": {
        "type": "LineString",
        "coordinates": [
          [
            -987.09,
            -323.79
          ],
          [
            -998,
            -326.7
          ]
        ]
      },
      "properties": {
        "id": 1217,
        "type": "EDGE",
        "edgeType": "STONE_FENCE"
      }
    },
    {
      "type": "Feature",
      "geometry": {
        "type": "LineString",
        "coordinates": [
          [
            -998,
            -326.7
          ],
          [
            -998,
            -683.47
          ]
        ]
      },
      "properties": {
        "id": 1218,
        "type": "EDGE",
        "edgeType": "STONE_FENCE"
      }
    },
    {
      "type": "Feature",
      "geometry": {
        "type": "LineString",
        "coordinates": [
          [
            -998,
            -683.47
          ],
          [
            -957.13,
            -640.57
          ]
        ]
      },
      "properties": {
        "id": 1219,
        "type": "EDGE",
        "edgeType": "STONE_FENCE"
      }
    },
    {
      "type": "Feature",
      "geometry": {
        "type": "LineString",
        "coordinates": [
          [
            -586.98,
            -5.23
          ],
          [
            -568.69,
            81.74
          ]
        ]
      },
      "properties": {
        "id": 1220,
        "type": "EDGE",
        "edgeType": "STONE_FENCE"
      }
    },
    {
      "type": "Feature",
      "geometry": {
        "type": "LineString",
        "coordinates": [
          [
            -568.69,
            81.74
          ],
          [
            -576.99,
            83.48
          ]
        ]
      },
      "properties": {
        "id": 1221,
        "type": "EDGE",
        "edgeType": "STONE_FENCE"
      }
    },
    {
      "type": "Feature",
      "geometry": {
        "type": "LineString",
        "coordinates": [
          [
            -576.99,
            83.48
          ],
          [
            -684.05,
            176.98
          ]
        ]
      },
      "properties": {
        "id": 1222,
        "type": "EDGE",
        "edgeType": "STONE_FENCE"
      }
    },
    {
      "type": "Feature",
      "geometry": {
        "type": "LineString",
        "coordinates": [
          [
            -684.05,
            176.98
          ],
          [
            -797.13,
            47.5
          ]
        ]
      },
      "properties": {
        "id": 1223,
        "type": "EDGE",
        "edgeType": "STONE_FENCE"
      }
    },
    {
      "type": "Feature",
      "geometry": {
        "type": "LineString",
        "coordinates": [
          [
            -797.13,
            47.5
          ],
          [
            -730.26,
            -10.9
          ]
        ]
      },
      "properties": {
        "id": 1224,
        "type": "EDGE",
        "edgeType": "STONE_FENCE"
      }
    },
    {
      "type": "Feature",
      "geometry": {
        "type": "LineString",
        "coordinates": [
          [
            -730.26,
            -10.9
          ],
          [
            -660.36,
            -79.74
          ]
        ]
      },
      "properties": {
        "id": 1225,
        "type": "EDGE",
        "edgeType": "STONE_FENCE"
      }
    },
    {
      "type": "Feature",
      "geometry": {
        "type": "LineString",
        "coordinates": [
          [
            -660.36,
            -79.74
          ],
          [
            -586.98,
            -5.23
          ]
        ]
      },
      "properties": {
        "id": 1226,
        "type": "EDGE",
        "edgeType": "STONE_FENCE"
      }
    },
    {
      "type": "Feature",
      "geometry": {
        "type": "LineString",
        "coordinates": [
          [
            -420.26,
            67.62
          ],
          [
            -400.3,
            165.63
          ]
        ]
      },
      "properties": {
        "id": 1227,
        "type": "EDGE",
        "edgeType": "STONE_FENCE"
      }
    },
    {
      "type": "Feature",
      "geometry": {
        "type": "LineString",
        "coordinates": [
          [
            -400.3,
            165.63
          ],
          [
            -397.4,
            178.18
          ]
        ]
      },
      "properties": {
        "id": 1228,
        "type": "EDGE",
        "edgeType": "STONE_FENCE"
      }
    },
    {
      "type": "Feature",
      "geometry": {
        "type": "LineString",
        "coordinates": [
          [
            -397.4,
            178.18
          ],
          [
            -414.98,
            211.11
          ]
        ]
      },
      "properties": {
        "id": 1229,
        "type": "EDGE",
        "edgeType": "STONE_FENCE"
      }
    },
    {
      "type": "Feature",
      "geometry": {
        "type": "LineString",
        "coordinates": [
          [
            -414.98,
            211.11
          ],
          [
            -428.36,
            237.72
          ]
        ]
      },
      "properties": {
        "id": 1230,
        "type": "EDGE",
        "edgeType": "STONE_FENCE"
      }
    },
    {
      "type": "Feature",
      "geometry": {
        "type": "LineString",
        "coordinates": [
          [
            -428.36,
            237.72
          ],
          [
            -526.82,
            188.22
          ]
        ]
      },
      "properties": {
        "id": 1231,
        "type": "EDGE",
        "edgeType": "STONE_FENCE"
      }
    },
    {
      "type": "Feature",
      "geometry": {
        "type": "LineString",
        "coordinates": [
          [
            -526.82,
            188.22
          ],
          [
            -597.79,
            106.95
          ]
        ]
      },
      "properties": {
        "id": 1232,
        "type": "EDGE",
        "edgeType": "STONE_FENCE"
      }
    },
    {
      "type": "Feature",
      "geometry": {
        "type": "LineString",
        "coordinates": [
          [
            -597.79,
            106.95
          ],
          [
            -575.15,
            87.18
          ]
        ]
      },
      "properties": {
        "id": 1233,
        "type": "EDGE",
        "edgeType": "STONE_FENCE"
      }
    },
    {
      "type": "Feature",
      "geometry": {
        "type": "LineString",
        "coordinates": [
          [
            -575.15,
            87.18
          ],
          [
            -422.88,
            55.16
          ]
        ]
      },
      "properties": {
        "id": 1234,
        "type": "EDGE",
        "edgeType": "STONE_FENCE"
      }
    },
    {
      "type": "Feature",
      "geometry": {
        "type": "LineString",
        "coordinates": [
          [
            -422.88,
            55.16
          ],
          [
            -420.26,
            67.62
          ]
        ]
      },
      "properties": {
        "id": 1235,
        "type": "EDGE",
        "edgeType": "STONE_FENCE"
      }
    },
    {
      "type": "Feature",
      "geometry": {
        "type": "LineString",
        "coordinates": [
          [
            -856.7,
            38.4
          ],
          [
            -852.04,
            81
          ]
        ]
      },
      "properties": {
        "id": 1236,
        "type": "EDGE",
        "edgeType": "STONE_FENCE"
      }
    },
    {
      "type": "Feature",
      "geometry": {
        "type": "LineString",
        "coordinates": [
          [
            -852.04,
            81
          ],
          [
            -889.88,
            109.38
          ]
        ]
      },
      "properties": {
        "id": 1237,
        "type": "EDGE",
        "edgeType": "STONE_FENCE"
      }
    },
    {
      "type": "Feature",
      "geometry": {
        "type": "LineString",
        "coordinates": [
          [
            -889.88,
            109.38
          ],
          [
            -976.25,
            158.63
          ]
        ]
      },
      "properties": {
        "id": 1238,
        "type": "EDGE",
        "edgeType": "STONE_FENCE"
      }
    },
    {
      "type": "Feature",
      "geometry": {
        "type": "LineString",
        "coordinates": [
          [
            -976.25,
            158.63
          ],
          [
            -998,
            165.62
          ]
        ]
      },
      "properties": {
        "id": 1239,
        "type": "EDGE",
        "edgeType": "STONE_FENCE"
      }
    },
    {
      "type": "Feature",
      "geometry": {
        "type": "LineString",
        "coordinates": [
          [
            -998,
            165.62
          ],
          [
            -998,
            -49.47
          ]
        ]
      },
      "properties": {
        "id": 1240,
        "type": "EDGE",
        "edgeType": "STONE_FENCE"
      }
    },
    {
      "type": "Feature",
      "geometry": {
        "type": "LineString",
        "coordinates": [
          [
            -998,
            -49.47
          ],
          [
            -932.99,
            -49.47
          ]
        ]
      },
      "properties": {
        "id": 1241,
        "type": "EDGE",
        "edgeType": "STONE_FENCE"
      }
    },
    {
      "type": "Feature",
      "geometry": {
        "type": "LineString",
        "coordinates": [
          [
            -932.99,
            -49.47
          ],
          [
            -869.04,
            -57.68
          ]
        ]
      },
      "properties": {
        "id": 1242,
        "type": "EDGE",
        "edgeType": "STONE_FENCE"
      }
    },
    {
      "type": "Feature",
      "geometry": {
        "type": "LineString",
        "coordinates": [
          [
            -869.04,
            -57.68
          ],
          [
            -856.7,
            38.4
          ]
        ]
      },
      "properties": {
        "id": 1243,
        "type": "EDGE",
        "edgeType": "STONE_FENCE"
      }
    },
    {
      "type": "Feature",
      "geometry": {
        "type": "LineString",
        "coordinates": [
          [
            -146.97,
            -398.16
          ],
          [
            -143.38,
            -397.24
          ]
        ]
      },
      "properties": {
        "id": 1244,
        "type": "EDGE",
        "edgeType": "STONE_FENCE"
      }
    },
    {
      "type": "Feature",
      "geometry": {
        "type": "LineString",
        "coordinates": [
          [
            -141.49,
            -396.75
          ],
          [
            -140.38,
            -396.46
          ]
        ]
      },
      "properties": {
        "id": 1245,
        "type": "EDGE",
        "edgeType": "STONE_FENCE"
      }
    },
    {
      "type": "Feature",
      "geometry": {
        "type": "LineString",
        "coordinates": [
          [
            -140.38,
            -396.46
          ],
          [
            -138.93,
            -402.07
          ]
        ]
      },
      "properties": {
        "id": 1246,
        "type": "EDGE",
        "edgeType": "STONE_FENCE"
      }
    },
    {
      "type": "Feature",
      "geometry": {
        "type": "LineString",
        "coordinates": [
          [
            -137.23,
            -408.69
          ],
          [
            -136.98,
            -409.65
          ]
        ]
      },
      "properties": {
        "id": 1247,
        "type": "EDGE",
        "edgeType": "STONE_FENCE"
      }
    },
    {
      "type": "Feature",
      "geometry": {
        "type": "LineString",
        "coordinates": [
          [
            -136.98,
            -409.65
          ],
          [
            -138.98,
            -410.16
          ]
        ]
      },
      "properties": {
        "id": 1248,
        "type": "EDGE",
        "edgeType": "STONE_FENCE"
      }
    },
    {
      "type": "Feature",
      "geometry": {
        "type": "LineString",
        "coordinates": [
          [
            -143.57,
            -411.35
          ],
          [
            -144.82,
            -406.51
          ]
        ]
      },
      "properties": {
        "id": 1249,
        "type": "EDGE",
        "edgeType": "STONE_FENCE"
      }
    },
    {
      "type": "Feature",
      "geometry": {
        "type": "LineString",
        "coordinates": [
          [
            -145.18,
            -405.12
          ],
          [
            -146.14,
            -401.4
          ]
        ]
      },
      "properties": {
        "id": 1250,
        "type": "EDGE",
        "edgeType": "STONE_FENCE"
      }
    },
    {
      "type": "Feature",
      "geometry": {
        "type": "LineString",
        "coordinates": [
          [
            -146.53,
            -399.9
          ],
          [
            -146.97,
            -398.16
          ]
        ]
      },
      "properties": {
        "id": 1251,
        "type": "EDGE",
        "edgeType": "STONE_FENCE"
      }
    },
    {
      "type": "Feature",
      "geometry": {
        "type": "LineString",
        "coordinates": [
          [
            -133.45,
            -419.15
          ],
          [
            -136.76,
            -420
          ]
        ]
      },
      "properties": {
        "id": 1252,
        "type": "EDGE",
        "edgeType": "STONE_FENCE"
      }
    },
    {
      "type": "Feature",
      "geometry": {
        "type": "LineString",
        "coordinates": [
          [
            -137.9,
            -420.3
          ],
          [
            -138.33,
            -420.41
          ]
        ]
      },
      "properties": {
        "id": 1253,
        "type": "EDGE",
        "edgeType": "STONE_FENCE"
      }
    },
    {
      "type": "Feature",
      "geometry": {
        "type": "LineString",
        "coordinates": [
          [
            -140.42,
            -412.31
          ],
          [
            -140.85,
            -410.65
          ]
        ]
      },
      "properties": {
        "id": 1254,
        "type": "EDGE",
        "edgeType": "STONE_FENCE"
      }
    },
    {
      "type": "Feature",
      "geometry": {
        "type": "LineString",
        "coordinates": [
          [
            -135.97,
            -409.39
          ],
          [
            -135.36,
            -411.74
          ]
        ]
      },
      "properties": {
        "id": 1255,
        "type": "EDGE",
        "edgeType": "STONE_FENCE"
      }
    },
    {
      "type": "Feature",
      "geometry": {
        "type": "LineString",
        "coordinates": [
          [
            -135.9,
            -409.66
          ],
          [
            -130.45,
            -408.25
          ]
        ]
      },
      "properties": {
        "id": 1256,
        "type": "EDGE",
        "edgeType": "STONE_FENCE"
      }
    },
    {
      "type": "Feature",
      "geometry": {
        "type": "LineString",
        "coordinates": [
          [
            -126.56,
            -407.25
          ],
          [
            -125.73,
            -410.45
          ]
        ]
      },
      "properties": {
        "id": 1257,
        "type": "EDGE",
        "edgeType": "STONE_FENCE"
      }
    },
    {
      "type": "Feature",
      "geometry": {
        "type": "LineString",
        "coordinates": [
          [
            -125.36,
            -411.89
          ],
          [
            -124.84,
            -413.89
          ]
        ]
      },
      "properties": {
        "id": 1258,
        "type": "EDGE",
        "edgeType": "STONE_FENCE"
      }
    },
    {
      "type": "Feature",
      "geometry": {
        "type": "LineString",
        "coordinates": [
          [
            -124.29,
            -416.04
          ],
          [
            -124.15,
            -416.59
          ]
        ]
      },
      "properties": {
        "id": 1259,
        "type": "EDGE",
        "edgeType": "STONE_FENCE"
      }
    },
    {
      "type": "Feature",
      "geometry": {
        "type": "LineString",
        "coordinates": [
          [
            -124.15,
            -416.59
          ],
          [
            -127.76,
            -417.52
          ]
        ]
      },
      "properties": {
        "id": 1260,
        "type": "EDGE",
        "edgeType": "STONE_FENCE"
      }
    },
    {
      "type": "Feature",
      "geometry": {
        "type": "LineString",
        "coordinates": [
          [
            -134.75,
            -414.1
          ],
          [
            -135.84,
            -409.89
          ]
        ]
      },
      "properties": {
        "id": 1261,
        "type": "EDGE",
        "edgeType": "STONE_FENCE"
      }
    },
    {
      "type": "Feature",
      "geometry": {
        "type": "Polygon",
        "coordinates": [
          [
            [
              -899.52,
              300.34
            ],
            [
              -905.01,
              297.81
            ],
            [
              -910.84,
              290.08
            ],
            [
              -915.16,
              279.16
            ],
            [
              -915.62,
              268.96
            ],
            [
              -910.59,
              261.15
            ],
            [
              -903.86,
              256.17
            ],
            [
              -895.13,
              257.49
            ],
            [
              -887.7,
              263.48
            ],
            [
              -882.08,
              270.22
            ],
            [
              -882.53,
              278.93
            ],
            [
              -884.66,
              287.42
            ],
            [
              -887.56,
              293.83
            ],
            [
              -893.02,
              297.94
            ],
            [
              -899.52,
              300.34
            ]
          ]
        ]
      },
      "properties": {
        "id": 1,
        "type": "WATER"
      }
    },
    {
      "type": "Feature",
      "geometry": {
        "type": "Polygon",
        "coordinates": [
          [
            [
              -418.57,
              362.55
            ],
            [
              -466.09,
              343.58
            ],
            [
              -451.32,
              306.65
            ],
            [
              -430.18,
              260.26
            ],
            [
              -407.43,
              215.02
            ],
            [
              -383.88,
              170.91
            ],
            [
              -338.75,
              195.02
            ],
            [
              -362.3,
              239.12
            ],
            [
              -384.46,
              283.23
            ],
            [
              -404.75,
              327.85
            ],
            [
              -418.57,
              362.55
            ]
          ]
        ]
      },
      "properties": {
        "id": 2,
        "type": "WATER"
      }
    },
    {
      "type": "Feature",
      "geometry": {
        "type": "Polygon",
        "coordinates": [
          [
            [
              -290.52,
              344.55
            ],
            [
              -339.65,
              358.86
            ],
            [
              -367.8,
              262.16
            ],
            [
              -380.61,
              213.09
            ],
            [
              -392,
              163.82
            ],
            [
              -402.23,
              114.66
            ],
            [
              -411.94,
              65.89
            ],
            [
              -422.06,
              17.76
            ],
            [
              -433.59,
              -29.57
            ],
            [
              -447.36,
              -75.98
            ],
            [
              -463.96,
              -121.37
            ],
            [
              -483.55,
              -165.69
            ],
            [
              -505.94,
              -209.01
            ],
            [
              -530.64,
              -251.59
            ],
            [
              -556.9,
              -293.83
            ],
            [
              -583.87,
              -336.26
            ],
            [
              -610.62,
              -379.34
            ],
            [
              -636.3,
              -423.44
            ],
            [
              -660.28,
              -468.71
            ],
            [
              -682.1,
              -515.17
            ],
            [
              -701.48,
              -562.74
            ],
            [
              -718.29,
              -611.28
            ],
            [
              -732.48,
              -660.61
            ],
            [
              -744.06,
              -710.56
            ],
            [
              -753.13,
              -760.93
            ],
            [
              -759.86,
              -811.48
            ],
            [
              -764.59,
              -862
            ],
            [
              -767.84,
              -912.27
            ],
            [
              -770.33,
              -962.16
            ],
            [
              -772.29,
              -1000
            ],
            [
              -721.05,
              -1000
            ],
            [
              -719.23,
              -964.81
            ],
            [
              -716.73,
              -914.83
            ],
            [
              -713.53,
              -865.31
            ],
            [
              -708.92,
              -816.26
            ],
            [
              -702.41,
              -767.7
            ],
            [
              -693.71,
              -719.66
            ],
            [
              -682.64,
              -672.2
            ],
            [
              -669.13,
              -625.45
            ],
            [
              -653.14,
              -579.52
            ],
            [
              -634.73,
              -534.51
            ],
            [
              -613.98,
              -490.49
            ],
            [
              -591.1,
              -447.41
            ],
            [
              -566.41,
              -405.12
            ],
            [
              -540.4,
              -363.25
            ],
            [
              -513.72,
              -321.28
            ],
            [
              -487.18,
              -278.61
            ],
            [
              -461.69,
              -234.69
            ],
            [
              -438.11,
              -189.21
            ],
            [
              -417.18,
              -142.1
            ],
            [
              -399.33,
              -93.61
            ],
            [
              -384.55,
              -44.19
            ],
            [
              -372.35,
              5.63
            ],
            [
              -361.87,
              55.35
            ],
            [
              -352.04,
              104.66
            ],
            [
              -341.9,
              153.4
            ],
            [
              -330.75,
              201.55
            ],
            [
              -318.29,
              249.24
            ],
            [
              -290.52,
              344.55
            ]
          ]
        ]
      },
      "properties": {
        "id": 3,
        "type": "WATER"
      }
    },
    {
      "type": "Feature",
      "geometry": {
        "type": "Polygon",
        "coordinates": [
          [
            [
              1000,
              1000
            ],
            [
              -1000,
              1000
            ],
            [
              -1000,
              499.17
            ],
            [
              -977.15,
              492.43
            ],
            [
              -929.18,
              478.3
            ],
            [
              -881.2,
              464.24
            ],
            [
              -833.21,
              450.2
            ],
            [
              -785.22,
              436.19
            ],
            [
              -737.2,
              422.25
            ],
            [
              -689.19,
              408.29
            ],
            [
              -641.16,
              394.38
            ],
            [
              -593.14,
              380.45
            ],
            [
              -545.12,
              366.51
            ],
            [
              -497.11,
              352.56
            ],
            [
              -449.09,
              338.62
            ],
            [
              -401.08,
              324.66
            ],
            [
              -353.07,
              310.7
            ],
            [
              -305.06,
              296.71
            ],
            [
              -257.07,
              282.7
            ],
            [
              -209.07,
              268.68
            ],
            [
              -161.07,
              254.7
            ],
            [
              -113.06,
              240.74
            ],
            [
              -65.03,
              226.84
            ],
            [
              -16.99,
              212.97
            ],
            [
              31.06,
              199.15
            ],
            [
              55.09,
              192.26
            ],
            [
              79.13,
              185.37
            ],
            [
              127.2,
              171.61
            ],
            [
              175.27,
              157.87
            ],
            [
              223.35,
              144.16
            ],
            [
              271.43,
              130.42
            ],
            [
              319.5,
              116.66
            ],
            [
              367.59,
              102.96
            ],
            [
              415.67,
              89.25
            ],
            [
              463.77,
              75.59
            ],
            [
              511.89,
              62.01
            ],
            [
              560,
              48.41
            ],
            [
              608.13,
              34.87
            ],
            [
              656.28,
              21.37
            ],
            [
              704.42,
              7.86
            ],
            [
              752.57,
              -5.6
            ],
            [
              800.72,
              -19.07
            ],
            [
              848.88,
              -32.53
            ],
            [
              897.05,
              -45.93
            ],
            [
              945.23,
              -59.29
            ],
            [
              993.4,
              -72.69
            ],
            [
              1000,
              -74.52
            ],
            [
              1000,
              1000
            ]
          ]
        ]
      },
      "properties": {
        "id": 4,
        "type": "WATER"
      }
    },
    {
      "type": "Feature",
      "geometry": {
        "type": "Polygon",
        "coordinates": [
          [
            [
              -9.07,
              12.19
            ],
            [
              -20.86,
              3.41
            ],
            [
              -49.18,
              -17.67
            ],
            [
              -49.02,
              -17.89
            ],
            [
              -40.11,
              -29.86
            ],
            [
              0,
              0
            ],
            [
              -9.07,
              12.19
            ]
          ]
        ]
      },
      "properties": {
        "id": 1,
        "type": "BACKGROUND",
        "backgroundType": "LAWN_TEXTURE_TYPE",
        "raised": false
      }
    },
    {
      "type": "Feature",
      "geometry": {
        "type": "Polygon",
        "coordinates": [
          [
            [
              0,
              0
            ],
            [
              40.56,
              29.24
            ],
            [
              31.96,
              41.16
            ],
            [
              31.68,
              41.56
            ],
            [
              2.85,
              20.79
            ],
            [
              -8.89,
              12.33
            ],
            [
              -9.07,
              12.19
            ],
            [
              0,
              0
            ]
          ]
        ]
      },
      "properties": {
        "id": 2,
        "type": "BACKGROUND",
        "backgroundType": "LAWN_TEXTURE_TYPE",
        "raised": false
      }
    },
    {
      "type": "Feature",
      "geometry": {
        "type": "Polygon",
        "coordinates": [
          [
            [
              8.98,
              -12.26
            ],
            [
              20.9,
              -3.67
            ],
            [
              49.45,
              16.91
            ],
            [
              49.16,
              17.31
            ],
            [
              40.56,
              29.24
            ],
            [
              0,
              0
            ],
            [
              8.98,
              -12.26
            ]
          ]
        ]
      },
      "properties": {
        "id": 3,
        "type": "BACKGROUND",
        "backgroundType": "LAWN_TEXTURE_TYPE",
        "raised": false
      }
    },
    {
      "type": "Feature",
      "geometry": {
        "type": "Polygon",
        "coordinates": [
          [
            [
              0,
              0
            ],
            [
              -40.11,
              -29.86
            ],
            [
              -31.2,
              -41.83
            ],
            [
              -31.03,
              -42.05
            ],
            [
              -2.81,
              -21.04
            ],
            [
              8.98,
              -12.26
            ],
            [
              0,
              0
            ]
          ]
        ]
      },
      "properties": {
        "id": 4,
        "type": "BACKGROUND",
        "backgroundType": "LAWN_TEXTURE_TYPE",
        "raised": false
      }
    },
    {
      "type": "Feature",
      "geometry": {
        "type": "Polygon",
        "coordinates": [
          [
            [
              110.88,
              101.84
            ],
            [
              99.23,
              92.88
            ],
            [
              31.96,
              41.16
            ],
            [
              40.56,
              29.24
            ],
            [
              119.84,
              90.18
            ],
            [
              110.88,
              101.84
            ]
          ]
        ]
      },
      "properties": {
        "id": 5,
        "type": "BACKGROUND",
        "backgroundType": "LAWN_TEXTURE_TYPE",
        "raised": false
      }
    },
    {
      "type": "Feature",
      "geometry": {
        "type": "Polygon",
        "coordinates": [
          [
            [
              119.84,
              90.18
            ],
            [
              40.56,
              29.24
            ],
            [
              49.16,
              17.31
            ],
            [
              64.28,
              28.93
            ],
            [
              117.15,
              69.57
            ],
            [
              128.8,
              78.53
            ],
            [
              119.84,
              90.18
            ]
          ]
        ]
      },
      "properties": {
        "id": 6,
        "type": "BACKGROUND",
        "backgroundType": "LAWN_TEXTURE_TYPE",
        "raised": false
      }
    },
    {
      "type": "Feature",
      "geometry": {
        "type": "Polygon",
        "coordinates": [
          [
            [
              -122.81,
              -87.97
            ],
            [
              -53.67,
              -53.14
            ],
            [
              -31.2,
              -41.83
            ],
            [
              -40.11,
              -29.86
            ],
            [
              -129.42,
              -74.84
            ],
            [
              -122.81,
              -87.97
            ]
          ]
        ]
      },
      "properties": {
        "id": 7,
        "type": "BACKGROUND",
        "backgroundType": "LAWN_TEXTURE_TYPE",
        "raised": false
      }
    },
    {
      "type": "Feature",
      "geometry": {
        "type": "Polygon",
        "coordinates": [
          [
            [
              -129.42,
              -74.84
            ],
            [
              -40.11,
              -29.86
            ],
            [
              -49.02,
              -17.89
            ],
            [
              -136.03,
              -61.72
            ],
            [
              -129.42,
              -74.84
            ]
          ]
        ]
      },
      "properties": {
        "id": 8,
        "type": "BACKGROUND",
        "backgroundType": "LAWN_TEXTURE_TYPE",
        "raised": false
      }
    },
    {
      "type": "Feature",
      "geometry": {
        "type": "Polygon",
        "coordinates": [
          [
            [
              38.57,
              -27.78
            ],
            [
              29.88,
              -15.92
            ],
            [
              20.9,
              -3.67
            ],
            [
              8.98,
              -12.26
            ],
            [
              26.71,
              -36.46
            ],
            [
              38.57,
              -27.78
            ]
          ]
        ]
      },
      "properties": {
        "id": 9,
        "type": "BACKGROUND",
        "backgroundType": "LAWN_TEXTURE_TYPE",
        "raised": false
      }
    },
    {
      "type": "Feature",
      "geometry": {
        "type": "Polygon",
        "coordinates": [
          [
            [
              26.71,
              -36.46
            ],
            [
              8.98,
              -12.26
            ],
            [
              -2.81,
              -21.04
            ],
            [
              6.17,
              -33.29
            ],
            [
              14.85,
              -45.15
            ],
            [
              26.71,
              -36.46
            ]
          ]
        ]
      },
      "properties": {
        "id": 10,
        "type": "BACKGROUND",
        "backgroundType": "LAWN_TEXTURE_TYPE",
        "raised": false
      }
    },
    {
      "type": "Feature",
      "geometry": {
        "type": "Polygon",
        "coordinates": [
          [
            [
              -38.78,
              27.48
            ],
            [
              -20.86,
              3.41
            ],
            [
              -9.07,
              12.19
            ],
            [
              -26.99,
              36.25
            ],
            [
              -38.78,
              27.48
            ]
          ]
        ]
      },
      "properties": {
        "id": 11,
        "type": "BACKGROUND",
        "backgroundType": "LAWN_TEXTURE_TYPE",
        "raised": false
      }
    },
    {
      "type": "Feature",
      "geometry": {
        "type": "Polygon",
        "coordinates": [
          [
            [
              -26.99,
              36.25
            ],
            [
              -9.07,
              12.19
            ],
            [
              -8.89,
              12.33
            ],
            [
              2.85,
              20.79
            ],
            [
              -15.2,
              45.03
            ],
            [
              -26.99,
              36.25
            ]
          ]
        ]
      },
      "properties": {
        "id": 12,
        "type": "BACKGROUND",
        "backgroundType": "LAWN_TEXTURE_TYPE",
        "raised": false
      }
    },
    {
      "type": "Feature",
      "geometry": {
        "type": "Polygon",
        "coordinates": [
          [
            [
              77.66,
              -72.9
            ],
            [
              68.8,
              -61.17
            ],
            [
              58.31,
              -47.28
            ],
            [
              49.16,
              -38.24
            ],
            [
              38.57,
              -27.78
            ],
            [
              26.71,
              -36.46
            ],
            [
              47.92,
              -57.67
            ],
            [
              65.89,
              -81.7
            ],
            [
              77.66,
              -72.9
            ]
          ]
        ]
      },
      "properties": {
        "id": 13,
        "type": "BACKGROUND",
        "backgroundType": "LAWN_TEXTURE_TYPE",
        "raised": false
      }
    },
    {
      "type": "Feature",
      "geometry": {
        "type": "Polygon",
        "coordinates": [
          [
            [
              65.89,
              -81.7
            ],
            [
              47.92,
              -57.67
            ],
            [
              26.71,
              -36.46
            ],
            [
              14.85,
              -45.15
            ],
            [
              25.3,
              -55.71
            ],
            [
              37.53,
              -68.07
            ],
            [
              45.38,
              -78.68
            ],
            [
              54.12,
              -90.5
            ],
            [
              65.89,
              -81.7
            ]
          ]
        ]
      },
      "properties": {
        "id": 14,
        "type": "BACKGROUND",
        "backgroundType": "LAWN_TEXTURE_TYPE",
        "raised": false
      }
    },
    {
      "type": "Feature",
      "geometry": {
        "type": "Polygon",
        "coordinates": [
          [
            [
              -76.84,
              73.69
            ],
            [
              -57.99,
              48.71
            ],
            [
              -38.78,
              27.48
            ],
            [
              -26.99,
              36.25
            ],
            [
              -47.07,
              58.55
            ],
            [
              -65.09,
              82.52
            ],
            [
              -74.03,
              75.81
            ],
            [
              -76.84,
              73.69
            ]
          ]
        ]
      },
      "properties": {
        "id": 15,
        "type": "BACKGROUND",
        "backgroundType": "LAWN_TEXTURE_TYPE",
        "raised": false
      }
    },
    {
      "type": "Feature",
      "geometry": {
        "type": "Polygon",
        "coordinates": [
          [
            [
              -65.09,
              82.52
            ],
            [
              -47.07,
              58.55
            ],
            [
              -26.99,
              36.25
            ],
            [
              -15.2,
              45.03
            ],
            [
              -36.15,
              68.38
            ],
            [
              -53.35,
              91.36
            ],
            [
              -56.16,
              89.24
            ],
            [
              -65.09,
              82.52
            ]
          ]
        ]
      },
      "properties": {
        "id": 16,
        "type": "BACKGROUND",
        "backgroundType": "LAWN_TEXTURE_TYPE",
        "raised": false
      }
    },
    {
      "type": "Feature",
      "geometry": {
        "type": "Polygon",
        "coordinates": [
          [
            [
              -69.59,
              107.12
            ],
            [
              -87.47,
              93.68
            ],
            [
              -74.03,
              75.81
            ],
            [
              -65.09,
              82.52
            ],
            [
              -56.16,
              89.24
            ],
            [
              -69.59,
              107.12
            ]
          ]
        ]
      },
      "properties": {
        "id": 17,
        "type": "BACKGROUND",
        "backgroundType": "LAWN_TEXTURE_TYPE",
        "raised": false
      }
    },
    {
      "type": "Feature",
      "geometry": {
        "type": "Polygon",
        "coordinates": [
          [
            [
              -24.87,
              -92.46
            ],
            [
              -17.97,
              -87.41
            ],
            [
              -13.01,
              -83.77
            ],
            [
              -0.66,
              -74.73
            ],
            [
              25.3,
              -55.71
            ],
            [
              14.85,
              -45.15
            ],
            [
              -9.35,
              -62.87
            ],
            [
              -33.55,
              -80.6
            ],
            [
              -24.87,
              -92.46
            ]
          ]
        ]
      },
      "properties": {
        "id": 18,
        "type": "BACKGROUND",
        "backgroundType": "LAWN_TEXTURE_TYPE",
        "raised": false
      }
    },
    {
      "type": "Feature",
      "geometry": {
        "type": "Polygon",
        "coordinates": [
          [
            [
              -33.55,
              -80.6
            ],
            [
              -9.35,
              -62.87
            ],
            [
              14.85,
              -45.15
            ],
            [
              6.17,
              -33.29
            ],
            [
              -18.03,
              -51.02
            ],
            [
              -30.38,
              -60.06
            ],
            [
              -42.24,
              -68.75
            ],
            [
              -33.55,
              -80.6
            ]
          ]
        ]
      },
      "properties": {
        "id": 19,
        "type": "BACKGROUND",
        "backgroundType": "LAWN_TEXTURE_TYPE",
        "raised": false
      }
    },
    {
      "type": "Feature",
      "geometry": {
        "type": "Polygon",
        "coordinates": [
          [
            [
              106.31,
              -127.23
            ],
            [
              98.73,
              -114.63
            ],
            [
              91.69,
              -102.92
            ],
            [
              84.01,
              -86.5
            ],
            [
              77.66,
              -72.9
            ],
            [
              65.89,
              -81.7
            ],
            [
              78.31,
              -109.01
            ],
            [
              93.69,
              -134.76
            ],
            [
              106.31,
              -127.23
            ]
          ]
        ]
      },
      "properties": {
        "id": 20,
        "type": "BACKGROUND",
        "backgroundType": "LAWN_TEXTURE_TYPE",
        "raised": false
      }
    },
    {
      "type": "Feature",
      "geometry": {
        "type": "Polygon",
        "coordinates": [
          [
            [
              93.69,
              -134.76
            ],
            [
              78.31,
              -109.01
            ],
            [
              65.89,
              -81.7
            ],
            [
              54.12,
              -90.5
            ],
            [
              60.19,
              -104.31
            ],
            [
              64.93,
              -115.09
            ],
            [
              73.57,
              -129.66
            ],
            [
              81.07,
              -142.3
            ],
            [
              93.69,
              -134.76
            ]
          ]
        ]
      },
      "properties": {
        "id": 21,
        "type": "BACKGROUND",
        "backgroundType": "LAWN_TEXTURE_TYPE",
        "raised": false
      }
    },
    {
      "type": "Feature",
      "geometry": {
        "type": "Polygon",
        "coordinates": [
          [
            [
              54.08,
              1.81
            ],
            [
              42.23,
              -6.88
            ],
            [
              29.88,
              -15.92
            ],
            [
              38.57,
              -27.78
            ],
            [
              62.77,
              -10.05
            ],
            [
              54.08,
              1.81
            ]
          ]
        ]
      },
      "properties": {
        "id": 22,
        "type": "BACKGROUND",
        "backgroundType": "LAWN_TEXTURE_TYPE",
        "raised": false
      }
    },
    {
      "type": "Feature",
      "geometry": {
        "type": "Polygon",
        "coordinates": [
          [
            [
              62.77,
              -10.05
            ],
            [
              38.57,
              -27.78
            ],
            [
              49.16,
              -38.24
            ],
            [
              59.6,
              -30.59
            ],
            [
              71.45,
              -21.9
            ],
            [
              62.77,
              -10.05
            ]
          ]
        ]
      },
      "properties": {
        "id": 23,
        "type": "BACKGROUND",
        "backgroundType": "LAWN_TEXTURE_TYPE",
        "raised": false
      }
    },
    {
      "type": "Feature",
      "geometry": {
        "type": "Polygon",
        "coordinates": [
          [
            [
              92.88,
              -43.16
            ],
            [
              89.1,
              -46
            ],
            [
              68.8,
              -61.17
            ],
            [
              77.66,
              -72.9
            ],
            [
              101.68,
              -54.94
            ],
            [
              92.88,
              -43.16
            ]
          ]
        ]
      },
      "properties": {
        "id": 24,
        "type": "BACKGROUND",
        "backgroundType": "LAWN_TEXTURE_TYPE",
        "raised": false
      }
    },
    {
      "type": "Feature",
      "geometry": {
        "type": "Polygon",
        "coordinates": [
          [
            [
              101.68,
              -54.94
            ],
            [
              77.66,
              -72.9
            ],
            [
              84.01,
              -86.5
            ],
            [
              110.49,
              -66.71
            ],
            [
              101.68,
              -54.94
            ]
          ]
        ]
      },
      "properties": {
        "id": 25,
        "type": "BACKGROUND",
        "backgroundType": "LAWN_TEXTURE_TYPE",
        "raised": false
      }
    },
    {
      "type": "Feature",
      "geometry": {
        "type": "Polygon",
        "coordinates": [
          [
            [
              110.97,
              -67.36
            ],
            [
              129.04,
              -53.85
            ],
            [
              110.47,
              -29
            ],
            [
              92.4,
              -42.51
            ],
            [
              92.88,
              -43.16
            ],
            [
              101.68,
              -54.94
            ],
            [
              110.49,
              -66.71
            ],
            [
              110.97,
              -67.36
            ]
          ]
        ]
      },
      "properties": {
        "id": 26,
        "type": "BACKGROUND",
        "backgroundType": "LAWN_TEXTURE_TYPE",
        "raised": false
      }
    },
    {
      "type": "Feature",
      "geometry": {
        "type": "Polygon",
        "coordinates": [
          [
            [
              -57.52,
              -136.51
            ],
            [
              -49.39,
              -124.27
            ],
            [
              -41.88,
              -112.95
            ],
            [
              -34.54,
              -104.12
            ],
            [
              -24.87,
              -92.46
            ],
            [
              -33.55,
              -80.6
            ],
            [
              -53.05,
              -103.4
            ],
            [
              -69.74,
              -128.33
            ],
            [
              -57.52,
              -136.51
            ]
          ]
        ]
      },
      "properties": {
        "id": 27,
        "type": "BACKGROUND",
        "backgroundType": "LAWN_TEXTURE_TYPE",
        "raised": false
      }
    },
    {
      "type": "Feature",
      "geometry": {
        "type": "Polygon",
        "coordinates": [
          [
            [
              -69.74,
              -128.33
            ],
            [
              -53.05,
              -103.4
            ],
            [
              -33.55,
              -80.6
            ],
            [
              -42.24,
              -68.75
            ],
            [
              -52.16,
              -80.08
            ],
            [
              -64.22,
              -93.85
            ],
            [
              -73.73,
              -107.97
            ],
            [
              -81.95,
              -120.16
            ],
            [
              -69.74,
              -128.33
            ]
          ]
        ]
      },
      "properties": {
        "id": 28,
        "type": "BACKGROUND",
        "backgroundType": "LAWN_TEXTURE_TYPE",
        "raised": false
      }
    },
    {
      "type": "Feature",
      "geometry": {
        "type": "Polygon",
        "coordinates": [
          [
            [
              38.89,
              -120.24
            ],
            [
              50.66,
              -111.44
            ],
            [
              60.19,
              -104.31
            ],
            [
              54.12,
              -90.5
            ],
            [
              30.09,
              -108.47
            ],
            [
              38.89,
              -120.24
            ]
          ]
        ]
      },
      "properties": {
        "id": 29,
        "type": "BACKGROUND",
        "backgroundType": "LAWN_TEXTURE_TYPE",
        "raised": false
      }
    },
    {
      "type": "Feature",
      "geometry": {
        "type": "Polygon",
        "coordinates": [
          [
            [
              30.09,
              -108.47
            ],
            [
              54.12,
              -90.5
            ],
            [
              45.38,
              -78.68
            ],
            [
              33.06,
              -87.89
            ],
            [
              21.29,
              -96.69
            ],
            [
              30.09,
              -108.47
            ]
          ]
        ]
      },
      "properties": {
        "id": 30,
        "type": "BACKGROUND",
        "backgroundType": "LAWN_TEXTURE_TYPE",
        "raised": false
      }
    },
    {
      "type": "Feature",
      "geometry": {
        "type": "Polygon",
        "coordinates": [
          [
            [
              139.83,
              -173.31
            ],
            [
              129.97,
              -162.41
            ],
            [
              121.59,
              -153.14
            ],
            [
              113.78,
              -139.89
            ],
            [
              106.31,
              -127.23
            ],
            [
              93.69,
              -134.76
            ],
            [
              108.93,
              -160.6
            ],
            [
              128.83,
              -183.06
            ],
            [
              139.83,
              -173.31
            ]
          ]
        ]
      },
      "properties": {
        "id": 31,
        "type": "BACKGROUND",
        "backgroundType": "LAWN_TEXTURE_TYPE",
        "raised": false
      }
    },
    {
      "type": "Feature",
      "geometry": {
        "type": "Polygon",
        "coordinates": [
          [
            [
              128.83,
              -183.06
            ],
            [
              108.93,
              -160.6
            ],
            [
              93.69,
              -134.76
            ],
            [
              81.07,
              -142.3
            ],
            [
              88.54,
              -154.96
            ],
            [
              96.27,
              -168.07
            ],
            [
              108.17,
              -181.72
            ],
            [
              117.83,
              -192.8
            ],
            [
              128.83,
              -183.06
            ]
          ]
        ]
      },
      "properties": {
        "id": 32,
        "type": "BACKGROUND",
        "backgroundType": "LAWN_TEXTURE_TYPE",
        "raised": false
      }
    },
    {
      "type": "Feature",
      "geometry": {
        "type": "Polygon",
        "coordinates": [
          [
            [
              71.88,
              22.09
            ],
            [
              64.01,
              13.12
            ],
            [
              62.19,
              11.04
            ],
            [
              54.08,
              1.81
            ],
            [
              62.77,
              -10.05
            ],
            [
              82.82,
              12.27
            ],
            [
              71.88,
              22.09
            ]
          ]
        ]
      },
      "properties": {
        "id": 33,
        "type": "BACKGROUND",
        "backgroundType": "LAWN_TEXTURE_TYPE",
        "raised": false
      }
    },
    {
      "type": "Feature",
      "geometry": {
        "type": "Polygon",
        "coordinates": [
          [
            [
              82.82,
              12.27
            ],
            [
              62.77,
              -10.05
            ],
            [
              71.45,
              -21.9
            ],
            [
              81.57,
              -10.85
            ],
            [
              83.82,
              -8.39
            ],
            [
              93.75,
              2.44
            ],
            [
              82.82,
              12.27
            ]
          ]
        ]
      },
      "properties": {
        "id": 34,
        "type": "BACKGROUND",
        "backgroundType": "LAWN_TEXTURE_TYPE",
        "raised": false
      }
    },
    {
      "type": "Feature",
      "geometry": {
        "type": "Polygon",
        "coordinates": [
          [
            [
              37.1,
              -185.68
            ],
            [
              62.85,
              -170.3
            ],
            [
              88.54,
              -154.96
            ],
            [
              81.07,
              -142.3
            ],
            [
              55.32,
              -157.68
            ],
            [
              29.56,
              -173.06
            ],
            [
              37.1,
              -185.68
            ]
          ]
        ]
      },
      "properties": {
        "id": 35,
        "type": "BACKGROUND",
        "backgroundType": "LAWN_TEXTURE_TYPE",
        "raised": false
      }
    },
    {
      "type": "Feature",
      "geometry": {
        "type": "Polygon",
        "coordinates": [
          [
            [
              29.56,
              -173.06
            ],
            [
              55.32,
              -157.68
            ],
            [
              81.07,
              -142.3
            ],
            [
              73.57,
              -129.66
            ],
            [
              54.47,
              -141.07
            ],
            [
              47.78,
              -145.06
            ],
            [
              34.64,
              -152.91
            ],
            [
              22.02,
              -160.44
            ],
            [
              29.56,
              -173.06
            ]
          ]
        ]
      },
      "properties": {
        "id": 36,
        "type": "BACKGROUND",
        "backgroundType": "LAWN_TEXTURE_TYPE",
        "raised": false
      }
    },
    {
      "type": "Feature",
      "geometry": {
        "type": "Polygon",
        "coordinates": [
          [
            [
              12.17,
              -136.66
            ],
            [
              26.32,
              -127.96
            ],
            [
              38.89,
              -120.24
            ],
            [
              30.09,
              -108.47
            ],
            [
              4.5,
              -124.13
            ],
            [
              12.17,
              -136.66
            ]
          ]
        ]
      },
      "properties": {
        "id": 37,
        "type": "BACKGROUND",
        "backgroundType": "LAWN_TEXTURE_TYPE",
        "raised": false
      }
    },
    {
      "type": "Feature",
      "geometry": {
        "type": "Polygon",
        "coordinates": [
          [
            [
              4.5,
              -124.13
            ],
            [
              30.09,
              -108.47
            ],
            [
              21.29,
              -96.69
            ],
            [
              8.68,
              -104.37
            ],
            [
              -3.17,
              -111.59
            ],
            [
              4.5,
              -124.13
            ]
          ]
        ]
      },
      "properties": {
        "id": 38,
        "type": "BACKGROUND",
        "backgroundType": "LAWN_TEXTURE_TYPE",
        "raised": false
      }
    },
    {
      "type": "Feature",
      "geometry": {
        "type": "Polygon",
        "coordinates": [
          [
            [
              156.52,
              -201.74
            ],
            [
              147.41,
              -186.23
            ],
            [
              139.83,
              -173.31
            ],
            [
              128.83,
              -183.06
            ],
            [
              143.78,
              -209.07
            ],
            [
              156.52,
              -201.74
            ]
          ]
        ]
      },
      "properties": {
        "id": 39,
        "type": "BACKGROUND",
        "backgroundType": "LAWN_TEXTURE_TYPE",
        "raised": false
      }
    },
    {
      "type": "Feature",
      "geometry": {
        "type": "Polygon",
        "coordinates": [
          [
            [
              143.78,
              -209.07
            ],
            [
              128.83,
              -183.06
            ],
            [
              117.83,
              -192.8
            ],
            [
              125.18,
              -205.93
            ],
            [
              131.04,
              -216.39
            ],
            [
              143.78,
              -209.07
            ]
          ]
        ]
      },
      "properties": {
        "id": 40,
        "type": "BACKGROUND",
        "backgroundType": "LAWN_TEXTURE_TYPE",
        "raised": false
      }
    },
    {
      "type": "Feature",
      "geometry": {
        "type": "Polygon",
        "coordinates": [
          [
            [
              -7.14,
              -116.66
            ],
            [
              -24.87,
              -92.46
            ],
            [
              -34.54,
              -104.12
            ],
            [
              -18.99,
              -125.35
            ],
            [
              -7.14,
              -116.66
            ]
          ]
        ]
      },
      "properties": {
        "id": 41,
        "type": "BACKGROUND",
        "backgroundType": "LAWN_TEXTURE_TYPE",
        "raised": false
      }
    },
    {
      "type": "Feature",
      "geometry": {
        "type": "Polygon",
        "coordinates": [
          [
            [
              113.8,
              65.18
            ],
            [
              94.16,
              43.69
            ],
            [
              82.46,
              32.34
            ],
            [
              71.88,
              22.09
            ],
            [
              82.82,
              12.27
            ],
            [
              104.38,
              33.13
            ],
            [
              124.64,
              55.25
            ],
            [
              113.8,
              65.18
            ]
          ]
        ]
      },
      "properties": {
        "id": 42,
        "type": "BACKGROUND",
        "backgroundType": "LAWN_TEXTURE_TYPE",
        "raised": false
      }
    },
    {
      "type": "Feature",
      "geometry": {
        "type": "Polygon",
        "coordinates": [
          [
            [
              124.64,
              55.25
            ],
            [
              104.38,
              33.13
            ],
            [
              82.82,
              12.27
            ],
            [
              93.75,
              2.44
            ],
            [
              104.35,
              12.68
            ],
            [
              114.6,
              22.56
            ],
            [
              135.48,
              45.33
            ],
            [
              124.64,
              55.25
            ]
          ]
        ]
      },
      "properties": {
        "id": 43,
        "type": "BACKGROUND",
        "backgroundType": "LAWN_TEXTURE_TYPE",
        "raised": false
      }
    },
    {
      "type": "Feature",
      "geometry": {
        "type": "Polygon",
        "coordinates": [
          [
            [
              99.22,
              -34.94
            ],
            [
              81.57,
              -10.85
            ],
            [
              71.45,
              -21.9
            ],
            [
              89.1,
              -46
            ],
            [
              99.22,
              -34.94
            ]
          ]
        ]
      },
      "properties": {
        "id": 44,
        "type": "BACKGROUND",
        "backgroundType": "LAWN_TEXTURE_TYPE",
        "raised": false
      }
    },
    {
      "type": "Feature",
      "geometry": {
        "type": "Polygon",
        "coordinates": [
          [
            [
              -63.59,
              -64.47
            ],
            [
              -52.16,
              -80.08
            ],
            [
              -42.24,
              -68.75
            ],
            [
              -53.67,
              -53.14
            ],
            [
              -63.59,
              -64.47
            ]
          ]
        ]
      },
      "properties": {
        "id": 45,
        "type": "BACKGROUND",
        "backgroundType": "LAWN_TEXTURE_TYPE",
        "raised": false
      }
    },
    {
      "type": "Feature",
      "geometry": {
        "type": "Polygon",
        "coordinates": [
          [
            [
              150.29,
              -83.85
            ],
            [
              137.67,
              -91.38
            ],
            [
              124.53,
              -99.23
            ],
            [
              98.73,
              -114.63
            ],
            [
              106.31,
              -127.23
            ],
            [
              132.07,
              -111.85
            ],
            [
              157.82,
              -96.47
            ],
            [
              150.29,
              -83.85
            ]
          ]
        ]
      },
      "properties": {
        "id": 46,
        "type": "BACKGROUND",
        "backgroundType": "LAWN_TEXTURE_TYPE",
        "raised": false
      }
    },
    {
      "type": "Feature",
      "geometry": {
        "type": "Polygon",
        "coordinates": [
          [
            [
              157.82,
              -96.47
            ],
            [
              132.07,
              -111.85
            ],
            [
              106.31,
              -127.23
            ],
            [
              113.78,
              -139.89
            ],
            [
              139.6,
              -124.47
            ],
            [
              165.36,
              -109.08
            ],
            [
              157.82,
              -96.47
            ]
          ]
        ]
      },
      "properties": {
        "id": 47,
        "type": "BACKGROUND",
        "backgroundType": "LAWN_TEXTURE_TYPE",
        "raised": false
      }
    },
    {
      "type": "Feature",
      "geometry": {
        "type": "Polygon",
        "coordinates": [
          [
            [
              -79.26,
              -160.35
            ],
            [
              -67.53,
              -147.49
            ],
            [
              -57.52,
              -136.51
            ],
            [
              -69.74,
              -128.33
            ],
            [
              -90.07,
              -150.4
            ],
            [
              -79.26,
              -160.35
            ]
          ]
        ]
      },
      "properties": {
        "id": 48,
        "type": "BACKGROUND",
        "backgroundType": "LAWN_TEXTURE_TYPE",
        "raised": false
      }
    },
    {
      "type": "Feature",
      "geometry": {
        "type": "Polygon",
        "coordinates": [
          [
            [
              -90.07,
              -150.4
            ],
            [
              -69.74,
              -128.33
            ],
            [
              -81.95,
              -120.16
            ],
            [
              -92.11,
              -131.04
            ],
            [
              -100.87,
              -140.44
            ],
            [
              -90.07,
              -150.4
            ]
          ]
        ]
      },
      "properties": {
        "id": 49,
        "type": "BACKGROUND",
        "backgroundType": "LAWN_TEXTURE_TYPE",
        "raised": false
      }
    },
    {
      "type": "Feature",
      "geometry": {
        "type": "Polygon",
        "coordinates": [
          [
            [
              148.2,
              -26.72
            ],
            [
              125.89,
              -6.67
            ],
            [
              104.35,
              12.68
            ],
            [
              93.75,
              2.44
            ],
            [
              116.06,
              -17.61
            ],
            [
              138.38,
              -37.66
            ],
            [
              148.2,
              -26.72
            ]
          ]
        ]
      },
      "properties": {
        "id": 50,
        "type": "BACKGROUND",
        "backgroundType": "LAWN_TEXTURE_TYPE",
        "raised": false
      }
    },
    {
      "type": "Feature",
      "geometry": {
        "type": "Polygon",
        "coordinates": [
          [
            [
              -99.15,
              -182.54
            ],
            [
              -79.26,
              -160.35
            ],
            [
              -90.07,
              -150.4
            ],
            [
              -110.1,
              -172.73
            ],
            [
              -99.15,
              -182.54
            ]
          ]
        ]
      },
      "properties": {
        "id": 51,
        "type": "BACKGROUND",
        "backgroundType": "LAWN_TEXTURE_TYPE",
        "raised": false
      }
    },
    {
      "type": "Feature",
      "geometry": {
        "type": "Polygon",
        "coordinates": [
          [
            [
              -110.1,
              -172.73
            ],
            [
              -90.07,
              -150.4
            ],
            [
              -100.87,
              -140.44
            ],
            [
              -121.04,
              -162.92
            ],
            [
              -110.1,
              -172.73
            ]
          ]
        ]
      },
      "properties": {
        "id": 52,
        "type": "BACKGROUND",
        "backgroundType": "LAWN_TEXTURE_TYPE",
        "raised": false
      }
    },
    {
      "type": "Feature",
      "geometry": {
        "type": "Polygon",
        "coordinates": [
          [
            [
              -139.98,
              -98.99
            ],
            [
              -115.05,
              -115.68
            ],
            [
              -92.11,
              -131.04
            ],
            [
              -81.95,
              -120.16
            ],
            [
              -106.88,
              -103.47
            ],
            [
              -128.03,
              -89.31
            ],
            [
              -131.81,
              -86.78
            ],
            [
              -139.98,
              -98.99
            ]
          ]
        ]
      },
      "properties": {
        "id": 53,
        "type": "BACKGROUND",
        "backgroundType": "LAWN_TEXTURE_TYPE",
        "raised": false
      }
    },
    {
      "type": "Feature",
      "geometry": {
        "type": "Polygon",
        "coordinates": [
          [
            [
              66.24,
              -132.27
            ],
            [
              50.66,
              -111.44
            ],
            [
              38.89,
              -120.24
            ],
            [
              54.47,
              -141.07
            ],
            [
              66.24,
              -132.27
            ]
          ]
        ]
      },
      "properties": {
        "id": 54,
        "type": "BACKGROUND",
        "backgroundType": "LAWN_TEXTURE_TYPE",
        "raised": false
      }
    },
    {
      "type": "Feature",
      "geometry": {
        "type": "Polygon",
        "coordinates": [
          [
            [
              110.88,
              101.84
            ],
            [
              119.84,
              90.18
            ],
            [
              193.75,
              152.6
            ],
            [
              176.73,
              157.45
            ],
            [
              122.12,
              111.33
            ],
            [
              110.88,
              101.84
            ]
          ]
        ]
      },
      "properties": {
        "id": 55,
        "type": "BACKGROUND",
        "backgroundType": "LAWN_TEXTURE_TYPE",
        "raised": false
      }
    },
    {
      "type": "Feature",
      "geometry": {
        "type": "Polygon",
        "coordinates": [
          [
            [
              193.75,
              152.6
            ],
            [
              119.84,
              90.18
            ],
            [
              128.8,
              78.53
            ],
            [
              140.04,
              88.02
            ],
            [
              149,
              95.59
            ],
            [
              203.24,
              141.37
            ],
            [
              193.75,
              152.6
            ]
          ]
        ]
      },
      "properties": {
        "id": 56,
        "type": "BACKGROUND",
        "backgroundType": "LAWN_TEXTURE_TYPE",
        "raised": false
      }
    },
    {
      "type": "Feature",
      "geometry": {
        "type": "Polygon",
        "coordinates": [
          [
            [
              174.99,
              -122.52
            ],
            [
              152.54,
              -142.42
            ],
            [
              129.97,
              -162.41
            ],
            [
              139.83,
              -173.31
            ],
            [
              162.28,
              -153.42
            ],
            [
              184.74,
              -133.52
            ],
            [
              174.99,
              -122.52
            ]
          ]
        ]
      },
      "properties": {
        "id": 57,
        "type": "BACKGROUND",
        "backgroundType": "LAWN_TEXTURE_TYPE",
        "raised": false
      }
    },
    {
      "type": "Feature",
      "geometry": {
        "type": "Polygon",
        "coordinates": [
          [
            [
              184.74,
              -133.52
            ],
            [
              162.28,
              -153.42
            ],
            [
              139.83,
              -173.31
            ],
            [
              147.41,
              -186.23
            ],
            [
              172.03,
              -164.42
            ],
            [
              194.48,
              -144.52
            ],
            [
              184.74,
              -133.52
            ]
          ]
        ]
      },
      "properties": {
        "id": 58,
        "type": "BACKGROUND",
        "backgroundType": "LAWN_TEXTURE_TYPE",
        "raised": false
      }
    },
    {
      "type": "Feature",
      "geometry": {
        "type": "Polygon",
        "coordinates": [
          [
            [
              171.79,
              -227.27
            ],
            [
              156.52,
              -201.74
            ],
            [
              143.78,
              -209.07
            ],
            [
              159.18,
              -234.81
            ],
            [
              171.79,
              -227.27
            ]
          ]
        ]
      },
      "properties": {
        "id": 59,
        "type": "BACKGROUND",
        "backgroundType": "LAWN_TEXTURE_TYPE",
        "raised": false
      }
    },
    {
      "type": "Feature",
      "geometry": {
        "type": "Polygon",
        "coordinates": [
          [
            [
              159.18,
              -234.81
            ],
            [
              143.78,
              -209.07
            ],
            [
              131.04,
              -216.39
            ],
            [
              146.57,
              -242.36
            ],
            [
              159.18,
              -234.81
            ]
          ]
        ]
      },
      "properties": {
        "id": 60,
        "type": "BACKGROUND",
        "backgroundType": "LAWN_TEXTURE_TYPE",
        "raised": false
      }
    },
    {
      "type": "Feature",
      "geometry": {
        "type": "Polygon",
        "coordinates": [
          [
            [
              105.12,
              -223.7
            ],
            [
              125.18,
              -205.93
            ],
            [
              117.83,
              -192.8
            ],
            [
              95.38,
              -212.7
            ],
            [
              105.12,
              -223.7
            ]
          ]
        ]
      },
      "properties": {
        "id": 61,
        "type": "BACKGROUND",
        "backgroundType": "LAWN_TEXTURE_TYPE",
        "raised": false
      }
    },
    {
      "type": "Feature",
      "geometry": {
        "type": "Polygon",
        "coordinates": [
          [
            [
              95.38,
              -212.7
            ],
            [
              117.83,
              -192.8
            ],
            [
              108.17,
              -181.72
            ],
            [
              85.63,
              -201.7
            ],
            [
              95.38,
              -212.7
            ]
          ]
        ]
      },
      "properties": {
        "id": 62,
        "type": "BACKGROUND",
        "backgroundType": "LAWN_TEXTURE_TYPE",
        "raised": false
      }
    },
    {
      "type": "Feature",
      "geometry": {
        "type": "Polygon",
        "coordinates": [
          [
            [
              54.58,
              17.88
            ],
            [
              62.19,
              11.04
            ],
            [
              64.01,
              13.12
            ],
            [
              71.88,
              22.09
            ],
            [
              64.28,
              28.93
            ],
            [
              54.58,
              17.88
            ]
          ]
        ]
      },
      "properties": {
        "id": 63,
        "type": "BACKGROUND",
        "backgroundType": "LAWN_TEXTURE_TYPE",
        "raised": false
      }
    },
    {
      "type": "Feature",
      "geometry": {
        "type": "Polygon",
        "coordinates": [
          [
            [
              -13.4,
              -214.69
            ],
            [
              7.97,
              -198.55
            ],
            [
              37.1,
              -185.68
            ],
            [
              29.56,
              -173.06
            ],
            [
              2.08,
              -185.09
            ],
            [
              -22.1,
              -202.85
            ],
            [
              -13.4,
              -214.69
            ]
          ]
        ]
      },
      "properties": {
        "id": 64,
        "type": "BACKGROUND",
        "backgroundType": "LAWN_TEXTURE_TYPE",
        "raised": false
      }
    },
    {
      "type": "Feature",
      "geometry": {
        "type": "Polygon",
        "coordinates": [
          [
            [
              -22.1,
              -202.85
            ],
            [
              2.08,
              -185.09
            ],
            [
              29.56,
              -173.06
            ],
            [
              22.02,
              -160.44
            ],
            [
              8.42,
              -166.33
            ],
            [
              -3.82,
              -171.62
            ],
            [
              -15.99,
              -180.37
            ],
            [
              -30.8,
              -191.01
            ],
            [
              -22.1,
              -202.85
            ]
          ]
        ]
      },
      "properties": {
        "id": 65,
        "type": "BACKGROUND",
        "backgroundType": "LAWN_TEXTURE_TYPE",
        "raised": false
      }
    },
    {
      "type": "Feature",
      "geometry": {
        "type": "Polygon",
        "coordinates": [
          [
            [
              139.48,
              85.18
            ],
            [
              129.6,
              77.49
            ],
            [
              113.8,
              65.18
            ],
            [
              124.64,
              55.25
            ],
            [
              148.43,
              73.53
            ],
            [
              139.48,
              85.18
            ]
          ]
        ]
      },
      "properties": {
        "id": 66,
        "type": "BACKGROUND",
        "backgroundType": "LAWN_TEXTURE_TYPE",
        "raised": false
      }
    },
    {
      "type": "Feature",
      "geometry": {
        "type": "Polygon",
        "coordinates": [
          [
            [
              148.43,
              73.53
            ],
            [
              124.64,
              55.25
            ],
            [
              135.48,
              45.33
            ],
            [
              157.38,
              61.87
            ],
            [
              148.43,
              73.53
            ]
          ]
        ]
      },
      "properties": {
        "id": 67,
        "type": "BACKGROUND",
        "backgroundType": "LAWN_TEXTURE_TYPE",
        "raised": false
      }
    },
    {
      "type": "Feature",
      "geometry": {
        "type": "Polygon",
        "coordinates": [
          [
            [
              -226.38,
              -99.31
            ],
            [
              -146.55,
              -79.17
            ],
            [
              -129.42,
              -74.84
            ],
            [
              -136.03,
              -61.72
            ],
            [
              -229.97,
              -85.06
            ],
            [
              -226.38,
              -99.31
            ]
          ]
        ]
      },
      "properties": {
        "id": 68,
        "type": "BACKGROUND",
        "backgroundType": "LAWN_TEXTURE_TYPE",
        "raised": false
      }
    },
    {
      "type": "Feature",
      "geometry": {
        "type": "Polygon",
        "coordinates": [
          [
            [
              -6.63,
              -155.62
            ],
            [
              9.46,
              -139.4
            ],
            [
              12.17,
              -136.66
            ],
            [
              4.5,
              -124.13
            ],
            [
              -16.92,
              -145.13
            ],
            [
              -16.03,
              -146.04
            ],
            [
              -6.63,
              -155.62
            ]
          ]
        ]
      },
      "properties": {
        "id": 69,
        "type": "BACKGROUND",
        "backgroundType": "LAWN_TEXTURE_TYPE",
        "raised": false
      }
    },
    {
      "type": "Feature",
      "geometry": {
        "type": "Polygon",
        "coordinates": [
          [
            [
              -16.92,
              -145.13
            ],
            [
              4.5,
              -124.13
            ],
            [
              -3.17,
              -111.59
            ],
            [
              -7.14,
              -116.66
            ],
            [
              -16.92,
              -145.13
            ]
          ]
        ]
      },
      "properties": {
        "id": 70,
        "type": "BACKGROUND",
        "backgroundType": "LAWN_TEXTURE_TYPE",
        "raised": false
      }
    },
    {
      "type": "Feature",
      "geometry": {
        "type": "Polygon",
        "coordinates": [
          [
            [
              211.17,
              -62.81
            ],
            [
              178.3,
              -70.07
            ],
            [
              163.52,
              -77.34
            ],
            [
              150.29,
              -83.85
            ],
            [
              157.82,
              -96.47
            ],
            [
              184.76,
              -83.26
            ],
            [
              214.14,
              -77.2
            ],
            [
              211.17,
              -62.81
            ]
          ]
        ]
      },
      "properties": {
        "id": 71,
        "type": "BACKGROUND",
        "backgroundType": "LAWN_TEXTURE_TYPE",
        "raised": false
      }
    },
    {
      "type": "Feature",
      "geometry": {
        "type": "Polygon",
        "coordinates": [
          [
            [
              214.14,
              -77.2
            ],
            [
              184.76,
              -83.26
            ],
            [
              157.82,
              -96.47
            ],
            [
              165.36,
              -109.08
            ],
            [
              191.23,
              -96.46
            ],
            [
              217.11,
              -91.59
            ],
            [
              214.14,
              -77.2
            ]
          ]
        ]
      },
      "properties": {
        "id": 72,
        "type": "BACKGROUND",
        "backgroundType": "LAWN_TEXTURE_TYPE",
        "raised": false
      }
    },
    {
      "type": "Feature",
      "geometry": {
        "type": "Polygon",
        "coordinates": [
          [
            [
              -24.42,
              -140.98
            ],
            [
              -49.39,
              -124.27
            ],
            [
              -57.52,
              -136.51
            ],
            [
              -32.59,
              -153.2
            ],
            [
              -24.42,
              -140.98
            ]
          ]
        ]
      },
      "properties": {
        "id": 73,
        "type": "BACKGROUND",
        "backgroundType": "LAWN_TEXTURE_TYPE",
        "raised": false
      }
    },
    {
      "type": "Feature",
      "geometry": {
        "type": "Polygon",
        "coordinates": [
          [
            [
              -32.59,
              -153.2
            ],
            [
              -57.52,
              -136.51
            ],
            [
              -67.53,
              -147.49
            ],
            [
              -40.77,
              -165.41
            ],
            [
              -32.59,
              -153.2
            ]
          ]
        ]
      },
      "properties": {
        "id": 74,
        "type": "BACKGROUND",
        "backgroundType": "LAWN_TEXTURE_TYPE",
        "raised": false
      }
    },
    {
      "type": "Feature",
      "geometry": {
        "type": "Polygon",
        "coordinates": [
          [
            [
              271.05,
              -54.88
            ],
            [
              242.71,
              -59.88
            ],
            [
              211.17,
              -62.81
            ],
            [
              214.14,
              -77.2
            ],
            [
              244.02,
              -74.52
            ],
            [
              273.58,
              -69.36
            ],
            [
              271.05,
              -54.88
            ]
          ]
        ]
      },
      "properties": {
        "id": 75,
        "type": "BACKGROUND",
        "backgroundType": "LAWN_TEXTURE_TYPE",
        "raised": false
      }
    },
    {
      "type": "Feature",
      "geometry": {
        "type": "Polygon",
        "coordinates": [
          [
            [
              273.58,
              -69.36
            ],
            [
              244.02,
              -74.52
            ],
            [
              214.14,
              -77.2
            ],
            [
              217.11,
              -91.59
            ],
            [
              245.34,
              -89.15
            ],
            [
              276.1,
              -83.84
            ],
            [
              273.58,
              -69.36
            ]
          ]
        ]
      },
      "properties": {
        "id": 76,
        "type": "BACKGROUND",
        "backgroundType": "LAWN_TEXTURE_TYPE",
        "raised": false
      }
    },
    {
      "type": "Feature",
      "geometry": {
        "type": "Polygon",
        "coordinates": [
          [
            [
              -16.03,
              -146.04
            ],
            [
              -24.42,
              -140.98
            ],
            [
              -32.59,
              -153.2
            ],
            [
              -6.9,
              -168.69
            ],
            [
              -16.03,
              -146.04
            ]
          ]
        ]
      },
      "properties": {
        "id": 77,
        "type": "BACKGROUND",
        "backgroundType": "LAWN_TEXTURE_TYPE",
        "raised": false
      }
    },
    {
      "type": "Feature",
      "geometry": {
        "type": "Polygon",
        "coordinates": [
          [
            [
              -6.9,
              -168.69
            ],
            [
              -32.59,
              -153.2
            ],
            [
              -40.77,
              -165.41
            ],
            [
              -15.99,
              -180.37
            ],
            [
              -6.9,
              -168.69
            ]
          ]
        ]
      },
      "properties": {
        "id": 78,
        "type": "BACKGROUND",
        "backgroundType": "LAWN_TEXTURE_TYPE",
        "raised": false
      }
    },
    {
      "type": "Feature",
      "geometry": {
        "type": "Polygon",
        "coordinates": [
          [
            [
              122.29,
              -65.63
            ],
            [
              137.67,
              -91.38
            ],
            [
              150.29,
              -83.85
            ],
            [
              134.91,
              -58.09
            ],
            [
              122.29,
              -65.63
            ]
          ]
        ]
      },
      "properties": {
        "id": 79,
        "type": "BACKGROUND",
        "backgroundType": "LAWN_TEXTURE_TYPE",
        "raised": false
      }
    },
    {
      "type": "Feature",
      "geometry": {
        "type": "Polygon",
        "coordinates": [
          [
            [
              134.91,
              -58.09
            ],
            [
              150.29,
              -83.85
            ],
            [
              163.52,
              -77.34
            ],
            [
              147.52,
              -50.56
            ],
            [
              134.91,
              -58.09
            ]
          ]
        ]
      },
      "properties": {
        "id": 80,
        "type": "BACKGROUND",
        "backgroundType": "LAWN_TEXTURE_TYPE",
        "raised": false
      }
    },
    {
      "type": "Feature",
      "geometry": {
        "type": "Polygon",
        "coordinates": [
          [
            [
              80.95,
              116.66
            ],
            [
              99.23,
              92.88
            ],
            [
              110.88,
              101.84
            ],
            [
              92.6,
              125.62
            ],
            [
              80.95,
              116.66
            ]
          ]
        ]
      },
      "properties": {
        "id": 81,
        "type": "BACKGROUND",
        "backgroundType": "LAWN_TEXTURE_TYPE",
        "raised": false
      }
    },
    {
      "type": "Feature",
      "geometry": {
        "type": "Polygon",
        "coordinates": [
          [
            [
              92.6,
              125.62
            ],
            [
              110.88,
              101.84
            ],
            [
              122.12,
              111.33
            ],
            [
              104.25,
              134.58
            ],
            [
              92.6,
              125.62
            ]
          ]
        ]
      },
      "properties": {
        "id": 82,
        "type": "BACKGROUND",
        "backgroundType": "LAWN_TEXTURE_TYPE",
        "raised": false
      }
    },
    {
      "type": "Feature",
      "geometry": {
        "type": "Polygon",
        "coordinates": [
          [
            [
              -39.02,
              -231.66
            ],
            [
              -13.4,
              -214.69
            ],
            [
              -22.1,
              -202.85
            ],
            [
              -47.13,
              -219.4
            ],
            [
              -39.02,
              -231.66
            ]
          ]
        ]
      },
      "properties": {
        "id": 83,
        "type": "BACKGROUND",
        "backgroundType": "LAWN_TEXTURE_TYPE",
        "raised": false
      }
    },
    {
      "type": "Feature",
      "geometry": {
        "type": "Polygon",
        "coordinates": [
          [
            [
              -47.13,
              -219.4
            ],
            [
              -22.1,
              -202.85
            ],
            [
              -30.8,
              -191.01
            ],
            [
              -55.23,
              -207.14
            ],
            [
              -47.13,
              -219.4
            ]
          ]
        ]
      },
      "properties": {
        "id": 84,
        "type": "BACKGROUND",
        "backgroundType": "LAWN_TEXTURE_TYPE",
        "raised": false
      }
    },
    {
      "type": "Feature",
      "geometry": {
        "type": "Polygon",
        "coordinates": [
          [
            [
              149,
              95.59
            ],
            [
              140.97,
              86.81
            ],
            [
              139.48,
              85.18
            ],
            [
              148.43,
              73.53
            ],
            [
              168.85,
              95.5
            ],
            [
              149,
              95.59
            ]
          ]
        ]
      },
      "properties": {
        "id": 85,
        "type": "BACKGROUND",
        "backgroundType": "LAWN_TEXTURE_TYPE",
        "raised": false
      }
    },
    {
      "type": "Feature",
      "geometry": {
        "type": "Polygon",
        "coordinates": [
          [
            [
              168.85,
              95.5
            ],
            [
              148.43,
              73.53
            ],
            [
              157.38,
              61.87
            ],
            [
              179.62,
              85.5
            ],
            [
              168.85,
              95.5
            ]
          ]
        ]
      },
      "properties": {
        "id": 86,
        "type": "BACKGROUND",
        "backgroundType": "LAWN_TEXTURE_TYPE",
        "raised": false
      }
    },
    {
      "type": "Feature",
      "geometry": {
        "type": "Polygon",
        "coordinates": [
          [
            [
              -145.45,
              -222.1
            ],
            [
              -125.35,
              -202.45
            ],
            [
              -99.15,
              -182.54
            ],
            [
              -110.1,
              -172.73
            ],
            [
              -134.14,
              -190.67
            ],
            [
              -155.68,
              -211.55
            ],
            [
              -145.45,
              -222.1
            ]
          ]
        ]
      },
      "properties": {
        "id": 87,
        "type": "BACKGROUND",
        "backgroundType": "LAWN_TEXTURE_TYPE",
        "raised": false
      }
    },
    {
      "type": "Feature",
      "geometry": {
        "type": "Polygon",
        "coordinates": [
          [
            [
              -155.68,
              -211.55
            ],
            [
              -134.14,
              -190.67
            ],
            [
              -110.1,
              -172.73
            ],
            [
              -121.04,
              -162.92
            ],
            [
              -142.93,
              -178.89
            ],
            [
              -165.91,
              -200.99
            ],
            [
              -155.68,
              -211.55
            ]
          ]
        ]
      },
      "properties": {
        "id": 88,
        "type": "BACKGROUND",
        "backgroundType": "LAWN_TEXTURE_TYPE",
        "raised": false
      }
    },
    {
      "type": "Feature",
      "geometry": {
        "type": "Polygon",
        "coordinates": [
          [
            [
              140.04,
              88.02
            ],
            [
              128.8,
              78.53
            ],
            [
              129.6,
              77.49
            ],
            [
              139.48,
              85.18
            ],
            [
              140.97,
              86.81
            ],
            [
              140.04,
              88.02
            ]
          ]
        ]
      },
      "properties": {
        "id": 89,
        "type": "BACKGROUND",
        "backgroundType": "LAWN_TEXTURE_TYPE",
        "raised": false
      }
    },
    {
      "type": "Feature",
      "geometry": {
        "type": "Polygon",
        "coordinates": [
          [
            [
              171.17,
              -44.06
            ],
            [
              148.2,
              -26.72
            ],
            [
              138.38,
              -37.66
            ],
            [
              162.29,
              -55.77
            ],
            [
              171.17,
              -44.06
            ]
          ]
        ]
      },
      "properties": {
        "id": 90,
        "type": "BACKGROUND",
        "backgroundType": "LAWN_TEXTURE_TYPE",
        "raised": false
      }
    },
    {
      "type": "Feature",
      "geometry": {
        "type": "Polygon",
        "coordinates": [
          [
            [
              9.46,
              -139.4
            ],
            [
              22.02,
              -160.44
            ],
            [
              34.64,
              -152.91
            ],
            [
              22.08,
              -131.86
            ],
            [
              9.46,
              -139.4
            ]
          ]
        ]
      },
      "properties": {
        "id": 91,
        "type": "BACKGROUND",
        "backgroundType": "LAWN_TEXTURE_TYPE",
        "raised": false
      }
    },
    {
      "type": "Feature",
      "geometry": {
        "type": "Polygon",
        "coordinates": [
          [
            [
              -154.76,
              -91.43
            ],
            [
              -139.98,
              -98.99
            ],
            [
              -131.81,
              -86.78
            ],
            [
              -146.55,
              -79.17
            ],
            [
              -154.76,
              -91.43
            ]
          ]
        ]
      },
      "properties": {
        "id": 92,
        "type": "BACKGROUND",
        "backgroundType": "LAWN_TEXTURE_TYPE",
        "raised": false
      }
    },
    {
      "type": "Feature",
      "geometry": {
        "type": "Polygon",
        "coordinates": [
          [
            [
              -17.97,
              -87.41
            ],
            [
              -3.17,
              -111.59
            ],
            [
              8.68,
              -104.37
            ],
            [
              -5.45,
              -79.8
            ],
            [
              -17.97,
              -87.41
            ]
          ]
        ]
      },
      "properties": {
        "id": 93,
        "type": "BACKGROUND",
        "backgroundType": "LAWN_TEXTURE_TYPE",
        "raised": false
      }
    },
    {
      "type": "Feature",
      "geometry": {
        "type": "Polygon",
        "coordinates": [
          [
            [
              71.45,
              -21.9
            ],
            [
              59.6,
              -30.59
            ],
            [
              49.16,
              -38.24
            ],
            [
              58.31,
              -47.28
            ],
            [
              68.8,
              -61.17
            ],
            [
              89.1,
              -46
            ],
            [
              71.45,
              -21.9
            ]
          ]
        ]
      },
      "properties": {
        "id": 94,
        "type": "BACKGROUND",
        "backgroundType": "LAWN_TEXTURE_TYPE",
        "raised": false
      }
    },
    {
      "type": "Feature",
      "geometry": {
        "type": "Polygon",
        "coordinates": [
          [
            [
              -42.24,
              -68.75
            ],
            [
              -30.38,
              -60.06
            ],
            [
              -18.03,
              -51.02
            ],
            [
              6.17,
              -33.29
            ],
            [
              -2.81,
              -21.04
            ],
            [
              -31.03,
              -42.05
            ],
            [
              -31.2,
              -41.83
            ],
            [
              -53.67,
              -53.14
            ],
            [
              -42.24,
              -68.75
            ]
          ]
        ]
      },
      "properties": {
        "id": 95,
        "type": "BACKGROUND",
        "backgroundType": "LAWN_TEXTURE_TYPE",
        "raised": false
      }
    },
    {
      "type": "Feature",
      "geometry": {
        "type": "Polygon",
        "coordinates": [
          [
            [
              54.47,
              -141.07
            ],
            [
              73.57,
              -129.66
            ],
            [
              64.93,
              -115.09
            ],
            [
              60.19,
              -104.31
            ],
            [
              50.66,
              -111.44
            ],
            [
              66.24,
              -132.27
            ],
            [
              54.47,
              -141.07
            ]
          ]
        ]
      },
      "properties": {
        "id": 96,
        "type": "BACKGROUND",
        "backgroundType": "LAWN_TEXTURE_TYPE",
        "raised": false
      }
    },
    {
      "type": "Feature",
      "geometry": {
        "type": "Polygon",
        "coordinates": [
          [
            [
              64.28,
              28.93
            ],
            [
              49.16,
              17.31
            ],
            [
              49.45,
              16.91
            ],
            [
              20.9,
              -3.67
            ],
            [
              29.88,
              -15.92
            ],
            [
              42.23,
              -6.88
            ],
            [
              54.08,
              1.81
            ],
            [
              62.19,
              11.04
            ],
            [
              54.58,
              17.88
            ],
            [
              64.28,
              28.93
            ]
          ]
        ]
      },
      "properties": {
        "id": 97,
        "type": "BACKGROUND",
        "backgroundType": "LAWN_TEXTURE_TYPE",
        "raised": false
      }
    },
    {
      "type": "Feature",
      "geometry": {
        "type": "Polygon",
        "coordinates": [
          [
            [
              -128.03,
              -89.31
            ],
            [
              -106.88,
              -103.47
            ],
            [
              -81.95,
              -120.16
            ],
            [
              -73.73,
              -107.97
            ],
            [
              -64.22,
              -93.85
            ],
            [
              -52.16,
              -80.08
            ],
            [
              -63.59,
              -64.47
            ],
            [
              -53.67,
              -53.14
            ],
            [
              -122.81,
              -87.97
            ],
            [
              -128.03,
              -89.31
            ]
          ]
        ]
      },
      "properties": {
        "id": 98,
        "type": "BACKGROUND",
        "backgroundType": "LAWN_TEXTURE_TYPE",
        "raised": false
      }
    },
    {
      "type": "Feature",
      "geometry": {
        "type": "Polygon",
        "coordinates": [
          [
            [
              -16.03,
              -146.04
            ],
            [
              -16.92,
              -145.13
            ],
            [
              -7.14,
              -116.66
            ],
            [
              -18.99,
              -125.35
            ],
            [
              -34.54,
              -104.12
            ],
            [
              -41.88,
              -112.95
            ],
            [
              -49.39,
              -124.27
            ],
            [
              -24.42,
              -140.98
            ],
            [
              -16.03,
              -146.04
            ]
          ]
        ]
      },
      "properties": {
        "id": 99,
        "type": "BACKGROUND",
        "backgroundType": "LAWN_TEXTURE_TYPE",
        "raised": false
      }
    },
    {
      "type": "Feature",
      "geometry": {
        "type": "Polygon",
        "coordinates": [
          [
            [
              128.8,
              78.53
            ],
            [
              117.15,
              69.57
            ],
            [
              64.28,
              28.93
            ],
            [
              71.88,
              22.09
            ],
            [
              82.46,
              32.34
            ],
            [
              94.16,
              43.69
            ],
            [
              113.8,
              65.18
            ],
            [
              129.6,
              77.49
            ],
            [
              128.8,
              78.53
            ]
          ]
        ]
      },
      "properties": {
        "id": 100,
        "type": "BACKGROUND",
        "backgroundType": "LAWN_TEXTURE_TYPE",
        "raised": false
      }
    },
    {
      "type": "Feature",
      "geometry": {
        "type": "Polygon",
        "coordinates": [
          [
            [
              140.97,
              86.81
            ],
            [
              149,
              95.59
            ],
            [
              140.04,
              88.02
            ],
            [
              140.97,
              86.81
            ]
          ]
        ]
      },
      "properties": {
        "id": 101,
        "type": "BACKGROUND",
        "backgroundType": "LAWN_TEXTURE_TYPE",
        "raised": false
      }
    },
    {
      "type": "Feature",
      "geometry": {
        "type": "Polygon",
        "coordinates": [
          [
            [
              9.46,
              -139.4
            ],
            [
              -6.63,
              -155.62
            ],
            [
              -16.03,
              -146.04
            ],
            [
              -6.9,
              -168.69
            ],
            [
              -15.99,
              -180.37
            ],
            [
              -3.82,
              -171.62
            ],
            [
              8.42,
              -166.33
            ],
            [
              22.02,
              -160.44
            ],
            [
              9.46,
              -139.4
            ]
          ]
        ]
      },
      "properties": {
        "id": 102,
        "type": "BACKGROUND",
        "backgroundType": "LAWN_TEXTURE_TYPE",
        "raised": false
      }
    },
    {
      "type": "Feature",
      "geometry": {
        "type": "Polygon",
        "coordinates": [
          [
            [
              22.08,
              -131.86
            ],
            [
              34.64,
              -152.91
            ],
            [
              47.78,
              -145.06
            ],
            [
              54.47,
              -141.07
            ],
            [
              38.89,
              -120.24
            ],
            [
              26.32,
              -127.96
            ],
            [
              12.17,
              -136.66
            ],
            [
              9.46,
              -139.4
            ],
            [
              22.08,
              -131.86
            ]
          ]
        ]
      },
      "properties": {
        "id": 103,
        "type": "BACKGROUND",
        "backgroundType": "LAWN_TEXTURE_TYPE",
        "raised": false
      }
    },
    {
      "type": "Feature",
      "geometry": {
        "type": "Polygon",
        "coordinates": [
          [
            [
              -131.81,
              -86.78
            ],
            [
              -128.03,
              -89.31
            ],
            [
              -122.81,
              -87.97
            ],
            [
              -129.42,
              -74.84
            ],
            [
              -146.55,
              -79.17
            ],
            [
              -131.81,
              -86.78
            ]
          ]
        ]
      },
      "properties": {
        "id": 104,
        "type": "BACKGROUND",
        "backgroundType": "LAWN_TEXTURE_TYPE",
        "raised": false
      }
    },
    {
      "type": "Feature",
      "geometry": {
        "type": "Polygon",
        "coordinates": [
          [
            [
              -17.97,
              -87.41
            ],
            [
              -24.87,
              -92.46
            ],
            [
              -7.14,
              -116.66
            ],
            [
              -3.17,
              -111.59
            ],
            [
              -17.97,
              -87.41
            ]
          ]
        ]
      },
      "properties": {
        "id": 105,
        "type": "BACKGROUND",
        "backgroundType": "LAWN_TEXTURE_TYPE",
        "raised": false
      }
    },
    {
      "type": "Feature",
      "geometry": {
        "type": "Polygon",
        "coordinates": [
          [
            [
              -5.45,
              -79.8
            ],
            [
              8.68,
              -104.37
            ],
            [
              21.29,
              -96.69
            ],
            [
              33.06,
              -87.89
            ],
            [
              45.38,
              -78.68
            ],
            [
              37.53,
              -68.07
            ],
            [
              25.3,
              -55.71
            ],
            [
              -0.66,
              -74.73
            ],
            [
              -13.01,
              -83.77
            ],
            [
              -17.97,
              -87.41
            ],
            [
              -5.45,
              -79.8
            ]
          ]
        ]
      },
      "properties": {
        "id": 106,
        "type": "BACKGROUND",
        "backgroundType": "LAWN_TEXTURE_TYPE",
        "raised": false
      }
    },
    {
      "type": "Feature",
      "geometry": {
        "type": "Polygon",
        "coordinates": [
          [
            [
              -235.67,
              -103.37
            ],
            [
              -226.38,
              -99.31
            ],
            [
              -229.97,
              -85.06
            ],
            [
              -136.03,
              -61.72
            ],
            [
              -49.02,
              -17.89
            ],
            [
              -49.18,
              -17.67
            ],
            [
              -20.86,
              3.41
            ],
            [
              -38.78,
              27.48
            ],
            [
              -57.99,
              48.71
            ],
            [
              -76.84,
              73.69
            ],
            [
              -74.03,
              75.81
            ],
            [
              -87.47,
              93.68
            ],
            [
              -69.59,
              107.12
            ],
            [
              -56.16,
              89.24
            ],
            [
              -53.35,
              91.36
            ],
            [
              -36.15,
              68.38
            ],
            [
              -15.2,
              45.03
            ],
            [
              2.85,
              20.79
            ],
            [
              31.68,
              41.56
            ],
            [
              31.96,
              41.16
            ],
            [
              99.23,
              92.88
            ],
            [
              80.95,
              116.66
            ],
            [
              92.6,
              125.62
            ],
            [
              104.25,
              134.58
            ],
            [
              122.12,
              111.33
            ],
            [
              176.73,
              157.45
            ],
            [
              175.27,
              157.87
            ],
            [
              165.15,
              160.76
            ],
            [
              156.16,
              153.17
            ],
            [
              145.33,
              144.02
            ],
            [
              134.91,
              138.99
            ],
            [
              124.89,
              138.08
            ],
            [
              115.08,
              137.49
            ],
            [
              105.49,
              137.22
            ],
            [
              96.1,
              137.28
            ],
            [
              86.5,
              133.55
            ],
            [
              77.85,
              125.95
            ],
            [
              70.33,
              118.29
            ],
            [
              63.94,
              110.55
            ],
            [
              58.68,
              102.75
            ],
            [
              54.56,
              94.88
            ],
            [
              50.43,
              87.01
            ],
            [
              46.31,
              79.14
            ],
            [
              42.19,
              71.27
            ],
            [
              36.76,
              66.22
            ],
            [
              30.02,
              63.98
            ],
            [
              21.97,
              64.57
            ],
            [
              12.62,
              67.99
            ],
            [
              1.96,
              74.22
            ],
            [
              -8.7,
              80.45
            ],
            [
              -19.36,
              86.68
            ],
            [
              -30.02,
              92.91
            ],
            [
              -40.18,
              99.47
            ],
            [
              -49.83,
              106.36
            ],
            [
              -59.04,
              110.73
            ],
            [
              -67.81,
              112.58
            ],
            [
              -76.14,
              111.91
            ],
            [
              -84.54,
              108.39
            ],
            [
              -90.25,
              101.3
            ],
            [
              -93.21,
              93.48
            ],
            [
              -93.21,
              85.27
            ],
            [
              -90.27,
              76.66
            ],
            [
              -84.37,
              67.67
            ],
            [
              -78.28,
              59
            ],
            [
              -71.33,
              50.21
            ],
            [
              -63.72,
              40.97
            ],
            [
              -56.2,
              31.83
            ],
            [
              -48.77,
              22.79
            ],
            [
              -44.69,
              13.86
            ],
            [
              -44.61,
              5.5
            ],
            [
              -48.55,
              -1.79
            ],
            [
              -55.75,
              -8.58
            ],
            [
              -66.21,
              -14.85
            ],
            [
              -76.67,
              -20.62
            ],
            [
              -87.15,
              -25.9
            ],
            [
              -97.62,
              -31.18
            ],
            [
              -108.1,
              -36.45
            ],
            [
              -118.58,
              -41.73
            ],
            [
              -129.52,
              -46.59
            ],
            [
              -140.94,
              -51.03
            ],
            [
              -152.82,
              -55.05
            ],
            [
              -165.18,
              -58.66
            ],
            [
              -178,
              -61.84
            ],
            [
              -190.83,
              -65.03
            ],
            [
              -203.65,
              -68.22
            ],
            [
              -216.48,
              -71.4
            ],
            [
              -226.31,
              -75.64
            ],
            [
              -233.16,
              -80.92
            ],
            [
              -237.01,
              -87.24
            ],
            [
              -237.88,
              -94.61
            ],
            [
              -235.75,
              -103.03
            ],
            [
              -235.67,
              -103.37
            ]
          ]
        ]
      },
      "properties": {
        "id": 175,
        "type": "BACKGROUND",
        "backgroundType": "LAWN_TEXTURE_TYPE",
        "raised": false
      }
    },
    {
      "type": "Feature",
      "geometry": {
        "type": "Polygon",
        "coordinates": [
          [
            [
              -169.29,
              -95.22
            ],
            [
              -157.18,
              -101.42
            ],
            [
              -146.69,
              -107.68
            ],
            [
              -136.2,
              -113.94
            ],
            [
              -126.25,
              -120.22
            ],
            [
              -118.89,
              -125.43
            ],
            [
              -115.36,
              -131.56
            ],
            [
              -115.67,
              -138.61
            ],
            [
              -120.01,
              -145.97
            ],
            [
              -128.4,
              -153.65
            ],
            [
              -138.16,
              -162.63
            ],
            [
              -147.5,
              -170.92
            ],
            [
              -156.42,
              -178.5
            ],
            [
              -164.72,
              -185.98
            ],
            [
              -169.14,
              -193.66
            ],
            [
              -170.31,
              -201.64
            ],
            [
              -168.21,
              -209.93
            ],
            [
              -162.86,
              -218.51
            ],
            [
              -154.06,
              -224.82
            ],
            [
              -145.07,
              -228.55
            ],
            [
              -135.88,
              -229.7
            ],
            [
              -126.51,
              -228.28
            ],
            [
              -116.94,
              -224.28
            ],
            [
              -107.37,
              -220.29
            ],
            [
              -97.8,
              -216.29
            ],
            [
              -88.23,
              -212.3
            ],
            [
              -79.21,
              -211.16
            ],
            [
              -70.75,
              -212.88
            ],
            [
              -62.83,
              -217.47
            ],
            [
              -55.47,
              -224.91
            ],
            [
              -48.31,
              -232.02
            ],
            [
              -40.8,
              -235.94
            ],
            [
              -32.94,
              -236.66
            ],
            [
              -24.73,
              -234.19
            ],
            [
              -15.82,
              -228.1
            ],
            [
              -6.55,
              -221.57
            ],
            [
              2.45,
              -215.55
            ],
            [
              11.16,
              -210.02
            ],
            [
              19.59,
              -205
            ],
            [
              27.38,
              -200.91
            ],
            [
              35.28,
              -197.08
            ],
            [
              43.9,
              -192.6
            ],
            [
              53.27,
              -187.45
            ],
            [
              63.37,
              -181.64
            ],
            [
              72.65,
              -177.51
            ],
            [
              80.97,
              -176.05
            ],
            [
              85.99,
              -176.89
            ],
            [
              87.71,
              -180.02
            ],
            [
              86.14,
              -185.45
            ],
            [
              82.81,
              -190.83
            ],
            [
              79.93,
              -196.69
            ],
            [
              79.82,
              -203.39
            ],
            [
              82.47,
              -210.94
            ],
            [
              87.89,
              -219.33
            ],
            [
              96.38,
              -227.64
            ],
            [
              105.18,
              -235.01
            ],
            [
              114.29,
              -241.44
            ],
            [
              123.69,
              -246.94
            ],
            [
              133.58,
              -249.33
            ],
            [
              143.65,
              -249.53
            ],
            [
              153.89,
              -247.55
            ],
            [
              164.31,
              -243.39
            ],
            [
              173.37,
              -236.19
            ],
            [
              180.88,
              -228.12
            ],
            [
              186.85,
              -219.18
            ],
            [
              191.28,
              -209.38
            ],
            [
              194.17,
              -198.71
            ],
            [
              197.05,
              -188.04
            ],
            [
              199.94,
              -177.38
            ],
            [
              202.83,
              -166.71
            ],
            [
              207.11,
              -156.84
            ],
            [
              212.8,
              -147.77
            ],
            [
              219.88,
              -139.5
            ],
            [
              228.37,
              -132.03
            ],
            [
              238.25,
              -125.35
            ],
            [
              248.14,
              -118.68
            ],
            [
              258.02,
              -112.01
            ],
            [
              267.9,
              -105.34
            ],
            [
              275.39,
              -97.56
            ],
            [
              280.47,
              -88.69
            ],
            [
              283.15,
              -78.72
            ],
            [
              283.43,
              -67.64
            ],
            [
              279.38,
              -57.88
            ],
            [
              273.41,
              -50.51
            ],
            [
              265.51,
              -45.55
            ],
            [
              255.68,
              -43
            ],
            [
              243.93,
              -42.85
            ],
            [
              232.19,
              -42.71
            ],
            [
              220.44,
              -42.56
            ],
            [
              208.69,
              -42.41
            ],
            [
              197.76,
              -41.14
            ],
            [
              187.64,
              -38.74
            ],
            [
              178.35,
              -35.21
            ],
            [
              169.88,
              -30.56
            ],
            [
              161.98,
              -24.34
            ],
            [
              153.83,
              -17.68
            ],
            [
              145.44,
              -10.57
            ],
            [
              136.8,
              -3.03
            ],
            [
              130.23,
              3.88
            ],
            [
              126.47,
              10.32
            ],
            [
              125.51,
              16.27
            ],
            [
              127.35,
              21.75
            ],
            [
              132,
              26.74
            ],
            [
              138.28,
              32.85
            ],
            [
              145.72,
              39.5
            ],
            [
              153.62,
              46.61
            ],
            [
              161.99,
              54.19
            ],
            [
              170.81,
              62.22
            ],
            [
              178.94,
              70.19
            ],
            [
              186.06,
              79.21
            ],
            [
              192.87,
              89.37
            ],
            [
              199.37,
              100.66
            ],
            [
              205.56,
              113.08
            ],
            [
              208.54,
              125.97
            ],
            [
              212.49,
              139.08
            ],
            [
              209.45,
              148.12
            ],
            [
              193.75,
              152.6
            ],
            [
              203.24,
              141.37
            ],
            [
              149,
              95.59
            ],
            [
              168.85,
              95.5
            ],
            [
              179.62,
              85.5
            ],
            [
              157.38,
              61.87
            ],
            [
              135.48,
              45.33
            ],
            [
              114.6,
              22.56
            ],
            [
              104.35,
              12.68
            ],
            [
              125.89,
              -6.67
            ],
            [
              148.2,
              -26.72
            ],
            [
              171.17,
              -44.06
            ],
            [
              162.29,
              -55.77
            ],
            [
              138.38,
              -37.66
            ],
            [
              116.06,
              -17.61
            ],
            [
              93.75,
              2.44
            ],
            [
              83.82,
              -8.39
            ],
            [
              81.57,
              -10.85
            ],
            [
              99.22,
              -34.94
            ],
            [
              89.1,
              -46
            ],
            [
              92.88,
              -43.16
            ],
            [
              92.4,
              -42.51
            ],
            [
              110.47,
              -29
            ],
            [
              129.04,
              -53.85
            ],
            [
              110.97,
              -67.36
            ],
            [
              110.49,
              -66.71
            ],
            [
              84.01,
              -86.5
            ],
            [
              91.69,
              -102.92
            ],
            [
              98.73,
              -114.63
            ],
            [
              124.53,
              -99.23
            ],
            [
              137.67,
              -91.38
            ],
            [
              122.29,
              -65.63
            ],
            [
              134.91,
              -58.09
            ],
            [
              147.52,
              -50.56
            ],
            [
              163.52,
              -77.34
            ],
            [
              178.3,
              -70.07
            ],
            [
              211.17,
              -62.81
            ],
            [
              242.71,
              -59.88
            ],
            [
              271.05,
              -54.88
            ],
            [
              273.58,
              -69.36
            ],
            [
              276.1,
              -83.84
            ],
            [
              245.34,
              -89.15
            ],
            [
              217.11,
              -91.59
            ],
            [
              191.23,
              -96.46
            ],
            [
              165.36,
              -109.08
            ],
            [
              139.6,
              -124.47
            ],
            [
              113.78,
              -139.89
            ],
            [
              121.59,
              -153.14
            ],
            [
              129.97,
              -162.41
            ],
            [
              152.54,
              -142.42
            ],
            [
              174.99,
              -122.52
            ],
            [
              184.74,
              -133.52
            ],
            [
              194.48,
              -144.52
            ],
            [
              172.03,
              -164.42
            ],
            [
              147.41,
              -186.23
            ],
            [
              156.52,
              -201.74
            ],
            [
              171.79,
              -227.27
            ],
            [
              159.18,
              -234.81
            ],
            [
              146.57,
              -242.36
            ],
            [
              131.04,
              -216.39
            ],
            [
              125.18,
              -205.93
            ],
            [
              105.12,
              -223.7
            ],
            [
              95.38,
              -212.7
            ],
            [
              85.63,
              -201.7
            ],
            [
              108.17,
              -181.72
            ],
            [
              96.27,
              -168.07
            ],
            [
              88.54,
              -154.96
            ],
            [
              62.85,
              -170.3
            ],
            [
              37.1,
              -185.68
            ],
            [
              7.97,
              -198.55
            ],
            [
              -13.4,
              -214.69
            ],
            [
              -39.02,
              -231.66
            ],
            [
              -47.13,
              -219.4
            ],
            [
              -55.23,
              -207.14
            ],
            [
              -30.8,
              -191.01
            ],
            [
              -15.99,
              -180.37
            ],
            [
              -40.77,
              -165.41
            ],
            [
              -67.53,
              -147.49
            ],
            [
              -79.26,
              -160.35
            ],
            [
              -99.15,
              -182.54
            ],
            [
              -125.35,
              -202.45
            ],
            [
              -145.45,
              -222.1
            ],
            [
              -155.68,
              -211.55
            ],
            [
              -165.91,
              -200.99
            ],
            [
              -142.93,
              -178.89
            ],
            [
              -121.04,
              -162.92
            ],
            [
              -100.87,
              -140.44
            ],
            [
              -92.11,
              -131.04
            ],
            [
              -115.05,
              -115.68
            ],
            [
              -139.98,
              -98.99
            ],
            [
              -154.76,
              -91.43
            ],
            [
              -146.55,
              -79.17
            ],
            [
              -226.38,
              -99.31
            ],
            [
              -235.67,
              -103.37
            ],
            [
              -233.63,
              -111.45
            ],
            [
              -169.29,
              -95.22
            ]
          ]
        ]
      },
      "properties": {
        "id": 176,
        "type": "BACKGROUND",
        "backgroundType": "LAWN_TEXTURE_TYPE",
        "raised": false
      }
    },
    {
      "type": "Feature",
      "geometry": {
        "type": "Polygon",
        "coordinates": [
          [
            [
              -582.6,
              -284.57
            ],
            [
              -581.9,
              -279.22
            ],
            [
              -581.66,
              -273.8
            ],
            [
              -582.88,
              -269.27
            ],
            [
              -586.45,
              -266.09
            ],
            [
              -591.55,
              -263.85
            ],
            [
              -596.73,
              -261.76
            ],
            [
              -603.1,
              -258.43
            ],
            [
              -609.64,
              -256.24
            ],
            [
              -614.64,
              -256.26
            ],
            [
              -619.75,
              -257.31
            ],
            [
              -624.34,
              -259.26
            ],
            [
              -630.1,
              -263.93
            ],
            [
              -634.31,
              -270.04
            ],
            [
              -635.86,
              -276.94
            ],
            [
              -636.27,
              -284.31
            ],
            [
              -637.16,
              -289.93
            ],
            [
              -637.88,
              -295.57
            ],
            [
              -636.94,
              -300.24
            ],
            [
              -633.3,
              -303.35
            ],
            [
              -628,
              -305.48
            ],
            [
              -622.63,
              -307.48
            ],
            [
              -616.02,
              -310.93
            ],
            [
              -609.34,
              -312.9
            ],
            [
              -602.52,
              -311.23
            ],
            [
              -596.06,
              -307.64
            ],
            [
              -590.53,
              -303.46
            ],
            [
              -586.13,
              -298.28
            ],
            [
              -583.71,
              -291.71
            ],
            [
              -582.6,
              -284.57
            ]
          ]
        ]
      },
      "properties": {
        "id": 108,
        "type": "BACKGROUND",
        "backgroundType": "GRASS",
        "raised": false
      }
    },
    {
      "type": "Feature",
      "geometry": {
        "type": "Polygon",
        "coordinates": [
          [
            [
              -133.37,
              -393.78
            ],
            [
              -147.34,
              -397.38
            ],
            [
              -152.72,
              -401.32
            ],
            [
              -152.87,
              -402.01
            ],
            [
              -153.53,
              -409.38
            ],
            [
              -153.31,
              -411.61
            ],
            [
              -152.76,
              -414.16
            ],
            [
              -151.72,
              -417.84
            ],
            [
              -148.92,
              -421.19
            ],
            [
              -148.11,
              -422.16
            ],
            [
              -146.73,
              -423.54
            ],
            [
              -145.12,
              -424.55
            ],
            [
              -142.45,
              -424.83
            ],
            [
              -141.31,
              -424.88
            ],
            [
              -135.36,
              -425.13
            ],
            [
              -130.54,
              -422.8
            ],
            [
              -127.11,
              -420.15
            ],
            [
              -120.9,
              -412.68
            ],
            [
              -118.81,
              -409.54
            ],
            [
              -117.59,
              -406.81
            ],
            [
              -117.17,
              -404.44
            ],
            [
              -116.91,
              -400.65
            ],
            [
              -119.79,
              -397.52
            ],
            [
              -127.07,
              -394.62
            ],
            [
              -133.37,
              -393.78
            ]
          ]
        ]
      },
      "properties": {
        "id": 109,
        "type": "BACKGROUND",
        "backgroundType": "GRASS",
        "raised": false
      }
    },
    {
      "type": "Feature",
      "geometry": {
        "type": "Polygon",
        "coordinates": [
          [
            [
              -897.62,
              329.24
            ],
            [
              -909.32,
              323.84
            ],
            [
              -921.75,
              307.36
            ],
            [
              -930.96,
              284.07
            ],
            [
              -931.94,
              262.33
            ],
            [
              -921.22,
              245.69
            ],
            [
              -906.87,
              235.06
            ],
            [
              -888.26,
              237.88
            ],
            [
              -872.43,
              250.66
            ],
            [
              -860.44,
              265.02
            ],
            [
              -861.41,
              283.58
            ],
            [
              -865.94,
              301.69
            ],
            [
              -872.12,
              315.35
            ],
            [
              -883.75,
              324.11
            ],
            [
              -897.62,
              329.24
            ]
          ]
        ]
      },
      "properties": {
        "id": 110,
        "type": "BACKGROUND",
        "backgroundType": "GRASS",
        "raised": false
      }
    },
    {
      "type": "Feature",
      "geometry": {
        "type": "Polygon",
        "coordinates": [
          [
            [
              -899.08,
              -238.21
            ],
            [
              -913.19,
              -238.62
            ],
            [
              -932.92,
              -247.93
            ],
            [
              -955.02,
              -260.49
            ],
            [
              -974.2,
              -276.36
            ],
            [
              -991.43,
              -306.46
            ],
            [
              -980.27,
              -336.33
            ],
            [
              -955.79,
              -350.25
            ],
            [
              -928.01,
              -358.77
            ],
            [
              -897.58,
              -362.62
            ],
            [
              -864.17,
              -349.18
            ],
            [
              -857.62,
              -324.12
            ],
            [
              -860.57,
              -301.42
            ],
            [
              -866.25,
              -280.33
            ],
            [
              -872.24,
              -260.58
            ],
            [
              -884.05,
              -243.89
            ],
            [
              -899.08,
              -238.21
            ]
          ]
        ]
      },
      "properties": {
        "id": 111,
        "type": "BACKGROUND",
        "backgroundType": "GRASS",
        "raised": false
      }
    },
    {
      "type": "Feature",
      "geometry": {
        "type": "Polygon",
        "coordinates": [
          [
            [
              -403.63,
              325.4
            ],
            [
              -384.46,
              283.23
            ],
            [
              -369.88,
              254.21
            ],
            [
              -367.8,
              262.16
            ],
            [
              -353.63,
              310.86
            ],
            [
              -401.08,
              324.66
            ],
            [
              -403.63,
              325.4
            ]
          ]
        ]
      },
      "properties": {
        "id": 162,
        "type": "BACKGROUND",
        "backgroundType": "GRASS",
        "raised": false
      }
    },
    {
      "type": "Feature",
      "geometry": {
        "type": "Polygon",
        "coordinates": [
          [
            [
              -235.75,
              -103.03
            ],
            [
              -237.88,
              -94.61
            ],
            [
              -237.01,
              -87.24
            ],
            [
              -233.16,
              -80.92
            ],
            [
              -226.31,
              -75.64
            ],
            [
              -216.48,
              -71.4
            ],
            [
              -203.65,
              -68.22
            ],
            [
              -190.83,
              -65.03
            ],
            [
              -178,
              -61.84
            ],
            [
              -165.18,
              -58.66
            ],
            [
              -152.82,
              -55.05
            ],
            [
              -140.94,
              -51.03
            ],
            [
              -129.52,
              -46.59
            ],
            [
              -118.58,
              -41.73
            ],
            [
              -108.1,
              -36.45
            ],
            [
              -97.62,
              -31.18
            ],
            [
              -87.15,
              -25.9
            ],
            [
              -76.67,
              -20.62
            ],
            [
              -66.21,
              -14.85
            ],
            [
              -55.75,
              -8.58
            ],
            [
              -48.55,
              -1.79
            ],
            [
              -44.61,
              5.5
            ],
            [
              -44.69,
              13.86
            ],
            [
              -48.77,
              22.79
            ],
            [
              -56.2,
              31.83
            ],
            [
              -63.72,
              40.97
            ],
            [
              -71.33,
              50.21
            ],
            [
              -78.28,
              59
            ],
            [
              -84.37,
              67.67
            ],
            [
              -90.27,
              76.66
            ],
            [
              -93.21,
              85.27
            ],
            [
              -93.21,
              93.48
            ],
            [
              -90.25,
              101.3
            ],
            [
              -84.54,
              108.39
            ],
            [
              -76.14,
              111.91
            ],
            [
              -67.81,
              112.58
            ],
            [
              -59.04,
              110.73
            ],
            [
              -49.83,
              106.36
            ],
            [
              -40.18,
              99.47
            ],
            [
              -30.02,
              92.91
            ],
            [
              -19.36,
              86.68
            ],
            [
              -8.7,
              80.45
            ],
            [
              1.96,
              74.22
            ],
            [
              12.62,
              67.99
            ],
            [
              21.97,
              64.57
            ],
            [
              30.02,
              63.98
            ],
            [
              36.76,
              66.22
            ],
            [
              42.19,
              71.27
            ],
            [
              46.31,
              79.14
            ],
            [
              50.43,
              87.01
            ],
            [
              54.56,
              94.88
            ],
            [
              58.68,
              102.75
            ],
            [
              63.94,
              110.55
            ],
            [
              70.33,
              118.29
            ],
            [
              77.85,
              125.95
            ],
            [
              86.5,
              133.55
            ],
            [
              96.1,
              137.28
            ],
            [
              105.49,
              137.22
            ],
            [
              115.08,
              137.49
            ],
            [
              124.89,
              138.08
            ],
            [
              134.91,
              138.99
            ],
            [
              145.33,
              144.02
            ],
            [
              156.16,
              153.17
            ],
            [
              165.15,
              160.76
            ],
            [
              127.2,
              171.61
            ],
            [
              79.13,
              185.37
            ],
            [
              64.35,
              189.61
            ],
            [
              32.79,
              183.75
            ],
            [
              0.96,
              174.84
            ],
            [
              -29.69,
              163.23
            ],
            [
              -58.7,
              149.06
            ],
            [
              -85.62,
              132.48
            ],
            [
              -106.31,
              117.03
            ],
            [
              -132.75,
              96.44
            ],
            [
              -160.71,
              74.27
            ],
            [
              -188.4,
              50.58
            ],
            [
              -214.02,
              25.44
            ],
            [
              -235.77,
              -1.08
            ],
            [
              -251.84,
              -28.91
            ],
            [
              -260.46,
              -58
            ],
            [
              -259.8,
              -88.25
            ],
            [
              -255.99,
              -104.15
            ],
            [
              -253.47,
              -111.16
            ],
            [
              -235.67,
              -103.37
            ],
            [
              -235.75,
              -103.03
            ]
          ]
        ]
      },
      "properties": {
        "id": 163,
        "type": "BACKGROUND",
        "backgroundType": "GRASS",
        "raised": false
      }
    },
    {
      "type": "Feature",
      "geometry": {
        "type": "Polygon",
        "coordinates": [
          [
            [
              -233.63,
              -111.45
            ],
            [
              -235.67,
              -103.37
            ],
            [
              -253.47,
              -111.16
            ],
            [
              -244.86,
              -135.19
            ],
            [
              -229.52,
              -164.77
            ],
            [
              -210.97,
              -192.64
            ],
            [
              -190.24,
              -218.55
            ],
            [
              -167.52,
              -242.43
            ],
            [
              -140.68,
              -253.15
            ],
            [
              -132.68,
              -256.34
            ],
            [
              -91.67,
              -258.32
            ],
            [
              -50.58,
              -259.34
            ],
            [
              -19.86,
              -263.86
            ],
            [
              11.57,
              -269.89
            ],
            [
              43.22,
              -275.86
            ],
            [
              74.58,
              -280.23
            ],
            [
              105.19,
              -281.41
            ],
            [
              134.53,
              -277.86
            ],
            [
              162.13,
              -268
            ],
            [
              190.66,
              -250.59
            ],
            [
              218.24,
              -229.92
            ],
            [
              245.33,
              -205.83
            ],
            [
              269.77,
              -178.92
            ],
            [
              289.44,
              -149.78
            ],
            [
              302.2,
              -119
            ],
            [
              305.92,
              -87.17
            ],
            [
              301.05,
              -54.64
            ],
            [
              295.13,
              -21.64
            ],
            [
              288.37,
              11.69
            ],
            [
              280.22,
              44.82
            ],
            [
              270.14,
              77.19
            ],
            [
              257.56,
              108.24
            ],
            [
              241.94,
              137.42
            ],
            [
              240.65,
              139.21
            ],
            [
              223.35,
              144.16
            ],
            [
              209.45,
              148.12
            ],
            [
              212.49,
              139.08
            ],
            [
              208.54,
              125.97
            ],
            [
              205.56,
              113.08
            ],
            [
              199.37,
              100.66
            ],
            [
              192.87,
              89.37
            ],
            [
              186.06,
              79.21
            ],
            [
              178.94,
              70.19
            ],
            [
              170.81,
              62.22
            ],
            [
              161.99,
              54.19
            ],
            [
              153.62,
              46.61
            ],
            [
              145.72,
              39.5
            ],
            [
              138.28,
              32.85
            ],
            [
              132,
              26.74
            ],
            [
              127.35,
              21.75
            ],
            [
              125.51,
              16.27
            ],
            [
              126.47,
              10.32
            ],
            [
              130.23,
              3.88
            ],
            [
              136.8,
              -3.03
            ],
            [
              145.44,
              -10.57
            ],
            [
              153.83,
              -17.68
            ],
            [
              161.98,
              -24.34
            ],
            [
              169.88,
              -30.56
            ],
            [
              178.35,
              -35.21
            ],
            [
              187.64,
              -38.74
            ],
            [
              197.76,
              -41.14
            ],
            [
              208.69,
              -42.41
            ],
            [
              220.44,
              -42.56
            ],
            [
              232.19,
              -42.71
            ],
            [
              243.93,
              -42.85
            ],
            [
              255.68,
              -43
            ],
            [
              265.51,
              -45.55
            ],
            [
              273.41,
              -50.51
            ],
            [
              279.38,
              -57.88
            ],
            [
              283.43,
              -67.64
            ],
            [
              283.15,
              -78.72
            ],
            [
              280.47,
              -88.69
            ],
            [
              275.39,
              -97.56
            ],
            [
              267.9,
              -105.34
            ],
            [
              258.02,
              -112.01
            ],
            [
              248.14,
              -118.68
            ],
            [
              238.25,
              -125.35
            ],
            [
              228.37,
              -132.03
            ],
            [
              219.88,
              -139.5
            ],
            [
              212.8,
              -147.77
            ],
            [
              207.11,
              -156.84
            ],
            [
              202.83,
              -166.71
            ],
            [
              199.94,
              -177.38
            ],
            [
              197.05,
              -188.04
            ],
            [
              194.17,
              -198.71
            ],
            [
              191.28,
              -209.38
            ],
            [
              186.85,
              -219.18
            ],
            [
              180.88,
              -228.12
            ],
            [
              173.37,
              -236.19
            ],
            [
              164.31,
              -243.39
            ],
            [
              153.89,
              -247.55
            ],
            [
              143.65,
              -249.53
            ],
            [
              133.58,
              -249.33
            ],
            [
              123.69,
              -246.94
            ],
            [
              114.29,
              -241.44
            ],
            [
              105.18,
              -235.01
            ],
            [
              96.38,
              -227.64
            ],
            [
              87.89,
              -219.33
            ],
            [
              82.47,
              -210.94
            ],
            [
              79.82,
              -203.39
            ],
            [
              79.93,
              -196.69
            ],
            [
              82.81,
              -190.83
            ],
            [
              86.14,
              -185.45
            ],
            [
              87.71,
              -180.02
            ],
            [
              85.99,
              -176.89
            ],
            [
              80.97,
              -176.05
            ],
            [
              72.65,
              -177.51
            ],
            [
              63.37,
              -181.64
            ],
            [
              53.27,
              -187.45
            ],
            [
              43.9,
              -192.6
            ],
            [
              35.28,
              -197.08
            ],
            [
              27.38,
              -200.91
            ],
            [
              19.59,
              -205
            ],
            [
              11.16,
              -210.02
            ],
            [
              2.45,
              -215.55
            ],
            [
              -6.55,
              -221.57
            ],
            [
              -15.82,
              -228.1
            ],
            [
              -24.73,
              -234.19
            ],
            [
              -32.94,
              -236.66
            ],
            [
              -40.8,
              -235.94
            ],
            [
              -48.31,
              -232.02
            ],
            [
              -55.47,
              -224.91
            ],
            [
              -62.83,
              -217.47
            ],
            [
              -70.75,
              -212.88
            ],
            [
              -79.21,
              -211.16
            ],
            [
              -88.23,
              -212.3
            ],
            [
              -97.8,
              -216.29
            ],
            [
              -107.37,
              -220.29
            ],
            [
              -116.94,
              -224.28
            ],
            [
              -126.51,
              -228.28
            ],
            [
              -135.88,
              -229.7
            ],
            [
              -145.07,
              -228.55
            ],
            [
              -154.06,
              -224.82
            ],
            [
              -162.86,
              -218.51
            ],
            [
              -168.21,
              -209.93
            ],
            [
              -170.31,
              -201.64
            ],
            [
              -169.14,
              -193.66
            ],
            [
              -164.72,
              -185.98
            ],
            [
              -156.42,
              -178.5
            ],
            [
              -147.5,
              -170.92
            ],
            [
              -138.16,
              -162.63
            ],
            [
              -128.4,
              -153.65
            ],
            [
              -120.01,
              -145.97
            ],
            [
              -115.67,
              -138.61
            ],
            [
              -115.36,
              -131.56
            ],
            [
              -118.89,
              -125.43
            ],
            [
              -126.25,
              -120.22
            ],
            [
              -136.2,
              -113.94
            ],
            [
              -146.69,
              -107.68
            ],
            [
              -157.18,
              -101.42
            ],
            [
              -169.29,
              -95.22
            ],
            [
              -233.63,
              -111.45
            ]
          ]
        ]
      },
      "properties": {
        "id": 164,
        "type": "BACKGROUND",
        "backgroundType": "GRASS",
        "raised": false
      }
    },
    {
      "type": "Feature",
      "geometry": {
        "type": "Polygon",
        "coordinates": [
          [
            [
              -255.99,
              -104.15
            ],
            [
              -259.8,
              -88.25
            ],
            [
              -260.46,
              -58
            ],
            [
              -251.84,
              -28.91
            ],
            [
              -235.77,
              -1.08
            ],
            [
              -214.02,
              25.44
            ],
            [
              -188.4,
              50.58
            ],
            [
              -160.71,
              74.27
            ],
            [
              -132.75,
              96.44
            ],
            [
              -106.31,
              117.03
            ],
            [
              -85.62,
              132.48
            ],
            [
              -58.7,
              149.06
            ],
            [
              -29.69,
              163.23
            ],
            [
              0.96,
              174.84
            ],
            [
              32.79,
              183.75
            ],
            [
              64.35,
              189.61
            ],
            [
              55.09,
              192.26
            ],
            [
              31.06,
              199.15
            ],
            [
              -16.99,
              212.97
            ],
            [
              -65.03,
              226.84
            ],
            [
              -113.06,
              240.74
            ],
            [
              -161.07,
              254.7
            ],
            [
              -209.07,
              268.68
            ],
            [
              -257.07,
              282.7
            ],
            [
              -304.51,
              296.55
            ],
            [
              -318.29,
              249.24
            ],
            [
              -330.75,
              201.55
            ],
            [
              -341.9,
              153.4
            ],
            [
              -352.04,
              104.66
            ],
            [
              -361.87,
              55.35
            ],
            [
              -372.35,
              5.63
            ],
            [
              -384.55,
              -44.19
            ],
            [
              -399.33,
              -93.61
            ],
            [
              -417.18,
              -142.1
            ],
            [
              -438.11,
              -189.21
            ],
            [
              -461.69,
              -234.69
            ],
            [
              -400.29,
              -196.2
            ],
            [
              -318,
              -139.38
            ],
            [
              -285.74,
              -125.27
            ],
            [
              -253.47,
              -111.16
            ],
            [
              -255.99,
              -104.15
            ]
          ]
        ]
      },
      "properties": {
        "id": 165,
        "type": "BACKGROUND",
        "backgroundType": "GRASS",
        "raised": false
      }
    },
    {
      "type": "Feature",
      "geometry": {
        "type": "Polygon",
        "coordinates": [
          [
            [
              -931.4,
              137.08
            ],
            [
              -887.96,
              112.31
            ],
            [
              -849.74,
              83.64
            ],
            [
              -807.96,
              52.31
            ],
            [
              -732.64,
              -13.47
            ],
            [
              -661.39,
              -83.63
            ],
            [
              -580.27,
              -142.11
            ],
            [
              -543.11,
              -175.56
            ],
            [
              -505.94,
              -209.01
            ],
            [
              -483.55,
              -165.69
            ],
            [
              -463.96,
              -121.37
            ],
            [
              -447.36,
              -75.98
            ],
            [
              -433.59,
              -29.57
            ],
            [
              -422.06,
              17.76
            ],
            [
              -411.94,
              65.89
            ],
            [
              -402.23,
              114.66
            ],
            [
              -392,
              163.82
            ],
            [
              -388.4,
              179.37
            ],
            [
              -407.43,
              215.02
            ],
            [
              -430.18,
              260.26
            ],
            [
              -451.32,
              306.65
            ],
            [
              -466.07,
              343.55
            ],
            [
              -497.11,
              352.56
            ],
            [
              -545.12,
              366.51
            ],
            [
              -593.14,
              380.45
            ],
            [
              -641.16,
              394.38
            ],
            [
              -689.19,
              408.29
            ],
            [
              -737.2,
              422.25
            ],
            [
              -785.22,
              436.19
            ],
            [
              -833.21,
              450.2
            ],
            [
              -881.2,
              464.24
            ],
            [
              -929.18,
              478.3
            ],
            [
              -977.15,
              492.43
            ],
            [
              -1000,
              499.17
            ],
            [
              -1000,
              169.94
            ],
            [
              -974.83,
              161.85
            ],
            [
              -931.4,
              137.08
            ],
            [
              -931.1,
              154.73
            ],
            [
              -930.93,
              172.4
            ],
            [
              -931.85,
              190.26
            ],
            [
              -925.43,
              206.88
            ],
            [
              -918.34,
              223.39
            ],
            [
              -914.05,
              240.37
            ],
            [
              -921.22,
              245.69
            ],
            [
              -931.94,
              262.33
            ],
            [
              -930.96,
              284.07
            ],
            [
              -921.75,
              307.36
            ],
            [
              -909.32,
              323.84
            ],
            [
              -897.62,
              329.24
            ],
            [
              -883.75,
              324.11
            ],
            [
              -872.12,
              315.35
            ],
            [
              -865.94,
              301.69
            ],
            [
              -861.41,
              283.58
            ],
            [
              -860.44,
              265.02
            ],
            [
              -872.43,
              250.66
            ],
            [
              -888.26,
              237.88
            ],
            [
              -906.87,
              235.06
            ],
            [
              -914.05,
              240.37
            ],
            [
              -918.34,
              223.39
            ],
            [
              -925.43,
              206.88
            ],
            [
              -931.85,
              190.26
            ],
            [
              -930.93,
              172.4
            ],
            [
              -931.1,
              154.73
            ],
            [
              -931.4,
              137.08
            ]
          ]
        ]
      },
      "properties": {
        "id": 166,
        "type": "BACKGROUND",
        "backgroundType": "GRASS",
        "raised": false
      }
    },
    {
      "type": "Feature",
      "geometry": {
        "type": "Polygon",
        "coordinates": [
          [
            [
              -1000,
              -325.16
            ],
            [
              -1000,
              -415.03
            ],
            [
              -1000,
              -1000
            ],
            [
              -772.29,
              -1000
            ],
            [
              -770.33,
              -962.16
            ],
            [
              -767.84,
              -912.27
            ],
            [
              -764.59,
              -862
            ],
            [
              -759.86,
              -811.48
            ],
            [
              -753.13,
              -760.93
            ],
            [
              -744.06,
              -710.56
            ],
            [
              -732.48,
              -660.61
            ],
            [
              -718.29,
              -611.28
            ],
            [
              -701.48,
              -562.74
            ],
            [
              -682.1,
              -515.17
            ],
            [
              -660.28,
              -468.71
            ],
            [
              -636.3,
              -423.44
            ],
            [
              -610.62,
              -379.34
            ],
            [
              -583.87,
              -336.26
            ],
            [
              -556.9,
              -293.83
            ],
            [
              -530.64,
              -251.59
            ],
            [
              -505.94,
              -209.01
            ],
            [
              -543.11,
              -175.56
            ],
            [
              -548.49,
              -191.61
            ],
            [
              -553.99,
              -207.61
            ],
            [
              -558.41,
              -224.09
            ],
            [
              -567.97,
              -238.25
            ],
            [
              -577.27,
              -252.54
            ],
            [
              -584.66,
              -267.68
            ],
            [
              -582.88,
              -269.27
            ],
            [
              -581.66,
              -273.8
            ],
            [
              -581.9,
              -279.22
            ],
            [
              -582.6,
              -284.57
            ],
            [
              -583.71,
              -291.71
            ],
            [
              -586.13,
              -298.28
            ],
            [
              -590.53,
              -303.46
            ],
            [
              -596.06,
              -307.64
            ],
            [
              -602.52,
              -311.23
            ],
            [
              -609.34,
              -312.9
            ],
            [
              -616.02,
              -310.93
            ],
            [
              -622.63,
              -307.48
            ],
            [
              -628,
              -305.48
            ],
            [
              -633.3,
              -303.35
            ],
            [
              -636.94,
              -300.24
            ],
            [
              -637.88,
              -295.57
            ],
            [
              -637.16,
              -289.93
            ],
            [
              -636.27,
              -284.31
            ],
            [
              -635.86,
              -276.94
            ],
            [
              -634.31,
              -270.04
            ],
            [
              -630.1,
              -263.93
            ],
            [
              -624.34,
              -259.26
            ],
            [
              -619.75,
              -257.31
            ],
            [
              -614.64,
              -256.26
            ],
            [
              -609.64,
              -256.24
            ],
            [
              -603.1,
              -258.43
            ],
            [
              -596.73,
              -261.76
            ],
            [
              -591.55,
              -263.85
            ],
            [
              -586.45,
              -266.09
            ],
            [
              -584.66,
              -267.68
            ],
            [
              -577.27,
              -252.54
            ],
            [
              -567.97,
              -238.25
            ],
            [
              -558.41,
              -224.09
            ],
            [
              -553.99,
              -207.61
            ],
            [
              -548.49,
              -191.61
            ],
            [
              -543.11,
              -175.56
            ],
            [
              -580.27,
              -142.11
            ],
            [
              -661.39,
              -83.63
            ],
            [
              -732.64,
              -13.47
            ],
            [
              -807.96,
              52.31
            ],
            [
              -887.96,
              112.31
            ],
            [
              -931.4,
              137.08
            ],
            [
              -974.83,
              161.85
            ],
            [
              -1000,
              169.94
            ],
            [
              -1000,
              -325.16
            ],
            [
              -985.85,
              -321.39
            ],
            [
              -991.43,
              -306.46
            ],
            [
              -974.2,
              -276.36
            ],
            [
              -955.02,
              -260.49
            ],
            [
              -932.92,
              -247.93
            ],
            [
              -913.19,
              -238.62
            ],
            [
              -899.08,
              -238.21
            ],
            [
              -884.05,
              -243.89
            ],
            [
              -872.24,
              -260.58
            ],
            [
              -866.25,
              -280.33
            ],
            [
              -860.57,
              -301.42
            ],
            [
              -857.62,
              -324.12
            ],
            [
              -864.17,
              -349.18
            ],
            [
              -897.58,
              -362.62
            ],
            [
              -928.01,
              -358.77
            ],
            [
              -955.79,
              -350.25
            ],
            [
              -980.27,
              -336.33
            ],
            [
              -985.85,
              -321.39
            ],
            [
              -1000,
              -325.16
            ]
          ]
        ]
      },
      "properties": {
        "id": 167,
        "type": "BACKGROUND",
        "backgroundType": "GRASS",
        "raised": false
      }
    },
    {
      "type": "Feature",
      "geometry": {
        "type": "Polygon",
        "coordinates": [
          [
            [
              74.58,
              -280.23
            ],
            [
              43.22,
              -275.86
            ],
            [
              11.57,
              -269.89
            ],
            [
              -19.86,
              -263.86
            ],
            [
              -50.58,
              -259.34
            ],
            [
              -91.67,
              -258.32
            ],
            [
              -132.68,
              -256.34
            ],
            [
              -140.68,
              -253.15
            ],
            [
              -167.52,
              -242.43
            ],
            [
              -190.24,
              -218.55
            ],
            [
              -210.97,
              -192.64
            ],
            [
              -229.52,
              -164.77
            ],
            [
              -244.86,
              -135.19
            ],
            [
              -253.47,
              -111.16
            ],
            [
              -285.74,
              -125.27
            ],
            [
              -278.98,
              -138.99
            ],
            [
              -273.39,
              -153.28
            ],
            [
              -268.14,
              -167.75
            ],
            [
              -262.17,
              -181.85
            ],
            [
              -251.78,
              -193.78
            ],
            [
              -237.52,
              -203.78
            ],
            [
              -227.96,
              -216.11
            ],
            [
              -222.44,
              -230.44
            ],
            [
              -216.12,
              -244.37
            ],
            [
              -209.22,
              -258.02
            ],
            [
              -204.01,
              -272.5
            ],
            [
              -199.96,
              -287.56
            ],
            [
              -195.28,
              -302.31
            ],
            [
              -189.62,
              -316.57
            ],
            [
              -182.96,
              -330.33
            ],
            [
              -175.62,
              -343.76
            ],
            [
              -168.66,
              -357.38
            ],
            [
              -162.42,
              -371.36
            ],
            [
              -89.08,
              -339.4
            ],
            [
              5.46,
              -306.81
            ],
            [
              74.58,
              -280.23
            ]
          ]
        ]
      },
      "properties": {
        "id": 168,
        "type": "BACKGROUND",
        "backgroundType": "GRASS",
        "raised": false
      }
    },
    {
      "type": "Feature",
      "geometry": {
        "type": "Polygon",
        "coordinates": [
          [
            [
              491.66,
              -534.47
            ],
            [
              497.27,
              -516.61
            ],
            [
              521.61,
              -439.06
            ],
            [
              552.36,
              -343.9
            ],
            [
              575.49,
              -246.61
            ],
            [
              602.22,
              -150.25
            ],
            [
              634.67,
              -55.66
            ],
            [
              656.28,
              21.37
            ],
            [
              608.13,
              34.87
            ],
            [
              560,
              48.41
            ],
            [
              511.89,
              62.01
            ],
            [
              463.77,
              75.59
            ],
            [
              415.67,
              89.25
            ],
            [
              367.59,
              102.96
            ],
            [
              319.5,
              116.66
            ],
            [
              271.43,
              130.42
            ],
            [
              240.65,
              139.21
            ],
            [
              241.94,
              137.42
            ],
            [
              257.56,
              108.24
            ],
            [
              270.14,
              77.19
            ],
            [
              280.22,
              44.82
            ],
            [
              288.37,
              11.69
            ],
            [
              295.13,
              -21.64
            ],
            [
              301.05,
              -54.64
            ],
            [
              305.92,
              -87.17
            ],
            [
              302.2,
              -119
            ],
            [
              289.44,
              -149.78
            ],
            [
              269.77,
              -178.92
            ],
            [
              245.33,
              -205.83
            ],
            [
              218.24,
              -229.92
            ],
            [
              190.66,
              -250.59
            ],
            [
              235.54,
              -316.82
            ],
            [
              292.17,
              -399.23
            ],
            [
              351.19,
              -479.96
            ],
            [
              410.75,
              -560.29
            ],
            [
              461.84,
              -627.82
            ],
            [
              491.66,
              -534.47
            ]
          ]
        ]
      },
      "properties": {
        "id": 169,
        "type": "BACKGROUND",
        "backgroundType": "GRASS",
        "raised": false
      }
    },
    {
      "type": "Feature",
      "geometry": {
        "type": "Polygon",
        "coordinates": [
          [
            [
              679.37,
              -981.12
            ],
            [
              632.37,
              -892.85
            ],
            [
              579.77,
              -807.8
            ],
            [
              528.17,
              -722.14
            ],
            [
              471.08,
              -640.04
            ],
            [
              461.84,
              -627.82
            ],
            [
              410.75,
              -560.29
            ],
            [
              351.19,
              -479.96
            ],
            [
              292.17,
              -399.23
            ],
            [
              235.54,
              -316.82
            ],
            [
              190.66,
              -250.59
            ],
            [
              162.13,
              -268
            ],
            [
              134.53,
              -277.86
            ],
            [
              105.19,
              -281.41
            ],
            [
              74.58,
              -280.23
            ],
            [
              5.46,
              -306.81
            ],
            [
              -89.08,
              -339.4
            ],
            [
              -162.42,
              -371.36
            ],
            [
              -156.43,
              -385.45
            ],
            [
              -150.03,
              -399.35
            ],
            [
              -147.34,
              -397.38
            ],
            [
              -133.37,
              -393.78
            ],
            [
              -127.07,
              -394.62
            ],
            [
              -119.79,
              -397.52
            ],
            [
              -116.91,
              -400.65
            ],
            [
              -117.17,
              -404.44
            ],
            [
              -117.59,
              -406.81
            ],
            [
              -118.81,
              -409.54
            ],
            [
              -120.9,
              -412.68
            ],
            [
              -56.76,
              -460.49
            ],
            [
              19.32,
              -525.39
            ],
            [
              89.81,
              -596.32
            ],
            [
              165.08,
              -662.16
            ],
            [
              237.96,
              -730.64
            ],
            [
              309.94,
              -800.05
            ],
            [
              387.07,
              -863.7
            ],
            [
              463.82,
              -927.8
            ],
            [
              536.53,
              -1000
            ],
            [
              688.16,
              -1000
            ],
            [
              679.37,
              -981.12
            ]
          ]
        ]
      },
      "properties": {
        "id": 170,
        "type": "BACKGROUND",
        "backgroundType": "GRASS",
        "raised": false
      }
    },
    {
      "type": "Feature",
      "geometry": {
        "type": "Polygon",
        "coordinates": [
          [
            [
              463.82,
              -927.8
            ],
            [
              387.07,
              -863.7
            ],
            [
              309.94,
              -800.05
            ],
            [
              237.96,
              -730.64
            ],
            [
              165.08,
              -662.16
            ],
            [
              89.81,
              -596.32
            ],
            [
              19.32,
              -525.39
            ],
            [
              -56.76,
              -460.49
            ],
            [
              -120.9,
              -412.68
            ],
            [
              -127.11,
              -420.15
            ],
            [
              -130.54,
              -422.8
            ],
            [
              -135.36,
              -425.13
            ],
            [
              -141.31,
              -424.88
            ],
            [
              -142.45,
              -424.83
            ],
            [
              -145.12,
              -424.55
            ],
            [
              -146.73,
              -423.54
            ],
            [
              -148.11,
              -422.16
            ],
            [
              -148.92,
              -421.19
            ],
            [
              -151.72,
              -417.84
            ],
            [
              -152.76,
              -414.16
            ],
            [
              -153.31,
              -411.61
            ],
            [
              -153.53,
              -409.38
            ],
            [
              -152.87,
              -402.01
            ],
            [
              -152.72,
              -401.32
            ],
            [
              -150.03,
              -399.35
            ],
            [
              -156.43,
              -385.45
            ],
            [
              -162.42,
              -371.36
            ],
            [
              -168.66,
              -357.38
            ],
            [
              -175.62,
              -343.76
            ],
            [
              -182.96,
              -330.33
            ],
            [
              -189.62,
              -316.57
            ],
            [
              -195.28,
              -302.31
            ],
            [
              -199.96,
              -287.56
            ],
            [
              -204.01,
              -272.5
            ],
            [
              -209.22,
              -258.02
            ],
            [
              -216.12,
              -244.37
            ],
            [
              -222.44,
              -230.44
            ],
            [
              -227.96,
              -216.11
            ],
            [
              -237.52,
              -203.78
            ],
            [
              -251.78,
              -193.78
            ],
            [
              -262.17,
              -181.85
            ],
            [
              -268.14,
              -167.75
            ],
            [
              -273.39,
              -153.28
            ],
            [
              -278.98,
              -138.99
            ],
            [
              -285.74,
              -125.27
            ],
            [
              -318,
              -139.38
            ],
            [
              -400.29,
              -196.2
            ],
            [
              -461.69,
              -234.69
            ],
            [
              -487.18,
              -278.61
            ],
            [
              -513.72,
              -321.28
            ],
            [
              -540.4,
              -363.25
            ],
            [
              -566.41,
              -405.12
            ],
            [
              -591.1,
              -447.41
            ],
            [
              -613.98,
              -490.49
            ],
            [
              -634.73,
              -534.51
            ],
            [
              -653.14,
              -579.52
            ],
            [
              -669.13,
              -625.45
            ],
            [
              -682.64,
              -672.2
            ],
            [
              -693.71,
              -719.66
            ],
            [
              -702.41,
              -767.7
            ],
            [
              -708.92,
              -816.26
            ],
            [
              -713.53,
              -865.31
            ],
            [
              -716.73,
              -914.83
            ],
            [
              -719.23,
              -964.81
            ],
            [
              -721.05,
              -1000
            ],
            [
              536.53,
              -1000
            ],
            [
              463.82,
              -927.8
            ]
          ]
        ]
      },
      "properties": {
        "id": 173,
        "type": "BACKGROUND",
        "backgroundType": "GRASS",
        "raised": false
      }
    },
    {
      "type": "Feature",
      "geometry": {
        "type": "Polygon",
        "coordinates": [
          [
            [
              461.84,
              -627.82
            ],
            [
              471.08,
              -640.04
            ],
            [
              528.17,
              -722.14
            ],
            [
              579.77,
              -807.8
            ],
            [
              632.37,
              -892.85
            ],
            [
              679.37,
              -981.12
            ],
            [
              688.16,
              -1000
            ],
            [
              1000,
              -1000
            ],
            [
              1000,
              -74.52
            ],
            [
              993.4,
              -72.69
            ],
            [
              945.23,
              -59.29
            ],
            [
              897.05,
              -45.93
            ],
            [
              848.88,
              -32.53
            ],
            [
              800.72,
              -19.07
            ],
            [
              752.57,
              -5.6
            ],
            [
              704.42,
              7.86
            ],
            [
              656.28,
              21.37
            ],
            [
              634.67,
              -55.66
            ],
            [
              602.22,
              -150.25
            ],
            [
              575.49,
              -246.61
            ],
            [
              552.36,
              -343.9
            ],
            [
              521.61,
              -439.06
            ],
            [
              497.27,
              -516.61
            ],
            [
              491.66,
              -534.47
            ],
            [
              461.84,
              -627.82
            ]
          ]
        ]
      },
      "properties": {
        "id": 174,
        "type": "BACKGROUND",
        "backgroundType": "GRASS",
        "raised": false
      }
    },
    {
      "type": "Feature",
      "geometry": {
        "type": "Polygon",
        "coordinates": [
          [
            [
              -582.6,
              -284.57
            ],
            [
              -581.9,
              -279.22
            ],
            [
              -581.66,
              -273.8
            ],
            [
              -582.88,
              -269.27
            ],
            [
              -586.45,
              -266.09
            ],
            [
              -591.55,
              -263.85
            ],
            [
              -596.73,
              -261.76
            ],
            [
              -603.1,
              -258.43
            ],
            [
              -609.64,
              -256.24
            ],
            [
              -614.64,
              -256.26
            ],
            [
              -619.75,
              -257.31
            ],
            [
              -624.34,
              -259.26
            ],
            [
              -630.1,
              -263.93
            ],
            [
              -634.31,
              -270.04
            ],
            [
              -635.86,
              -276.94
            ],
            [
              -636.27,
              -284.31
            ],
            [
              -637.16,
              -289.93
            ],
            [
              -637.88,
              -295.57
            ],
            [
              -636.94,
              -300.24
            ],
            [
              -633.3,
              -303.35
            ],
            [
              -628,
              -305.48
            ],
            [
              -622.63,
              -307.48
            ],
            [
              -616.02,
              -310.93
            ],
            [
              -609.34,
              -312.9
            ],
            [
              -602.52,
              -311.23
            ],
            [
              -596.06,
              -307.64
            ],
            [
              -590.53,
              -303.46
            ],
            [
              -586.13,
              -298.28
            ],
            [
              -583.71,
              -291.71
            ],
            [
              -582.6,
              -284.57
            ]
          ]
        ]
      },
      "properties": {
        "id": 107,
        "type": "BACKGROUND",
        "backgroundType": "LIGHT_GRASS",
        "raised": false
      }
    },
    {
      "type": "Feature",
      "geometry": {
        "type": "Polygon",
        "coordinates": [
          [
            [
              -238.39,
              -100.74
            ],
            [
              -239.9,
              -94.75
            ],
            [
              -238.95,
              -86.57
            ],
            [
              -234.67,
              -79.56
            ],
            [
              -227.33,
              -73.9
            ],
            [
              -217.12,
              -69.5
            ],
            [
              -165.7,
              -56.72
            ],
            [
              -153.42,
              -53.14
            ],
            [
              -141.62,
              -49.15
            ],
            [
              -130.29,
              -44.74
            ],
            [
              -119.43,
              -39.92
            ],
            [
              -77.61,
              -18.85
            ],
            [
              -68.74,
              -13.96
            ],
            [
              -87.86,
              32.45
            ],
            [
              -92.72,
              43.55
            ],
            [
              -99.2,
              40.72
            ],
            [
              -103.63,
              50.86
            ],
            [
              -96.3,
              54.07
            ],
            [
              -92.33,
              76.51
            ],
            [
              -95.21,
              84.94
            ],
            [
              -95.21,
              93.85
            ],
            [
              -92.01,
              102.31
            ],
            [
              -85.78,
              110.04
            ],
            [
              -76.62,
              113.88
            ],
            [
              -67.68,
              114.59
            ],
            [
              -58.4,
              112.63
            ],
            [
              -48.81,
              108.09
            ],
            [
              -39.05,
              101.12
            ],
            [
              -28.98,
              94.61
            ],
            [
              13.47,
              69.8
            ],
            [
              22.4,
              66.55
            ],
            [
              29.77,
              66.01
            ],
            [
              35.71,
              67.98
            ],
            [
              40.58,
              72.5
            ],
            [
              56.96,
              103.78
            ],
            [
              62.33,
              111.75
            ],
            [
              68.84,
              119.63
            ],
            [
              76.47,
              127.41
            ],
            [
              85.45,
              135.28
            ],
            [
              95.73,
              139.28
            ],
            [
              105.47,
              139.22
            ],
            [
              115,
              139.49
            ],
            [
              124.74,
              140.07
            ],
            [
              134.36,
              140.95
            ],
            [
              144.23,
              145.71
            ],
            [
              155.02,
              154.82
            ],
            [
              57.47,
              182.74
            ],
            [
              34.03,
              178.38
            ],
            [
              2.68,
              169.61
            ],
            [
              -27.5,
              158.18
            ],
            [
              -56.05,
              144.23
            ],
            [
              -82.52,
              127.93
            ],
            [
              -102.96,
              112.66
            ],
            [
              -157.22,
              70.02
            ],
            [
              -184.68,
              46.53
            ],
            [
              -209.95,
              21.73
            ],
            [
              -231.23,
              -4.22
            ],
            [
              -246.76,
              -31.1
            ],
            [
              -254.94,
              -58.73
            ],
            [
              -254.32,
              -87.54
            ],
            [
              -250.71,
              -102.57
            ],
            [
              -249.6,
              -105.65
            ],
            [
              -238.39,
              -100.74
            ]
          ]
        ]
      },
      "properties": {
        "id": 112,
        "type": "BACKGROUND",
        "backgroundType": "TILLED",
        "raised": false
      }
    },
    {
      "type": "Feature",
      "geometry": {
        "type": "Polygon",
        "coordinates": [
          [
            [
              -137.61,
              -159.41
            ],
            [
              -121.58,
              -144.7
            ],
            [
              -117.64,
              -138.02
            ],
            [
              -117.38,
              -132.06
            ],
            [
              -120.4,
              -126.81
            ],
            [
              -127.36,
              -121.88
            ],
            [
              -137.25,
              -115.65
            ],
            [
              -158.15,
              -103.17
            ],
            [
              -169.54,
              -97.34
            ],
            [
              -199.03,
              -104.79
            ],
            [
              -182.4,
              -170.71
            ],
            [
              -137.61,
              -159.41
            ]
          ]
        ]
      },
      "properties": {
        "id": 115,
        "type": "BACKGROUND",
        "backgroundType": "TILLED",
        "raised": false
      }
    },
    {
      "type": "Feature",
      "geometry": {
        "type": "Polygon",
        "coordinates": [
          [
            [
              -72.03,
              -214.66
            ],
            [
              -79.29,
              -213.19
            ],
            [
              -87.71,
              -214.25
            ],
            [
              -125.96,
              -230.22
            ],
            [
              -135.86,
              -231.72
            ],
            [
              -145.59,
              -230.5
            ],
            [
              -155.04,
              -226.57
            ],
            [
              -164.35,
              -219.9
            ],
            [
              -170.08,
              -210.72
            ],
            [
              -170.52,
              -208.96
            ],
            [
              -172.61,
              -209.49
            ],
            [
              -165.6,
              -237.27
            ],
            [
              -131.49,
              -250.89
            ],
            [
              -91.47,
              -252.83
            ],
            [
              -72.99,
              -253.28
            ],
            [
              -72.03,
              -214.66
            ]
          ]
        ]
      },
      "properties": {
        "id": 117,
        "type": "BACKGROUND",
        "backgroundType": "TILLED",
        "raised": false
      }
    },
    {
      "type": "Feature",
      "geometry": {
        "type": "Polygon",
        "coordinates": [
          [
            [
              605.78,
              -133.71
            ],
            [
              632.76,
              -55.07
            ],
            [
              652.05,
              13.72
            ],
            [
              533.11,
              47.18
            ],
            [
              507.12,
              -44.77
            ],
            [
              514.01,
              -140.33
            ],
            [
              605.78,
              -133.71
            ]
          ]
        ]
      },
      "properties": {
        "id": 133,
        "type": "BACKGROUND",
        "backgroundType": "TILLED",
        "raised": false
      }
    },
    {
      "type": "Feature",
      "geometry": {
        "type": "Polygon",
        "coordinates": [
          [
            [
              198.41,
              -589.95
            ],
            [
              -61.38,
              -331.97
            ],
            [
              -88.36,
              -341.27
            ],
            [
              -159.81,
              -372.4
            ],
            [
              -154.6,
              -384.64
            ],
            [
              -149.24,
              -396.29
            ],
            [
              -148.21,
              -395.54
            ],
            [
              -133.5,
              -391.74
            ],
            [
              -126.56,
              -392.67
            ],
            [
              -118.62,
              -395.83
            ],
            [
              -114.86,
              -399.93
            ],
            [
              -115.18,
              -404.68
            ],
            [
              -115.66,
              -407.4
            ],
            [
              -117.05,
              -410.51
            ],
            [
              -118.18,
              -412.21
            ],
            [
              -55.51,
              -458.92
            ],
            [
              20.68,
              -523.93
            ],
            [
              91.18,
              -594.86
            ],
            [
              149.49,
              -645.87
            ],
            [
              198.41,
              -589.95
            ]
          ]
        ]
      },
      "properties": {
        "id": 136,
        "type": "BACKGROUND",
        "backgroundType": "TILLED",
        "raised": false
      }
    },
    {
      "type": "Feature",
      "geometry": {
        "type": "Polygon",
        "coordinates": [
          [
            [
              574.55,
              -886.17
            ],
            [
              571.78,
              -882.95
            ],
            [
              537.52,
              -846.52
            ],
            [
              505.29,
              -808.32
            ],
            [
              470.23,
              -772.87
            ],
            [
              433.2,
              -739.43
            ],
            [
              355.12,
              -676.91
            ],
            [
              319.05,
              -642.19
            ],
            [
              293.57,
              -618.97
            ],
            [
              264.94,
              -650.39
            ],
            [
              538.71,
              -922.25
            ],
            [
              574.55,
              -886.17
            ]
          ]
        ]
      },
      "properties": {
        "id": 138,
        "type": "BACKGROUND",
        "backgroundType": "TILLED",
        "raised": false
      }
    },
    {
      "type": "Feature",
      "geometry": {
        "type": "Polygon",
        "coordinates": [
          [
            [
              261.08,
              -357.51
            ],
            [
              192.05,
              -256.19
            ],
            [
              164.52,
              -272.99
            ],
            [
              135.81,
              -283.24
            ],
            [
              105.41,
              -286.92
            ],
            [
              66.65,
              -285.42
            ],
            [
              6.14,
              -308.69
            ],
            [
              -13.33,
              -315.4
            ],
            [
              15.73,
              -340.26
            ],
            [
              52.86,
              -373.86
            ],
            [
              127.59,
              -449.24
            ],
            [
              261.08,
              -357.51
            ]
          ]
        ]
      },
      "properties": {
        "id": 140,
        "type": "BACKGROUND",
        "backgroundType": "TILLED",
        "raised": false
      }
    },
    {
      "type": "Feature",
      "geometry": {
        "type": "Polygon",
        "coordinates": [
          [
            [
              -809.98,
              -472.87
            ],
            [
              -807.36,
              -475.23
            ],
            [
              -803.91,
              -471.4
            ],
            [
              -767.49,
              -437.06
            ],
            [
              -731.7,
              -402.11
            ],
            [
              -694.59,
              -368.64
            ],
            [
              -660.09,
              -332.66
            ],
            [
              -636.1,
              -303.59
            ],
            [
              -638.76,
              -301.31
            ],
            [
              -639.9,
              -295.64
            ],
            [
              -639.14,
              -289.65
            ],
            [
              -638.26,
              -284.1
            ],
            [
              -637.84,
              -276.66
            ],
            [
              -636.18,
              -269.22
            ],
            [
              -631.59,
              -262.56
            ],
            [
              -625.38,
              -257.53
            ],
            [
              -620.34,
              -255.39
            ],
            [
              -614.85,
              -254.26
            ],
            [
              -609.32,
              -254.24
            ],
            [
              -602.32,
              -256.58
            ],
            [
              -595.89,
              -259.95
            ],
            [
              -590.78,
              -262.01
            ],
            [
              -585.36,
              -264.39
            ],
            [
              -585.3,
              -264.44
            ],
            [
              -579.01,
              -251.55
            ],
            [
              -569.64,
              -237.15
            ],
            [
              -560.25,
              -223.25
            ],
            [
              -558.37,
              -216.23
            ],
            [
              -859.6,
              -297.33
            ],
            [
              -858.61,
              -301.03
            ],
            [
              -855.58,
              -324.24
            ],
            [
              -862.49,
              -350.66
            ],
            [
              -869.38,
              -353.43
            ],
            [
              -817.82,
              -481.58
            ],
            [
              -809.98,
              -472.87
            ]
          ]
        ]
      },
      "properties": {
        "id": 150,
        "type": "BACKGROUND",
        "backgroundType": "TILLED",
        "raised": false
      }
    },
    {
      "type": "Feature",
      "geometry": {
        "type": "Polygon",
        "coordinates": [
          [
            [
              -529.32,
              191.44
            ],
            [
              -430.16,
              241.29
            ],
            [
              -437.85,
              256.59
            ],
            [
              -459.14,
              303.31
            ],
            [
              -472.43,
              336.54
            ],
            [
              -530.08,
              353.29
            ],
            [
              -681.42,
              179.99
            ],
            [
              -600.8,
              109.58
            ],
            [
              -529.32,
              191.44
            ]
          ]
        ]
      },
      "properties": {
        "id": 157,
        "type": "BACKGROUND",
        "backgroundType": "TILLED",
        "raised": false
      }
    },
    {
      "type": "Feature",
      "geometry": {
        "type": "Polygon",
        "coordinates": [
          [
            [
              -56.96,
              -6.97
            ],
            [
              -50.16,
              -0.56
            ],
            [
              -46.62,
              6
            ],
            [
              -46.69,
              13.42
            ],
            [
              -50.48,
              21.72
            ],
            [
              -72.89,
              48.95
            ],
            [
              -79.88,
              57.8
            ],
            [
              -86.03,
              66.54
            ],
            [
              -89.18,
              71.35
            ],
            [
              -91.9,
              55.99
            ],
            [
              -87.01,
              58.13
            ],
            [
              -82.57,
              47.99
            ],
            [
              -89.05,
              45.15
            ],
            [
              -84.18,
              34.01
            ],
            [
              -65.24,
              -11.94
            ],
            [
              -56.96,
              -6.97
            ]
          ]
        ]
      },
      "properties": {
        "id": 113,
        "type": "BACKGROUND",
        "backgroundType": "GRAIN",
        "raised": false
      }
    },
    {
      "type": "Feature",
      "geometry": {
        "type": "Polygon",
        "coordinates": [
          [
            [
              -202.91,
              -105.77
            ],
            [
              -235.08,
              -113.88
            ],
            [
              -236.66,
              -107.63
            ],
            [
              -247.24,
              -112.25
            ],
            [
              -239.81,
              -132.99
            ],
            [
              -224.77,
              -161.97
            ],
            [
              -206.52,
              -189.39
            ],
            [
              -186.09,
              -214.93
            ],
            [
              -171.49,
              -230.27
            ],
            [
              -202.91,
              -105.77
            ]
          ]
        ]
      },
      "properties": {
        "id": 114,
        "type": "BACKGROUND",
        "backgroundType": "GRAIN",
        "raised": false
      }
    },
    {
      "type": "Feature",
      "geometry": {
        "type": "Polygon",
        "coordinates": [
          [
            [
              133.26,
              -272.47
            ],
            [
              159.75,
              -263.01
            ],
            [
              187.57,
              -246.04
            ],
            [
              214.76,
              -225.65
            ],
            [
              241.45,
              -201.91
            ],
            [
              265.43,
              -175.51
            ],
            [
              284.57,
              -147.16
            ],
            [
              296.83,
              -117.6
            ],
            [
              300.37,
              -87.26
            ],
            [
              295.62,
              -55.53
            ],
            [
              289.73,
              -22.68
            ],
            [
              283,
              10.49
            ],
            [
              274.92,
              43.35
            ],
            [
              264.96,
              75.33
            ],
            [
              252.57,
              105.9
            ],
            [
              238.6,
              132.01
            ],
            [
              238.32,
              131.04
            ],
            [
              214.23,
              137.92
            ],
            [
              210.47,
              125.45
            ],
            [
              207.46,
              112.4
            ],
            [
              201.13,
              99.71
            ],
            [
              194.57,
              88.31
            ],
            [
              187.68,
              78.03
            ],
            [
              180.43,
              68.85
            ],
            [
              172.18,
              60.77
            ],
            [
              139.64,
              31.39
            ],
            [
              133.43,
              25.34
            ],
            [
              129.11,
              20.7
            ],
            [
              127.57,
              16.1
            ],
            [
              128.39,
              11.01
            ],
            [
              131.84,
              5.09
            ],
            [
              138.18,
              -1.59
            ],
            [
              146.74,
              -9.06
            ],
            [
              155.11,
              -16.14
            ],
            [
              163.23,
              -22.78
            ],
            [
              170.99,
              -28.88
            ],
            [
              179.19,
              -33.39
            ],
            [
              188.23,
              -36.82
            ],
            [
              198.1,
              -39.16
            ],
            [
              208.82,
              -40.41
            ],
            [
              255.95,
              -41.01
            ],
            [
              266.31,
              -43.7
            ],
            [
              274.75,
              -49
            ],
            [
              281.12,
              -56.84
            ],
            [
              285.44,
              -67.27
            ],
            [
              285.14,
              -79.01
            ],
            [
              282.33,
              -89.46
            ],
            [
              277,
              -98.77
            ],
            [
              269.2,
              -106.88
            ],
            [
              229.59,
              -133.61
            ],
            [
              221.31,
              -140.91
            ],
            [
              214.41,
              -148.96
            ],
            [
              208.89,
              -157.77
            ],
            [
              204.72,
              -167.37
            ],
            [
              193.17,
              -210.06
            ],
            [
              188.61,
              -220.15
            ],
            [
              182.46,
              -229.36
            ],
            [
              174.73,
              -237.66
            ],
            [
              165.33,
              -245.14
            ],
            [
              154.46,
              -249.48
            ],
            [
              143.82,
              -251.53
            ],
            [
              133.33,
              -251.32
            ],
            [
              122.94,
              -248.82
            ],
            [
              113.2,
              -243.13
            ],
            [
              112.48,
              -242.61
            ],
            [
              -68.61,
              -238.12
            ],
            [
              -68.99,
              -253.38
            ],
            [
              -50.11,
              -253.85
            ],
            [
              -18.94,
              -258.43
            ],
            [
              44.11,
              -270.43
            ],
            [
              75.07,
              -274.74
            ],
            [
              104.96,
              -275.9
            ],
            [
              133.26,
              -272.47
            ]
          ]
        ]
      },
      "properties": {
        "id": 119,
        "type": "BACKGROUND",
        "backgroundType": "GRAIN",
        "raised": false
      }
    },
    {
      "type": "Feature",
      "geometry": {
        "type": "Polygon",
        "coordinates": [
          [
            [
              -192.12,
              54.64
            ],
            [
              -164.2,
              78.53
            ],
            [
              -109.65,
              121.39
            ],
            [
              -88.71,
              137.03
            ],
            [
              -61.36,
              153.88
            ],
            [
              -31.87,
              168.28
            ],
            [
              -0.76,
              180.07
            ],
            [
              31.54,
              189.11
            ],
            [
              33.91,
              189.55
            ],
            [
              -152.98,
              243.5
            ],
            [
              -214.21,
              32.96
            ],
            [
              -192.12,
              54.64
            ]
          ]
        ]
      },
      "properties": {
        "id": 123,
        "type": "BACKGROUND",
        "backgroundType": "GRAIN",
        "raised": false
      }
    },
    {
      "type": "Feature",
      "geometry": {
        "type": "Polygon",
        "coordinates": [
          [
            [
              4.77,
              -304.93
            ],
            [
              59.89,
              -283.73
            ],
            [
              42.32,
              -281.29
            ],
            [
              -20.77,
              -269.28
            ],
            [
              -51.05,
              -264.83
            ],
            [
              -91.87,
              -263.82
            ],
            [
              -133.86,
              -261.79
            ],
            [
              -134.89,
              -261.38
            ],
            [
              -133.64,
              -264.25
            ],
            [
              -130.4,
              -262.83
            ],
            [
              -123.13,
              -279.45
            ],
            [
              -126.37,
              -280.87
            ],
            [
              -124.42,
              -285.33
            ],
            [
              -88.31,
              -337.02
            ],
            [
              4.77,
              -304.93
            ]
          ]
        ]
      },
      "properties": {
        "id": 125,
        "type": "BACKGROUND",
        "backgroundType": "GRAIN",
        "raised": false
      }
    },
    {
      "type": "Feature",
      "geometry": {
        "type": "Polygon",
        "coordinates": [
          [
            [
              371.89,
              -607.07
            ],
            [
              417.54,
              -572.53
            ],
            [
              290.55,
              -400.39
            ],
            [
              263.34,
              -360.81
            ],
            [
              130.45,
              -452.13
            ],
            [
              158.54,
              -480.49
            ],
            [
              191.13,
              -518.42
            ],
            [
              225.77,
              -554.31
            ],
            [
              262.72,
              -587.81
            ],
            [
              266.62,
              -590.95
            ],
            [
              268.84,
              -588.2
            ],
            [
              282.98,
              -599.56
            ],
            [
              280.76,
              -602.32
            ],
            [
              284.76,
              -605.53
            ],
            [
              321.79,
              -639.27
            ],
            [
              331.69,
              -648.81
            ],
            [
              371.89,
              -607.07
            ]
          ]
        ]
      },
      "properties": {
        "id": 141,
        "type": "BACKGROUND",
        "backgroundType": "GRAIN",
        "raised": false
      }
    },
    {
      "type": "Feature",
      "geometry": {
        "type": "Polygon",
        "coordinates": [
          [
            [
              -773.81,
              -872.84
            ],
            [
              -773.06,
              -861.33
            ],
            [
              -768.31,
              -810.53
            ],
            [
              -762.42,
              -766.28
            ],
            [
              -877,
              -751.02
            ],
            [
              -998,
              -751.02
            ],
            [
              -998,
              -872.84
            ],
            [
              -773.81,
              -872.84
            ]
          ]
        ]
      },
      "properties": {
        "id": 144,
        "type": "BACKGROUND",
        "backgroundType": "GRAIN",
        "raised": false
      }
    },
    {
      "type": "Feature",
      "geometry": {
        "type": "Polygon",
        "coordinates": [
          [
            [
              -534.32,
              354.52
            ],
            [
              -624.45,
              380.68
            ],
            [
              -846.04,
              85.24
            ],
            [
              -805.76,
              55.03
            ],
            [
              -800.14,
              50.13
            ],
            [
              -534.32,
              354.52
            ]
          ]
        ]
      },
      "properties": {
        "id": 152,
        "type": "BACKGROUND",
        "backgroundType": "GRAIN",
        "raised": false
      }
    },
    {
      "type": "Feature",
      "geometry": {
        "type": "Polygon",
        "coordinates": [
          [
            [
              -628.56,
              381.87
            ],
            [
              -717.28,
              407.6
            ],
            [
              -884.6,
              114.17
            ],
            [
              -849.24,
              87.64
            ],
            [
              -628.56,
              381.87
            ]
          ]
        ]
      },
      "properties": {
        "id": 153,
        "type": "BACKGROUND",
        "backgroundType": "GRAIN",
        "raised": false
      }
    },
    {
      "type": "Feature",
      "geometry": {
        "type": "Polygon",
        "coordinates": [
          [
            [
              -491.22,
              -162.01
            ],
            [
              -471.85,
              -118.19
            ],
            [
              -455.44,
              -73.31
            ],
            [
              -441.79,
              -27.36
            ],
            [
              -430.35,
              19.64
            ],
            [
              -423.71,
              51.25
            ],
            [
              -564.78,
              80.91
            ],
            [
              -583.31,
              -7.2
            ],
            [
              -657.26,
              -82.29
            ],
            [
              -578.07,
              -139.38
            ],
            [
              -510.81,
              -199.92
            ],
            [
              -491.22,
              -162.01
            ]
          ]
        ]
      },
      "properties": {
        "id": 155,
        "type": "BACKGROUND",
        "backgroundType": "GRAIN",
        "raised": false
      }
    },
    {
      "type": "Feature",
      "geometry": {
        "type": "Polygon",
        "coordinates": [
          [
            [
              -988.49,
              -320.03
            ],
            [
              -993.63,
              -306.28
            ],
            [
              -975.76,
              -275.05
            ],
            [
              -956.16,
              -258.84
            ],
            [
              -933.84,
              -246.15
            ],
            [
              -913.67,
              -236.63
            ],
            [
              -900.78,
              -236.26
            ],
            [
              -887.81,
              -158.97
            ],
            [
              -869.6,
              -61.64
            ],
            [
              -933.24,
              -53.47
            ],
            [
              -998,
              -53.47
            ],
            [
              -998,
              -322.56
            ],
            [
              -988.49,
              -320.03
            ]
          ]
        ]
      },
      "properties": {
        "id": 161,
        "type": "BACKGROUND",
        "backgroundType": "GRAIN",
        "raised": false
      }
    },
    {
      "type": "Feature",
      "geometry": {
        "type": "Polygon",
        "coordinates": [
          [
            [
              -171.5,
              -205.09
            ],
            [
              -172.34,
              -201.75
            ],
            [
              -171.07,
              -193
            ],
            [
              -166.3,
              -184.71
            ],
            [
              -157.74,
              -176.99
            ],
            [
              -148.81,
              -169.4
            ],
            [
              -144.01,
              -165.15
            ],
            [
              -181.42,
              -174.59
            ],
            [
              -173.59,
              -205.61
            ],
            [
              -171.5,
              -205.09
            ]
          ]
        ]
      },
      "properties": {
        "id": 116,
        "type": "BACKGROUND",
        "backgroundType": "CATTLE_TEXTURE_TYPE",
        "raised": false
      }
    },
    {
      "type": "Feature",
      "geometry": {
        "type": "Polygon",
        "coordinates": [
          [
            [
              -403.84,
              -194.29
            ],
            [
              -413.64,
              -178.68
            ],
            [
              -422.4,
              -174.78
            ],
            [
              -430.45,
              -192.9
            ],
            [
              -444.33,
              -219.68
            ],
            [
              -403.84,
              -194.29
            ]
          ]
        ]
      },
      "properties": {
        "id": 120,
        "type": "BACKGROUND",
        "backgroundType": "CATTLE_TEXTURE_TYPE",
        "raised": false
      }
    },
    {
      "type": "Feature",
      "geometry": {
        "type": "Polygon",
        "coordinates": [
          [
            [
              -156.82,
              244.62
            ],
            [
              -298.73,
              286.01
            ],
            [
              -311.93,
              240.71
            ],
            [
              -290.1,
              195.79
            ],
            [
              -272.11,
              149.1
            ],
            [
              -247.15,
              92.24
            ],
            [
              -240.67,
              95.07
            ],
            [
              -236.23,
              84.93
            ],
            [
              -242.71,
              82.09
            ],
            [
              -237.89,
              71.07
            ],
            [
              -217.58,
              35.68
            ],
            [
              -156.82,
              244.62
            ]
          ]
        ]
      },
      "properties": {
        "id": 124,
        "type": "BACKGROUND",
        "backgroundType": "CATTLE_TEXTURE_TYPE",
        "raised": false
      }
    },
    {
      "type": "Feature",
      "geometry": {
        "type": "Polygon",
        "coordinates": [
          [
            [
              405.11,
              -55.91
            ],
            [
              390.1,
              13.12
            ],
            [
              381.46,
              62.2
            ],
            [
              369.08,
              93.69
            ],
            [
              253.99,
              126.56
            ],
            [
              262.55,
              110.57
            ],
            [
              275.32,
              79.04
            ],
            [
              285.53,
              46.3
            ],
            [
              293.74,
              12.9
            ],
            [
              300.53,
              -20.61
            ],
            [
              306.48,
              -53.75
            ],
            [
              308.95,
              -70.28
            ],
            [
              405.11,
              -55.91
            ]
          ]
        ]
      },
      "properties": {
        "id": 130,
        "type": "BACKGROUND",
        "backgroundType": "CATTLE_TEXTURE_TYPE",
        "raised": false
      }
    },
    {
      "type": "Feature",
      "geometry": {
        "type": "Polygon",
        "coordinates": [
          [
            [
              426.74,
              -239.24
            ],
            [
              424.03,
              -211.96
            ],
            [
              423.65,
              -206.88
            ],
            [
              420.12,
              -207.14
            ],
            [
              418.77,
              -189.05
            ],
            [
              422.3,
              -188.79
            ],
            [
              418.32,
              -133.92
            ],
            [
              411.44,
              -84.54
            ],
            [
              405.97,
              -59.82
            ],
            [
              309.54,
              -74.24
            ],
            [
              311.46,
              -87.08
            ],
            [
              307.58,
              -120.4
            ],
            [
              304.02,
              -128.96
            ],
            [
              316.06,
              -250.23
            ],
            [
              426.74,
              -239.24
            ]
          ]
        ]
      },
      "properties": {
        "id": 131,
        "type": "BACKGROUND",
        "backgroundType": "CATTLE_TEXTURE_TYPE",
        "raised": false
      }
    },
    {
      "type": "Feature",
      "geometry": {
        "type": "Polygon",
        "coordinates": [
          [
            [
              510.02,
              -140.62
            ],
            [
              503.08,
              -44.36
            ],
            [
              529.26,
              48.27
            ],
            [
              373.92,
              92.33
            ],
            [
              385.33,
              63.29
            ],
            [
              394.02,
              13.89
            ],
            [
              415.38,
              -83.84
            ],
            [
              422.3,
              -133.5
            ],
            [
              423.26,
              -146.88
            ],
            [
              510.02,
              -140.62
            ]
          ]
        ]
      },
      "properties": {
        "id": 134,
        "type": "BACKGROUND",
        "backgroundType": "CATTLE_TEXTURE_TYPE",
        "raised": false
      }
    },
    {
      "type": "Feature",
      "geometry": {
        "type": "Polygon",
        "coordinates": [
          [
            [
              535.9,
              -925.09
            ],
            [
              201.25,
              -592.78
            ],
            [
              152.51,
              -648.5
            ],
            [
              166.42,
              -660.68
            ],
            [
              239.34,
              -729.19
            ],
            [
              311.28,
              -798.56
            ],
            [
              465.17,
              -926.32
            ],
            [
              500.17,
              -961.07
            ],
            [
              535.9,
              -925.09
            ]
          ]
        ]
      },
      "properties": {
        "id": 137,
        "type": "BACKGROUND",
        "backgroundType": "CATTLE_TEXTURE_TYPE",
        "raised": false
      }
    },
    {
      "type": "Feature",
      "geometry": {
        "type": "Polygon",
        "coordinates": [
          [
            [
              -780.7,
              -998
            ],
            [
              -776.32,
              -911.79
            ],
            [
              -774.07,
              -876.84
            ],
            [
              -998,
              -876.84
            ],
            [
              -998,
              -998
            ],
            [
              -780.7,
              -998
            ]
          ]
        ]
      },
      "properties": {
        "id": 145,
        "type": "BACKGROUND",
        "backgroundType": "CATTLE_TEXTURE_TYPE",
        "raised": false
      }
    },
    {
      "type": "Feature",
      "geometry": {
        "type": "Polygon",
        "coordinates": [
          [
            [
              -586.98,
              -5.23
            ],
            [
              -568.69,
              81.74
            ],
            [
              -576.99,
              83.48
            ],
            [
              -684.05,
              176.98
            ],
            [
              -797.13,
              47.5
            ],
            [
              -730.26,
              -10.9
            ],
            [
              -660.36,
              -79.74
            ],
            [
              -586.98,
              -5.23
            ]
          ]
        ]
      },
      "properties": {
        "id": 154,
        "type": "BACKGROUND",
        "backgroundType": "CATTLE_TEXTURE_TYPE",
        "raised": false
      }
    },
    {
      "type": "Feature",
      "geometry": {
        "type": "Polygon",
        "coordinates": [
          [
            [
              103.96,
              -236.6
            ],
            [
              95.04,
              -229.12
            ],
            [
              86.33,
              -220.6
            ],
            [
              80.66,
              -211.82
            ],
            [
              77.81,
              -203.71
            ],
            [
              77.94,
              -196.2
            ],
            [
              81.06,
              -189.86
            ],
            [
              84.29,
              -184.63
            ],
            [
              85.56,
              -180.26
            ],
            [
              84.7,
              -178.7
            ],
            [
              80.98,
              -178.08
            ],
            [
              73.24,
              -179.44
            ],
            [
              64.27,
              -183.42
            ],
            [
              54.25,
              -189.19
            ],
            [
              44.85,
              -194.36
            ],
            [
              36.17,
              -198.87
            ],
            [
              28.29,
              -202.69
            ],
            [
              20.57,
              -206.74
            ],
            [
              12.21,
              -211.73
            ],
            [
              3.54,
              -217.22
            ],
            [
              -5.41,
              -223.22
            ],
            [
              -14.68,
              -229.74
            ],
            [
              -22.75,
              -235.26
            ],
            [
              106.61,
              -238.47
            ],
            [
              103.96,
              -236.6
            ]
          ]
        ]
      },
      "properties": {
        "id": 118,
        "type": "BACKGROUND",
        "backgroundType": "PIGS_TEXTURE_TYPE",
        "raised": false
      }
    },
    {
      "type": "Feature",
      "geometry": {
        "type": "Polygon",
        "coordinates": [
          [
            [
              -240.3,
              2.06
            ],
            [
              -218.3,
              28.89
            ],
            [
              -241.47,
              69.27
            ],
            [
              -246.38,
              80.49
            ],
            [
              -252.85,
              77.66
            ],
            [
              -257.29,
              87.8
            ],
            [
              -250.81,
              90.63
            ],
            [
              -275.81,
              147.57
            ],
            [
              -293.77,
              194.19
            ],
            [
              -313.36,
              234.5
            ],
            [
              -322.5,
              199.52
            ],
            [
              -333.6,
              151.58
            ],
            [
              -362.62,
              10.63
            ],
            [
              -249.17,
              -13.29
            ],
            [
              -240.3,
              2.06
            ]
          ]
        ]
      },
      "properties": {
        "id": 121,
        "type": "BACKGROUND",
        "backgroundType": "PIGS_TEXTURE_TYPE",
        "raised": false
      }
    },
    {
      "type": "Feature",
      "geometry": {
        "type": "Polygon",
        "coordinates": [
          [
            [
              -92.12,
              -338.54
            ],
            [
              -127.92,
              -287.3
            ],
            [
              -130.04,
              -282.47
            ],
            [
              -133.28,
              -283.89
            ],
            [
              -140.55,
              -267.27
            ],
            [
              -137.31,
              -265.85
            ],
            [
              -140.18,
              -259.27
            ],
            [
              -170.67,
              -247.09
            ],
            [
              -194.39,
              -222.17
            ],
            [
              -215.41,
              -195.89
            ],
            [
              -234.26,
              -167.57
            ],
            [
              -249.92,
              -137.39
            ],
            [
              -257.34,
              -116.67
            ],
            [
              -282.35,
              -127.61
            ],
            [
              -277.14,
              -138.18
            ],
            [
              -271.51,
              -152.58
            ],
            [
              -266.28,
              -167.02
            ],
            [
              -260.45,
              -180.78
            ],
            [
              -250.43,
              -192.28
            ],
            [
              -236.12,
              -202.31
            ],
            [
              -226.2,
              -215.11
            ],
            [
              -220.59,
              -229.67
            ],
            [
              -214.32,
              -243.51
            ],
            [
              -207.38,
              -257.22
            ],
            [
              -202.1,
              -271.9
            ],
            [
              -198.04,
              -287
            ],
            [
              -193.4,
              -301.64
            ],
            [
              -187.79,
              -315.77
            ],
            [
              -181.18,
              -329.42
            ],
            [
              -173.85,
              -342.83
            ],
            [
              -166.86,
              -356.52
            ],
            [
              -161.4,
              -368.73
            ],
            [
              -92.12,
              -338.54
            ]
          ]
        ]
      },
      "properties": {
        "id": 126,
        "type": "BACKGROUND",
        "backgroundType": "PIGS_TEXTURE_TYPE",
        "raised": false
      }
    },
    {
      "type": "Feature",
      "geometry": {
        "type": "Polygon",
        "coordinates": [
          [
            [
              443.4,
              -340.45
            ],
            [
              436.74,
              -311.32
            ],
            [
              428.98,
              -261.8
            ],
            [
              427.13,
              -243.23
            ],
            [
              203.15,
              -265.45
            ],
            [
              293.81,
              -398.08
            ],
            [
              318.45,
              -431.79
            ],
            [
              443.4,
              -340.45
            ]
          ]
        ]
      },
      "properties": {
        "id": 127,
        "type": "BACKGROUND",
        "backgroundType": "PIGS_TEXTURE_TYPE",
        "raised": false
      }
    },
    {
      "type": "Feature",
      "geometry": {
        "type": "Polygon",
        "coordinates": [
          [
            [
              312.07,
              -250.62
            ],
            [
              300.78,
              -136.79
            ],
            [
              294.31,
              -152.39
            ],
            [
              274.11,
              -182.32
            ],
            [
              249.2,
              -209.74
            ],
            [
              221.73,
              -234.18
            ],
            [
              195.35,
              -253.95
            ],
            [
              200.59,
              -261.68
            ],
            [
              312.07,
              -250.62
            ]
          ]
        ]
      },
      "properties": {
        "id": 129,
        "type": "BACKGROUND",
        "backgroundType": "PIGS_TEXTURE_TYPE",
        "raised": false
      }
    },
    {
      "type": "Feature",
      "geometry": {
        "type": "Polygon",
        "coordinates": [
          [
            [
              -685.66,
              -64.65
            ],
            [
              -735.02,
              -16.04
            ],
            [
              -810.17,
              49.59
            ],
            [
              -848.32,
              78.21
            ],
            [
              -852.73,
              37.93
            ],
            [
              -865.48,
              -61.33
            ],
            [
              -883.87,
              -159.67
            ],
            [
              -896.84,
              -236.92
            ],
            [
              -882.77,
              -242.24
            ],
            [
              -873.48,
              -255.37
            ],
            [
              -685.66,
              -64.65
            ]
          ]
        ]
      },
      "properties": {
        "id": 149,
        "type": "BACKGROUND",
        "backgroundType": "PIGS_TEXTURE_TYPE",
        "raised": false
      }
    },
    {
      "type": "Feature",
      "geometry": {
        "type": "Polygon",
        "coordinates": [
          [
            [
              -856.7,
              38.4
            ],
            [
              -852.04,
              81
            ],
            [
              -889.88,
              109.38
            ],
            [
              -976.25,
              158.63
            ],
            [
              -998,
              165.62
            ],
            [
              -998,
              -49.47
            ],
            [
              -932.99,
              -49.47
            ],
            [
              -869.04,
              -57.68
            ],
            [
              -856.7,
              38.4
            ]
          ]
        ]
      },
      "properties": {
        "id": 160,
        "type": "BACKGROUND",
        "backgroundType": "PIGS_TEXTURE_TYPE",
        "raised": false
      }
    },
    {
      "type": "Feature",
      "geometry": {
        "type": "Polygon",
        "coordinates": [
          [
            [
              -319.71,
              -136.31
            ],
            [
              -259.71,
              -110.07
            ],
            [
              -261.26,
              -105.72
            ],
            [
              -265.29,
              -88.96
            ],
            [
              -265.97,
              -57.26
            ],
            [
              -256.93,
              -26.73
            ],
            [
              -251.27,
              -16.93
            ],
            [
              -363.44,
              6.72
            ],
            [
              -364.07,
              3.74
            ],
            [
              -376.34,
              -46.42
            ],
            [
              -391.26,
              -96.3
            ],
            [
              -409.3,
              -145.3
            ],
            [
              -420.77,
              -171.13
            ],
            [
              -410.9,
              -175.52
            ],
            [
              -400.5,
              -192.09
            ],
            [
              -319.71,
              -136.31
            ]
          ]
        ]
      },
      "properties": {
        "id": 122,
        "type": "BACKGROUND",
        "backgroundType": "SHEEP_TEXTURE_TYPE",
        "raised": false
      }
    },
    {
      "type": "Feature",
      "geometry": {
        "type": "Polygon",
        "coordinates": [
          [
            [
              495.13,
              -516.74
            ],
            [
              489.44,
              -504.33
            ],
            [
              472.02,
              -457.3
            ],
            [
              458.31,
              -409.07
            ],
            [
              447.9,
              -360.11
            ],
            [
              444.37,
              -344.7
            ],
            [
              320.82,
              -435.02
            ],
            [
              412.35,
              -559.09
            ],
            [
              461.1,
              -623.53
            ],
            [
              495.13,
              -516.74
            ]
          ]
        ]
      },
      "properties": {
        "id": 128,
        "type": "BACKGROUND",
        "backgroundType": "SHEEP_TEXTURE_TYPE",
        "raised": false
      }
    },
    {
      "type": "Feature",
      "geometry": {
        "type": "Polygon",
        "coordinates": [
          [
            [
              677.58,
              -982.01
            ],
            [
              630.63,
              -893.85
            ],
            [
              578.06,
              -808.85
            ],
            [
              526.5,
              -723.23
            ],
            [
              469.47,
              -641.21
            ],
            [
              419.93,
              -575.74
            ],
            [
              374.55,
              -610.07
            ],
            [
              334.58,
              -651.58
            ],
            [
              357.76,
              -673.91
            ],
            [
              435.8,
              -736.39
            ],
            [
              472.99,
              -769.97
            ],
            [
              508.25,
              -805.62
            ],
            [
              540.5,
              -843.85
            ],
            [
              574.75,
              -880.27
            ],
            [
              607.34,
              -918.15
            ],
            [
              642.61,
              -953.46
            ],
            [
              681.83,
              -991.14
            ],
            [
              677.58,
              -982.01
            ]
          ]
        ]
      },
      "properties": {
        "id": 142,
        "type": "BACKGROUND",
        "backgroundType": "SHEEP_TEXTURE_TYPE",
        "raised": false
      }
    },
    {
      "type": "Feature",
      "geometry": {
        "type": "Polygon",
        "coordinates": [
          [
            [
              -728.27,
              -480.1
            ],
            [
              -766.16,
              -441.3
            ],
            [
              -801.04,
              -474.2
            ],
            [
              -804.38,
              -477.91
            ],
            [
              -801.75,
              -480.28
            ],
            [
              -813.89,
              -493.76
            ],
            [
              -816.52,
              -491.4
            ],
            [
              -819.94,
              -495.19
            ],
            [
              -854.74,
              -531.05
            ],
            [
              -887.16,
              -569.13
            ],
            [
              -922.15,
              -604.83
            ],
            [
              -954.14,
              -643.23
            ],
            [
              -998,
              -689.27
            ],
            [
              -998,
              -743.51
            ],
            [
              -728.27,
              -480.1
            ]
          ]
        ]
      },
      "properties": {
        "id": 147,
        "type": "BACKGROUND",
        "backgroundType": "SHEEP_TEXTURE_TYPE",
        "raised": false
      }
    },
    {
      "type": "Feature",
      "geometry": {
        "type": "Polygon",
        "coordinates": [
          [
            [
              -957.13,
              -640.57
            ],
            [
              -925.12,
              -602.14
            ],
            [
              -890.11,
              -566.43
            ],
            [
              -857.7,
              -528.36
            ],
            [
              -822.86,
              -492.46
            ],
            [
              -819.49,
              -488.72
            ],
            [
              -822.12,
              -486.35
            ],
            [
              -820.8,
              -484.89
            ],
            [
              -873.1,
              -354.92
            ],
            [
              -897.32,
              -364.67
            ],
            [
              -928.43,
              -360.74
            ],
            [
              -956.59,
              -352.1
            ],
            [
              -981.89,
              -337.71
            ],
            [
              -987.09,
              -323.79
            ],
            [
              -998,
              -326.7
            ],
            [
              -998,
              -683.47
            ],
            [
              -957.13,
              -640.57
            ]
          ]
        ]
      },
      "properties": {
        "id": 151,
        "type": "BACKGROUND",
        "backgroundType": "SHEEP_TEXTURE_TYPE",
        "raised": false
      }
    },
    {
      "type": "Feature",
      "geometry": {
        "type": "Polygon",
        "coordinates": [
          [
            [
              -420.26,
              67.62
            ],
            [
              -400.3,
              165.63
            ],
            [
              -397.4,
              178.18
            ],
            [
              -414.98,
              211.11
            ],
            [
              -428.36,
              237.72
            ],
            [
              -526.82,
              188.22
            ],
            [
              -597.79,
              106.95
            ],
            [
              -575.15,
              87.18
            ],
            [
              -422.88,
              55.16
            ],
            [
              -420.26,
              67.62
            ]
          ]
        ]
      },
      "properties": {
        "id": 156,
        "type": "BACKGROUND",
        "backgroundType": "SHEEP_TEXTURE_TYPE",
        "raised": false
      }
    },
    {
      "type": "Feature",
      "geometry": {
        "type": "Polygon",
        "coordinates": [
          [
            [
              550.43,
              -343.36
            ],
            [
              573.55,
              -246.11
            ],
            [
              600.3,
              -149.66
            ],
            [
              604.37,
              -137.82
            ],
            [
              423.55,
              -150.87
            ],
            [
              426.29,
              -188.49
            ],
            [
              429.81,
              -188.22
            ],
            [
              431.16,
              -206.32
            ],
            [
              427.64,
              -206.58
            ],
            [
              428.02,
              -211.61
            ],
            [
              432.94,
              -261.29
            ],
            [
              440.67,
              -310.56
            ],
            [
              451.8,
              -359.25
            ],
            [
              462.2,
              -408.1
            ],
            [
              475.83,
              -456.06
            ],
            [
              493.14,
              -502.8
            ],
            [
              496.93,
              -511.08
            ],
            [
              550.43,
              -343.36
            ]
          ]
        ]
      },
      "properties": {
        "id": 132,
        "type": "BACKGROUND",
        "backgroundType": "WHEAT",
        "raised": false
      }
    },
    {
      "type": "Feature",
      "geometry": {
        "type": "Polygon",
        "coordinates": [
          [
            [
              683.2,
              -998
            ],
            [
              639.81,
              -956.31
            ],
            [
              604.41,
              -920.87
            ],
            [
              577.17,
              -889.21
            ],
            [
              503.01,
              -963.89
            ],
            [
              537.35,
              -998
            ],
            [
              683.2,
              -998
            ]
          ]
        ]
      },
      "properties": {
        "id": 135,
        "type": "BACKGROUND",
        "backgroundType": "WHEAT",
        "raised": false
      }
    },
    {
      "type": "Feature",
      "geometry": {
        "type": "Polygon",
        "coordinates": [
          [
            [
              290.61,
              -616.27
            ],
            [
              282.16,
              -608.57
            ],
            [
              278.26,
              -605.44
            ],
            [
              276.04,
              -608.19
            ],
            [
              261.9,
              -596.83
            ],
            [
              264.12,
              -594.07
            ],
            [
              260.12,
              -590.86
            ],
            [
              222.98,
              -557.18
            ],
            [
              188.18,
              -521.12
            ],
            [
              155.6,
              -483.2
            ],
            [
              50.1,
              -376.75
            ],
            [
              13.09,
              -343.26
            ],
            [
              -17.71,
              -316.92
            ],
            [
              -57.17,
              -330.52
            ],
            [
              262.1,
              -647.57
            ],
            [
              290.61,
              -616.27
            ]
          ]
        ]
      },
      "properties": {
        "id": 139,
        "type": "BACKGROUND",
        "backgroundType": "WHEAT",
        "raised": false
      }
    },
    {
      "type": "Feature",
      "geometry": {
        "type": "Polygon",
        "coordinates": [
          [
            [
              -689.89,
              -511.76
            ],
            [
              -667.89,
              -464.91
            ],
            [
              -643.73,
              -419.31
            ],
            [
              -617.9,
              -374.96
            ],
            [
              -591.08,
              -331.76
            ],
            [
              -534.32,
              -241.48
            ],
            [
              -543.79,
              -183.78
            ],
            [
              -552.07,
              -208.19
            ],
            [
              -556.56,
              -224.93
            ],
            [
              -566.31,
              -239.36
            ],
            [
              -575.53,
              -253.52
            ],
            [
              -582.2,
              -267.19
            ],
            [
              -581.1,
              -268.17
            ],
            [
              -579.65,
              -273.58
            ],
            [
              -579.9,
              -279.39
            ],
            [
              -580.62,
              -284.86
            ],
            [
              -581.76,
              -292.21
            ],
            [
              -584.38,
              -299.3
            ],
            [
              -589.15,
              -304.92
            ],
            [
              -594.97,
              -309.32
            ],
            [
              -601.78,
              -313.1
            ],
            [
              -609.39,
              -314.98
            ],
            [
              -616.77,
              -312.79
            ],
            [
              -623.45,
              -309.31
            ],
            [
              -628.72,
              -307.35
            ],
            [
              -632.69,
              -305.75
            ],
            [
              -657.1,
              -335.32
            ],
            [
              -691.8,
              -371.52
            ],
            [
              -728.96,
              -405.03
            ],
            [
              -763.27,
              -438.53
            ],
            [
              -690.44,
              -513.11
            ],
            [
              -689.89,
              -511.76
            ]
          ]
        ]
      },
      "properties": {
        "id": 143,
        "type": "BACKGROUND",
        "backgroundType": "WHEAT",
        "raised": false
      }
    },
    {
      "type": "Feature",
      "geometry": {
        "type": "Polygon",
        "coordinates": [
          [
            [
              -761.53,
              -759.61
            ],
            [
              -752.39,
              -708.85
            ],
            [
              -740.71,
              -658.48
            ],
            [
              -726.4,
              -608.71
            ],
            [
              -709.44,
              -559.74
            ],
            [
              -692.08,
              -517.15
            ],
            [
              -725.48,
              -482.96
            ],
            [
              -995.87,
              -747.02
            ],
            [
              -876.73,
              -747.02
            ],
            [
              -761.89,
              -762.31
            ],
            [
              -761.53,
              -759.61
            ]
          ]
        ]
      },
      "properties": {
        "id": 146,
        "type": "BACKGROUND",
        "backgroundType": "WHEAT",
        "raised": false
      }
    },
    {
      "type": "Feature",
      "geometry": {
        "type": "Polygon",
        "coordinates": [
          [
            [
              -557.17,
              -211.77
            ],
            [
              -555.9,
              -207.03
            ],
            [
              -545.95,
              -177.71
            ],
            [
              -582.47,
              -144.84
            ],
            [
              -663.65,
              -86.32
            ],
            [
              -682.81,
              -67.45
            ],
            [
              -871.13,
              -258.68
            ],
            [
              -870.42,
              -259.69
            ],
            [
              -864.33,
              -279.78
            ],
            [
              -860.64,
              -293.47
            ],
            [
              -557.17,
              -211.77
            ]
          ]
        ]
      },
      "properties": {
        "id": 148,
        "type": "BACKGROUND",
        "backgroundType": "WHEAT",
        "raised": false
      }
    },
    {
      "type": "Feature",
      "geometry": {
        "type": "Polygon",
        "coordinates": [
          [
            [
              -882.39,
              455.73
            ],
            [
              -998,
              489.72
            ],
            [
              -998,
              172.98
            ],
            [
              -975.66,
              165.79
            ],
            [
              -882.39,
              455.73
            ]
          ]
        ]
      },
      "properties": {
        "id": 158,
        "type": "BACKGROUND",
        "backgroundType": "WHEAT",
        "raised": false
      }
    },
    {
      "type": "Feature",
      "geometry": {
        "type": "Polygon",
        "coordinates": [
          [
            [
              -721.23,
              408.76
            ],
            [
              -878.55,
              454.61
            ],
            [
              -971.96,
              164.24
            ],
            [
              -933.33,
              142.21
            ],
            [
              -932.93,
              172.36
            ],
            [
              -933.87,
              190.58
            ],
            [
              -927.28,
              207.64
            ],
            [
              -920.24,
              224.04
            ],
            [
              -916.31,
              239.56
            ],
            [
              -922.7,
              244.3
            ],
            [
              -933.97,
              261.78
            ],
            [
              -932.94,
              284.5
            ],
            [
              -923.51,
              308.34
            ],
            [
              -910.61,
              325.45
            ],
            [
              -897.71,
              331.4
            ],
            [
              -882.79,
              325.88
            ],
            [
              -870.51,
              316.64
            ],
            [
              -864.04,
              302.35
            ],
            [
              -859.42,
              283.88
            ],
            [
              -858.4,
              264.34
            ],
            [
              -871.02,
              249.22
            ],
            [
              -887.43,
              235.99
            ],
            [
              -907.4,
              232.96
            ],
            [
              -912.84,
              236.99
            ],
            [
              -916.44,
              222.75
            ],
            [
              -923.58,
              206.13
            ],
            [
              -929.83,
              189.94
            ],
            [
              -928.93,
              172.44
            ],
            [
              -929.36,
              139.95
            ],
            [
              -887.96,
              116.34
            ],
            [
              -721.23,
              408.76
            ]
          ]
        ]
      },
      "properties": {
        "id": 159,
        "type": "BACKGROUND",
        "backgroundType": "WHEAT",
        "raised": false
      }
    },
    {
      "type": "Feature",
      "geometry": {
        "type": "Polygon",
        "coordinates": [
          [
            [
              998,
              -82.79
            ],
            [
              843.7,
              -39.75
            ],
            [
              841.8,
              -46.56
            ],
            [
              828.18,
              -42.76
            ],
            [
              830.08,
              -35.95
            ],
            [
              653.98,
              13.18
            ],
            [
              634.67,
              -55.66
            ],
            [
              602.22,
              -150.25
            ],
            [
              575.49,
              -246.61
            ],
            [
              552.36,
              -343.9
            ],
            [
              461.84,
              -627.82
            ],
            [
              471.08,
              -640.04
            ],
            [
              528.17,
              -722.14
            ],
            [
              579.77,
              -807.8
            ],
            [
              632.37,
              -892.85
            ],
            [
              679.37,
              -981.12
            ],
            [
              687.23,
              -998
            ],
            [
              998,
              -998
            ],
            [
              998,
              -82.79
            ]
          ]
        ]
      },
      "properties": {
        "id": 171,
        "type": "BACKGROUND",
        "backgroundType": "FOREST",
        "raised": false
      }
    },
    {
      "type": "Feature",
      "geometry": {
        "type": "Polygon",
        "coordinates": [
          [
            [
              534.52,
              -998
            ],
            [
              463.82,
              -927.8
            ],
            [
              381.36,
              -859.34
            ],
            [
              376.84,
              -864.78
            ],
            [
              365.96,
              -855.75
            ],
            [
              370.48,
              -850.31
            ],
            [
              309.94,
              -800.05
            ],
            [
              237.96,
              -730.64
            ],
            [
              165.08,
              -662.16
            ],
            [
              89.81,
              -596.32
            ],
            [
              19.32,
              -525.39
            ],
            [
              -56.76,
              -460.49
            ],
            [
              -120.9,
              -412.68
            ],
            [
              -127.11,
              -420.15
            ],
            [
              -130.54,
              -422.8
            ],
            [
              -135.36,
              -425.13
            ],
            [
              -142.45,
              -424.83
            ],
            [
              -145.12,
              -424.55
            ],
            [
              -146.73,
              -423.54
            ],
            [
              -148.11,
              -422.16
            ],
            [
              -151.72,
              -417.84
            ],
            [
              -152.76,
              -414.16
            ],
            [
              -153.31,
              -411.61
            ],
            [
              -153.53,
              -409.38
            ],
            [
              -152.87,
              -402.01
            ],
            [
              -152.72,
              -401.32
            ],
            [
              -150.03,
              -399.35
            ],
            [
              -156.43,
              -385.45
            ],
            [
              -162.42,
              -371.36
            ],
            [
              -168.66,
              -357.38
            ],
            [
              -175.62,
              -343.76
            ],
            [
              -182.96,
              -330.33
            ],
            [
              -189.62,
              -316.57
            ],
            [
              -195.28,
              -302.31
            ],
            [
              -199.96,
              -287.56
            ],
            [
              -204.01,
              -272.5
            ],
            [
              -209.22,
              -258.02
            ],
            [
              -216.12,
              -244.37
            ],
            [
              -222.44,
              -230.44
            ],
            [
              -227.96,
              -216.11
            ],
            [
              -237.52,
              -203.78
            ],
            [
              -251.78,
              -193.78
            ],
            [
              -262.17,
              -181.85
            ],
            [
              -268.14,
              -167.75
            ],
            [
              -273.39,
              -153.28
            ],
            [
              -278.98,
              -138.99
            ],
            [
              -284.19,
              -128.41
            ],
            [
              -316.6,
              -142.59
            ],
            [
              -316.57,
              -142.65
            ],
            [
              -398.3,
              -199.08
            ],
            [
              -398.43,
              -199.16
            ],
            [
              -459.83,
              -237.66
            ],
            [
              -456.58,
              -242.83
            ],
            [
              -479.83,
              -282.88
            ],
            [
              -479.98,
              -283.12
            ],
            [
              -519.22,
              -345.77
            ],
            [
              -513.22,
              -349.52
            ],
            [
              -520.73,
              -361.51
            ],
            [
              -526.72,
              -357.76
            ],
            [
              -559.21,
              -409.63
            ],
            [
              -559.21,
              -409.63
            ],
            [
              -583.76,
              -451.7
            ],
            [
              -583.75,
              -451.7
            ],
            [
              -606.47,
              -494.47
            ],
            [
              -606.46,
              -494.48
            ],
            [
              -627.04,
              -538.14
            ],
            [
              -627.03,
              -538.14
            ],
            [
              -645.28,
              -582.74
            ],
            [
              -645.27,
              -582.74
            ],
            [
              -661.1,
              -628.24
            ],
            [
              -661.09,
              -628.25
            ],
            [
              -674.48,
              -674.56
            ],
            [
              -674.46,
              -674.57
            ],
            [
              -685.43,
              -721.59
            ],
            [
              -685.42,
              -721.59
            ],
            [
              -694.05,
              -769.22
            ],
            [
              -694.04,
              -769.22
            ],
            [
              -700.49,
              -817.39
            ],
            [
              -700.49,
              -817.39
            ],
            [
              -705.07,
              -866.1
            ],
            [
              -705.06,
              -866.1
            ],
            [
              -708.25,
              -915.38
            ],
            [
              -708.25,
              -915.38
            ],
            [
              -712.44,
              -998
            ],
            [
              534.52,
              -998
            ]
          ]
        ]
      },
      "properties": {
        "id": 172,
        "type": "BACKGROUND",
        "backgroundType": "FOREST",
        "raised": false
      }
    },
    {
      "type": "Feature",
      "geometry": {
        "type": "Polygon",
        "coordinates": [
          [
            [
              -1000,
              499.17
            ],
            [
              -977.15,
              492.43
            ],
            [
              -929.18,
              478.3
            ],
            [
              -881.2,
              464.24
            ],
            [
              -833.21,
              450.2
            ],
            [
              -785.22,
              436.19
            ],
            [
              -737.2,
              422.25
            ],
            [
              -689.19,
              408.29
            ],
            [
              -641.16,
              394.38
            ],
            [
              -593.14,
              380.45
            ],
            [
              -545.12,
              366.51
            ],
            [
              -497.11,
              352.56
            ],
            [
              -543.31,
              372.7
            ],
            [
              -590.13,
              390.76
            ],
            [
              -637.29,
              407.64
            ],
            [
              -684.67,
              423.76
            ],
            [
              -732.18,
              439.44
            ],
            [
              -779.79,
              454.76
            ],
            [
              -827.46,
              469.89
            ],
            [
              -875.18,
              484.87
            ],
            [
              -922.93,
              499.73
            ],
            [
              -970.69,
              514.53
            ],
            [
              -1000,
              523.57
            ],
            [
              -1000,
              499.17
            ]
          ]
        ]
      },
      "properties": {
        "id": 177,
        "type": "BACKGROUND",
        "backgroundType": "SAND",
        "raised": false
      }
    },
    {
      "type": "Feature",
      "geometry": {
        "type": "Polygon",
        "coordinates": [
          [
            [
              -977.15,
              492.43
            ],
            [
              -929.18,
              478.3
            ],
            [
              -881.2,
              464.24
            ],
            [
              -833.21,
              450.2
            ],
            [
              -785.22,
              436.19
            ],
            [
              -737.2,
              422.25
            ],
            [
              -689.19,
              408.29
            ],
            [
              -641.16,
              394.38
            ],
            [
              -593.14,
              380.45
            ],
            [
              -545.12,
              366.51
            ],
            [
              -497.11,
              352.56
            ],
            [
              -497.11,
              345.06
            ],
            [
              -499.21,
              345.36
            ],
            [
              -978.22,
              484.93
            ],
            [
              -977.15,
              492.43
            ]
          ]
        ]
      },
      "properties": {
        "id": 178,
        "type": "BACKGROUND",
        "backgroundType": "SAND",
        "raised": false
      }
    },
    {
      "type": "Feature",
      "geometry": {
        "type": "Polygon",
        "coordinates": [
          [
            [
              -257.07,
              282.7
            ],
            [
              -209.07,
              268.68
            ],
            [
              -161.07,
              254.7
            ],
            [
              -113.06,
              240.74
            ],
            [
              -65.03,
              226.84
            ],
            [
              -16.99,
              212.97
            ],
            [
              31.06,
              199.15
            ],
            [
              55.09,
              192.26
            ],
            [
              55.09,
              184.76
            ],
            [
              53.01,
              185.06
            ],
            [
              -258.13,
              275.2
            ],
            [
              -257.07,
              282.7
            ]
          ]
        ]
      },
      "properties": {
        "id": 179,
        "type": "BACKGROUND",
        "backgroundType": "SAND",
        "raised": false
      }
    },
    {
      "type": "Feature",
      "geometry": {
        "type": "Polygon",
        "coordinates": [
          [
            [
              79.13,
              185.37
            ],
            [
              127.2,
              171.61
            ],
            [
              175.27,
              157.87
            ],
            [
              223.35,
              144.16
            ],
            [
              271.43,
              130.42
            ],
            [
              319.5,
              116.66
            ],
            [
              367.59,
              102.96
            ],
            [
              415.67,
              89.25
            ],
            [
              463.77,
              75.59
            ],
            [
              511.89,
              62.01
            ],
            [
              560,
              48.41
            ],
            [
              608.13,
              34.87
            ],
            [
              656.28,
              21.37
            ],
            [
              704.42,
              7.86
            ],
            [
              752.57,
              -5.6
            ],
            [
              800.72,
              -19.07
            ],
            [
              848.88,
              -32.53
            ],
            [
              897.05,
              -45.93
            ],
            [
              945.23,
              -59.29
            ],
            [
              993.4,
              -72.69
            ],
            [
              1000,
              -74.52
            ],
            [
              1000,
              -26.78
            ],
            [
              957.56,
              -15.54
            ],
            [
              909.2,
              -2.82
            ],
            [
              860.83,
              9.88
            ],
            [
              812.46,
              22.58
            ],
            [
              764.08,
              35.22
            ],
            [
              715.67,
              47.77
            ],
            [
              667.25,
              60.28
            ],
            [
              618.79,
              72.68
            ],
            [
              570.32,
              85
            ],
            [
              521.82,
              97.23
            ],
            [
              473.26,
              109.27
            ],
            [
              424.67,
              121.18
            ],
            [
              376.03,
              132.9
            ],
            [
              327.29,
              144.29
            ],
            [
              278.46,
              155.36
            ],
            [
              229.49,
              165.93
            ],
            [
              180.33,
              175.83
            ],
            [
              130.95,
              184.92
            ],
            [
              81.24,
              192.86
            ],
            [
              55.09,
              192.26
            ],
            [
              79.13,
              185.37
            ]
          ]
        ]
      },
      "properties": {
        "id": 180,
        "type": "BACKGROUND",
        "backgroundType": "SAND",
        "raised": false
      }
    },
    {
      "type": "Feature",
      "geometry": {
        "type": "Polygon",
        "coordinates": [
          [
            [
              55.09,
              192.26
            ],
            [
              79.13,
              185.37
            ],
            [
              127.2,
              171.61
            ],
            [
              175.27,
              157.87
            ],
            [
              223.35,
              144.16
            ],
            [
              271.43,
              130.42
            ],
            [
              319.5,
              116.66
            ],
            [
              367.59,
              102.96
            ],
            [
              415.67,
              89.25
            ],
            [
              463.77,
              75.59
            ],
            [
              511.89,
              62.01
            ],
            [
              560,
              48.41
            ],
            [
              608.13,
              34.87
            ],
            [
              656.28,
              21.37
            ],
            [
              704.42,
              7.86
            ],
            [
              752.57,
              -5.6
            ],
            [
              800.72,
              -19.07
            ],
            [
              848.88,
              -32.53
            ],
            [
              897.05,
              -45.93
            ],
            [
              945.23,
              -59.29
            ],
            [
              993.4,
              -72.69
            ],
            [
              993.4,
              -80.19
            ],
            [
              991.36,
              -79.91
            ],
            [
              54.06,
              184.76
            ],
            [
              55.09,
              192.26
            ]
          ]
        ]
      },
      "properties": {
        "id": 181,
        "type": "BACKGROUND",
        "backgroundType": "SAND",
        "raised": false
      }
    }
  ]
}